id,method,oracle_feasible,accepted
m0000,audit_only,True,True
m0000,field_match,True,True
m0000,field_match_compressed,True,True
m0000,field_match_acyclic_compressed,True,True
m0000,full,True,True
m0001,audit_only,True,False
m0001,field_match,True,True
m0001,field_match_compressed,True,True
m0001,field_match_acyclic_compressed,True,True
m0001,full,True,True
m0002,audit_only,True,True
m0002,field_match,True,True
m0002,field_match_compressed,True,True
m0002,field_match_acyclic_compressed,True,True
m0002,full,True,True
m0003,audit_only,True,False
m0003,field_match,True,True
m0003,field_match_compressed,True,True
m0003,field_match_acyclic_compressed,True,True
m0003,full,True,True
m0004,audit_only,True,True
m0004,field_match,True,True
m0004,field_match_compressed,True,True
m0004,field_match_acyclic_compressed,True,True
m0004,full,True,True
m0005,audit_only,True,False
m0005,field_match,True,True
m0005,field_match_compressed,True,True
m0005,field_match_acyclic_compressed,True,True
m0005,full,True,True
m0006,audit_only,True,True
m0006,field_match,True,True
m0006,field_match_compressed,True,True
m0006,field_match_acyclic_compressed,True,True
m0006,full,True,True
m0007,audit_only,True,False
m0007,field_match,True,True
m0007,field_match_compressed,True,True
m0007,field_match_acyclic_compressed,True,True
m0007,full,True,True
m0008,audit_only,True,True
m0008,field_match,True,True
m0008,field_match_compressed,True,True
m0008,field_match_acyclic_compressed,True,True
m0008,full,True,True
m0009,audit_only,True,False
m0009,field_match,True,True
m0009,field_match_compressed,True,True
m0009,field_match_acyclic_compressed,True,True
m0009,full,True,True
m0010,audit_only,True,True
m0010,field_match,True,True
m0010,field_match_compressed,True,True
m0010,field_match_acyclic_compressed,True,True
m0010,full,True,True
m0011,audit_only,True,False
m0011,field_match,True,True
m0011,field_match_compressed,True,True
m0011,field_match_acyclic_compressed,True,True
m0011,full,True,True
m0012,audit_only,True,True
m0012,field_match,True,True
m0012,field_match_compressed,True,True
m0012,field_match_acyclic_compressed,True,True
m0012,full,True,True
m0013,audit_only,True,False
m0013,field_match,True,True
m0013,field_match_compressed,True,True
m0013,field_match_acyclic_compressed,True,True
m0013,full,True,True
m0014,audit_only,True,True
m0014,field_match,True,True
m0014,field_match_compressed,True,True
m0014,field_match_acyclic_compressed,True,True
m0014,full,True,True
m0015,audit_only,True,False
m0015,field_match,True,True
m0015,field_match_compressed,True,True
m0015,field_match_acyclic_compressed,True,True
m0015,full,True,True
m0016,audit_only,True,True
m0016,field_match,True,True
m0016,field_match_compressed,True,True
m0016,field_match_acyclic_compressed,True,True
m0016,full,True,True
m0017,audit_only,True,False
m0017,field_match,True,True
m0017,field_match_compressed,True,True
m0017,field_match_acyclic_compressed,True,True
m0017,full,True,True
m0018,audit_only,True,True
m0018,field_match,True,True
m0018,field_match_compressed,True,True
m0018,field_match_acyclic_compressed,True,True
m0018,full,True,True
m0019,audit_only,True,False
m0019,field_match,True,True
m0019,field_match_compressed,True,True
m0019,field_match_acyclic_compressed,True,True
m0019,full,True,True
m0020,audit_only,True,True
m0020,field_match,True,True
m0020,field_match_compressed,True,True
m0020,field_match_acyclic_compressed,True,True
m0020,full,True,True
m0021,audit_only,True,False
m0021,field_match,True,True
m0021,field_match_compressed,True,True
m0021,field_match_acyclic_compressed,True,True
m0021,full,True,True
m0022,audit_only,True,True
m0022,field_match,True,True
m0022,field_match_compressed,True,True
m0022,field_match_acyclic_compressed,True,True
m0022,full,True,True
m0023,audit_only,True,False
m0023,field_match,True,True
m0023,field_match_compressed,True,True
m0023,field_match_acyclic_compressed,True,True
m0023,full,True,True
m0024,audit_only,True,True
m0024,field_match,True,True
m0024,field_match_compressed,True,True
m0024,field_match_acyclic_compressed,True,True
m0024,full,True,True
m0025,audit_only,True,False
m0025,field_match,True,True
m0025,field_match_compressed,True,True
m0025,field_match_acyclic_compressed,True,True
m0025,full,True,True
m0026,audit_only,True,True
m0026,field_match,True,True
m0026,field_match_compressed,True,True
m0026,field_match_acyclic_compressed,True,True
m0026,full,True,True
m0027,audit_only,True,False
m0027,field_match,True,True
m0027,field_match_compressed,True,True
m0027,field_match_acyclic_compressed,True,True
m0027,full,True,True
m0028,audit_only,True,True
m0028,field_match,True,True
m0028,field_match_compressed,True,True
m0028,field_match_acyclic_compressed,True,True
m0028,full,True,True
m0029,audit_only,True,False
m0029,field_match,True,True
m0029,field_match_compressed,True,True
m0029,field_match_acyclic_compressed,True,True
m0029,full,True,True
m0030,audit_only,True,True
m0030,field_match,True,True
m0030,field_match_compressed,True,True
m0030,field_match_acyclic_compressed,True,True
m0030,full,True,True
m0031,audit_only,True,False
m0031,field_match,True,True
m0031,field_match_compressed,True,True
m0031,field_match_acyclic_compressed,True,True
m0031,full,True,True
m0032,audit_only,True,True
m0032,field_match,True,True
m0032,field_match_compressed,True,True
m0032,field_match_acyclic_compressed,True,True
m0032,full,True,True
m0033,audit_only,True,False
m0033,field_match,True,True
m0033,field_match_compressed,True,True
m0033,field_match_acyclic_compressed,True,True
m0033,full,True,True
m0034,audit_only,True,True
m0034,field_match,True,True
m0034,field_match_compressed,True,True
m0034,field_match_acyclic_compressed,True,True
m0034,full,True,True
m0035,audit_only,True,False
m0035,field_match,True,True
m0035,field_match_compressed,True,True
m0035,field_match_acyclic_compressed,True,True
m0035,full,True,True
m0036,audit_only,True,True
m0036,field_match,True,True
m0036,field_match_compressed,True,True
m0036,field_match_acyclic_compressed,True,True
m0036,full,True,True
m0037,audit_only,True,False
m0037,field_match,True,True
m0037,field_match_compressed,True,True
m0037,field_match_acyclic_compressed,True,True
m0037,full,True,True
m0038,audit_only,True,True
m0038,field_match,True,True
m0038,field_match_compressed,True,True
m0038,field_match_acyclic_compressed,True,True
m0038,full,True,True
m0039,audit_only,True,False
m0039,field_match,True,True
m0039,field_match_compressed,True,True
m0039,field_match_acyclic_compressed,True,True
m0039,full,True,True
m0040,audit_only,True,True
m0040,field_match,True,True
m0040,field_match_compressed,True,True
m0040,field_match_acyclic_compressed,True,True
m0040,full,True,True
m0041,audit_only,True,False
m0041,field_match,True,True
m0041,field_match_compressed,True,True
m0041,field_match_acyclic_compressed,True,True
m0041,full,True,True
m0042,audit_only,True,True
m0042,field_match,True,True
m0042,field_match_compressed,True,True
m0042,field_match_acyclic_compressed,True,True
m0042,full,True,True
m0043,audit_only,True,False
m0043,field_match,True,True
m0043,field_match_compressed,True,True
m0043,field_match_acyclic_compressed,True,True
m0043,full,True,True
m0044,audit_only,True,True
m0044,field_match,True,True
m0044,field_match_compressed,True,True
m0044,field_match_acyclic_compressed,True,True
m0044,full,True,True
m0045,audit_only,True,False
m0045,field_match,True,True
m0045,field_match_compressed,True,True
m0045,field_match_acyclic_compressed,True,True
m0045,full,True,True
m0046,audit_only,True,True
m0046,field_match,True,True
m0046,field_match_compressed,True,True
m0046,field_match_acyclic_compressed,True,True
m0046,full,True,True
m0047,audit_only,True,False
m0047,field_match,True,True
m0047,field_match_compressed,True,True
m0047,field_match_acyclic_compressed,True,True
m0047,full,True,True
m0048,audit_only,True,True
m0048,field_match,True,True
m0048,field_match_compressed,True,True
m0048,field_match_acyclic_compressed,True,True
m0048,full,True,True
m0049,audit_only,True,False
m0049,field_match,True,True
m0049,field_match_compressed,True,True
m0049,field_match_acyclic_compressed,True,True
m0049,full,True,True
m0050,audit_only,True,True
m0050,field_match,True,True
m0050,field_match_compressed,True,True
m0050,field_match_acyclic_compressed,True,True
m0050,full,True,True
m0051,audit_only,True,False
m0051,field_match,True,True
m0051,field_match_compressed,True,True
m0051,field_match_acyclic_compressed,True,True
m0051,full,True,True
m0052,audit_only,True,True
m0052,field_match,True,True
m0052,field_match_compressed,True,True
m0052,field_match_acyclic_compressed,True,True
m0052,full,True,True
m0053,audit_only,True,False
m0053,field_match,True,True
m0053,field_match_compressed,True,True
m0053,field_match_acyclic_compressed,True,True
m0053,full,True,True
m0054,audit_only,True,True
m0054,field_match,True,True
m0054,field_match_compressed,True,True
m0054,field_match_acyclic_compressed,True,True
m0054,full,True,True
m0055,audit_only,True,False
m0055,field_match,True,True
m0055,field_match_compressed,True,True
m0055,field_match_acyclic_compressed,True,True
m0055,full,True,True
m0056,audit_only,True,True
m0056,field_match,True,True
m0056,field_match_compressed,True,True
m0056,field_match_acyclic_compressed,True,True
m0056,full,True,True
m0057,audit_only,True,False
m0057,field_match,True,True
m0057,field_match_compressed,True,True
m0057,field_match_acyclic_compressed,True,True
m0057,full,True,True
m0058,audit_only,True,True
m0058,field_match,True,True
m0058,field_match_compressed,True,True
m0058,field_match_acyclic_compressed,True,True
m0058,full,True,True
m0059,audit_only,True,False
m0059,field_match,True,True
m0059,field_match_compressed,True,True
m0059,field_match_acyclic_compressed,True,True
m0059,full,True,True
m0060,audit_only,True,True
m0060,field_match,True,True
m0060,field_match_compressed,True,True
m0060,field_match_acyclic_compressed,True,True
m0060,full,True,True
m0061,audit_only,True,False
m0061,field_match,True,True
m0061,field_match_compressed,True,True
m0061,field_match_acyclic_compressed,True,True
m0061,full,True,True
m0062,audit_only,True,True
m0062,field_match,True,True
m0062,field_match_compressed,True,True
m0062,field_match_acyclic_compressed,True,True
m0062,full,True,True
m0063,audit_only,True,False
m0063,field_match,True,True
m0063,field_match_compressed,True,True
m0063,field_match_acyclic_compressed,True,True
m0063,full,True,True
m0064,audit_only,True,False
m0064,field_match,True,True
m0064,field_match_compressed,True,True
m0064,field_match_acyclic_compressed,True,True
m0064,full,True,True
m0065,audit_only,True,False
m0065,field_match,True,True
m0065,field_match_compressed,True,True
m0065,field_match_acyclic_compressed,True,True
m0065,full,True,True
m0066,audit_only,True,False
m0066,field_match,True,True
m0066,field_match_compressed,True,True
m0066,field_match_acyclic_compressed,True,True
m0066,full,True,True
m0067,audit_only,True,False
m0067,field_match,True,True
m0067,field_match_compressed,True,True
m0067,field_match_acyclic_compressed,True,True
m0067,full,True,True
m0068,audit_only,True,False
m0068,field_match,True,True
m0068,field_match_compressed,True,True
m0068,field_match_acyclic_compressed,True,True
m0068,full,True,True
m0069,audit_only,True,False
m0069,field_match,True,True
m0069,field_match_compressed,True,True
m0069,field_match_acyclic_compressed,True,True
m0069,full,True,True
m0070,audit_only,True,False
m0070,field_match,True,True
m0070,field_match_compressed,True,True
m0070,field_match_acyclic_compressed,True,True
m0070,full,True,True
m0071,audit_only,True,False
m0071,field_match,True,True
m0071,field_match_compressed,True,True
m0071,field_match_acyclic_compressed,True,True
m0071,full,True,True
m0072,audit_only,True,False
m0072,field_match,True,True
m0072,field_match_compressed,True,True
m0072,field_match_acyclic_compressed,True,True
m0072,full,True,True
m0073,audit_only,True,False
m0073,field_match,True,True
m0073,field_match_compressed,True,True
m0073,field_match_acyclic_compressed,True,True
m0073,full,True,True
m0074,audit_only,True,False
m0074,field_match,True,True
m0074,field_match_compressed,True,True
m0074,field_match_acyclic_compressed,True,True
m0074,full,True,True
m0075,audit_only,True,False
m0075,field_match,True,True
m0075,field_match_compressed,True,True
m0075,field_match_acyclic_compressed,True,True
m0075,full,True,True
m0076,audit_only,True,False
m0076,field_match,True,True
m0076,field_match_compressed,True,True
m0076,field_match_acyclic_compressed,True,True
m0076,full,True,True
m0077,audit_only,True,False
m0077,field_match,True,True
m0077,field_match_compressed,True,True
m0077,field_match_acyclic_compressed,True,True
m0077,full,True,True
m0078,audit_only,True,False
m0078,field_match,True,True
m0078,field_match_compressed,True,True
m0078,field_match_acyclic_compressed,True,True
m0078,full,True,True
m0079,audit_only,True,False
m0079,field_match,True,True
m0079,field_match_compressed,True,True
m0079,field_match_acyclic_compressed,True,True
m0079,full,True,True
m0080,audit_only,True,False
m0080,field_match,True,True
m0080,field_match_compressed,True,True
m0080,field_match_acyclic_compressed,True,True
m0080,full,True,True
m0081,audit_only,True,False
m0081,field_match,True,True
m0081,field_match_compressed,True,True
m0081,field_match_acyclic_compressed,True,True
m0081,full,True,True
m0082,audit_only,True,False
m0082,field_match,True,True
m0082,field_match_compressed,True,True
m0082,field_match_acyclic_compressed,True,True
m0082,full,True,True
m0083,audit_only,True,False
m0083,field_match,True,True
m0083,field_match_compressed,True,True
m0083,field_match_acyclic_compressed,True,True
m0083,full,True,True
m0084,audit_only,True,False
m0084,field_match,True,True
m0084,field_match_compressed,True,True
m0084,field_match_acyclic_compressed,True,True
m0084,full,True,True
m0085,audit_only,True,False
m0085,field_match,True,True
m0085,field_match_compressed,True,True
m0085,field_match_acyclic_compressed,True,True
m0085,full,True,True
m0086,audit_only,True,False
m0086,field_match,True,True
m0086,field_match_compressed,True,True
m0086,field_match_acyclic_compressed,True,True
m0086,full,True,True
m0087,audit_only,True,False
m0087,field_match,True,True
m0087,field_match_compressed,True,True
m0087,field_match_acyclic_compressed,True,True
m0087,full,True,True
m0088,audit_only,True,False
m0088,field_match,True,True
m0088,field_match_compressed,True,True
m0088,field_match_acyclic_compressed,True,True
m0088,full,True,True
m0089,audit_only,True,False
m0089,field_match,True,True
m0089,field_match_compressed,True,True
m0089,field_match_acyclic_compressed,True,True
m0089,full,True,True
m0090,audit_only,True,False
m0090,field_match,True,True
m0090,field_match_compressed,True,True
m0090,field_match_acyclic_compressed,True,True
m0090,full,True,True
m0091,audit_only,True,False
m0091,field_match,True,True
m0091,field_match_compressed,True,True
m0091,field_match_acyclic_compressed,True,True
m0091,full,True,True
m0092,audit_only,True,False
m0092,field_match,True,True
m0092,field_match_compressed,True,True
m0092,field_match_acyclic_compressed,True,True
m0092,full,True,True
m0093,audit_only,True,False
m0093,field_match,True,True
m0093,field_match_compressed,True,True
m0093,field_match_acyclic_compressed,True,True
m0093,full,True,True
m0094,audit_only,True,False
m0094,field_match,True,True
m0094,field_match_compressed,True,True
m0094,field_match_acyclic_compressed,True,True
m0094,full,True,True
m0095,audit_only,True,False
m0095,field_match,True,True
m0095,field_match_compressed,True,True
m0095,field_match_acyclic_compressed,True,True
m0095,full,True,True
m0096,audit_only,True,False
m0096,field_match,True,True
m0096,field_match_compressed,True,True
m0096,field_match_acyclic_compressed,True,True
m0096,full,True,True
m0097,audit_only,True,False
m0097,field_match,True,True
m0097,field_match_compressed,True,True
m0097,field_match_acyclic_compressed,True,True
m0097,full,True,True
m0098,audit_only,True,False
m0098,field_match,True,True
m0098,field_match_compressed,True,True
m0098,field_match_acyclic_compressed,True,True
m0098,full,True,True
m0099,audit_only,True,False
m0099,field_match,True,True
m0099,field_match_compressed,True,True
m0099,field_match_acyclic_compressed,True,True
m0099,full,True,True
m0100,audit_only,True,False
m0100,field_match,True,True
m0100,field_match_compressed,True,True
m0100,field_match_acyclic_compressed,True,True
m0100,full,True,True
m0101,audit_only,True,False
m0101,field_match,True,True
m0101,field_match_compressed,True,True
m0101,field_match_acyclic_compressed,True,True
m0101,full,True,True
m0102,audit_only,True,False
m0102,field_match,True,True
m0102,field_match_compressed,True,True
m0102,field_match_acyclic_compressed,True,True
m0102,full,True,True
m0103,audit_only,True,False
m0103,field_match,True,True
m0103,field_match_compressed,True,True
m0103,field_match_acyclic_compressed,True,True
m0103,full,True,True
m0104,audit_only,True,False
m0104,field_match,True,True
m0104,field_match_compressed,True,True
m0104,field_match_acyclic_compressed,True,True
m0104,full,True,True
m0105,audit_only,True,False
m0105,field_match,True,True
m0105,field_match_compressed,True,True
m0105,field_match_acyclic_compressed,True,True
m0105,full,True,True
m0106,audit_only,True,False
m0106,field_match,True,True
m0106,field_match_compressed,True,True
m0106,field_match_acyclic_compressed,True,True
m0106,full,True,True
m0107,audit_only,True,False
m0107,field_match,True,True
m0107,field_match_compressed,True,True
m0107,field_match_acyclic_compressed,True,True
m0107,full,True,True
m0108,audit_only,True,False
m0108,field_match,True,True
m0108,field_match_compressed,True,True
m0108,field_match_acyclic_compressed,True,True
m0108,full,True,True
m0109,audit_only,True,False
m0109,field_match,True,True
m0109,field_match_compressed,True,True
m0109,field_match_acyclic_compressed,True,True
m0109,full,True,True
m0110,audit_only,True,False
m0110,field_match,True,True
m0110,field_match_compressed,True,True
m0110,field_match_acyclic_compressed,True,True
m0110,full,True,True
m0111,audit_only,True,False
m0111,field_match,True,True
m0111,field_match_compressed,True,True
m0111,field_match_acyclic_compressed,True,True
m0111,full,True,True
m0112,audit_only,False,False
m0112,field_match,False,False
m0112,field_match_compressed,False,False
m0112,field_match_acyclic_compressed,False,False
m0112,full,False,False
m0113,audit_only,False,False
m0113,field_match,False,False
m0113,field_match_compressed,False,False
m0113,field_match_acyclic_compressed,False,False
m0113,full,False,False
m0114,audit_only,False,False
m0114,field_match,False,False
m0114,field_match_compressed,False,False
m0114,field_match_acyclic_compressed,False,False
m0114,full,False,False
m0115,audit_only,False,False
m0115,field_match,False,False
m0115,field_match_compressed,False,False
m0115,field_match_acyclic_compressed,False,False
m0115,full,False,False
m0116,audit_only,False,False
m0116,field_match,False,False
m0116,field_match_compressed,False,False
m0116,field_match_acyclic_compressed,False,False
m0116,full,False,False
m0117,audit_only,False,False
m0117,field_match,False,False
m0117,field_match_compressed,False,False
m0117,field_match_acyclic_compressed,False,False
m0117,full,False,False
m0118,audit_only,False,False
m0118,field_match,False,False
m0118,field_match_compressed,False,False
m0118,field_match_acyclic_compressed,False,False
m0118,full,False,False
m0119,audit_only,False,False
m0119,field_match,False,False
m0119,field_match_compressed,False,False
m0119,field_match_acyclic_compressed,False,False
m0119,full,False,False
m0120,audit_only,False,False
m0120,field_match,False,False
m0120,field_match_compressed,False,False
m0120,field_match_acyclic_compressed,False,False
m0120,full,False,False
m0121,audit_only,False,False
m0121,field_match,False,False
m0121,field_match_compressed,False,False
m0121,field_match_acyclic_compressed,False,False
m0121,full,False,False
m0122,audit_only,False,False
m0122,field_match,False,False
m0122,field_match_compressed,False,False
m0122,field_match_acyclic_compressed,False,False
m0122,full,False,False
m0123,audit_only,False,False
m0123,field_match,False,False
m0123,field_match_compressed,False,False
m0123,field_match_acyclic_compressed,False,False
m0123,full,False,False
m0124,audit_only,False,False
m0124,field_match,False,False
m0124,field_match_compressed,False,False
m0124,field_match_acyclic_compressed,False,False
m0124,full,False,False
m0125,audit_only,False,False
m0125,field_match,False,False
m0125,field_match_compressed,False,False
m0125,field_match_acyclic_compressed,False,False
m0125,full,False,False
m0126,audit_only,False,False
m0126,field_match,False,False
m0126,field_match_compressed,False,False
m0126,field_match_acyclic_compressed,False,False
m0126,full,False,False
m0127,audit_only,False,False
m0127,field_match,False,False
m0127,field_match_compressed,False,False
m0127,field_match_acyclic_compressed,False,False
m0127,full,False,False
m0128,audit_only,False,False
m0128,field_match,False,False
m0128,field_match_compressed,False,False
m0128,field_match_acyclic_compressed,False,False
m0128,full,False,False
m0129,audit_only,False,False
m0129,field_match,False,False
m0129,field_match_compressed,False,False
m0129,field_match_acyclic_compressed,False,False
m0129,full,False,False
m0130,audit_only,False,False
m0130,field_match,False,False
m0130,field_match_compressed,False,False
m0130,field_match_acyclic_compressed,False,False
m0130,full,False,False
m0131,audit_only,False,False
m0131,field_match,False,False
m0131,field_match_compressed,False,False
m0131,field_match_acyclic_compressed,False,False
m0131,full,False,False
m0132,audit_only,False,False
m0132,field_match,False,False
m0132,field_match_compressed,False,False
m0132,field_match_acyclic_compressed,False,False
m0132,full,False,False
m0133,audit_only,False,False
m0133,field_match,False,False
m0133,field_match_compressed,False,False
m0133,field_match_acyclic_compressed,False,False
m0133,full,False,False
m0134,audit_only,False,False
m0134,field_match,False,False
m0134,field_match_compressed,False,False
m0134,field_match_acyclic_compressed,False,False
m0134,full,False,False
m0135,audit_only,False,False
m0135,field_match,False,False
m0135,field_match_compressed,False,False
m0135,field_match_acyclic_compressed,False,False
m0135,full,False,False
m0136,audit_only,False,False
m0136,field_match,False,False
m0136,field_match_compressed,False,False
m0136,field_match_acyclic_compressed,False,False
m0136,full,False,False
m0137,audit_only,False,False
m0137,field_match,False,False
m0137,field_match_compressed,False,False
m0137,field_match_acyclic_compressed,False,False
m0137,full,False,False
m0138,audit_only,False,False
m0138,field_match,False,False
m0138,field_match_compressed,False,False
m0138,field_match_acyclic_compressed,False,False
m0138,full,False,False
m0139,audit_only,False,False
m0139,field_match,False,False
m0139,field_match_compressed,False,False
m0139,field_match_acyclic_compressed,False,False
m0139,full,False,False
m0140,audit_only,False,False
m0140,field_match,False,False
m0140,field_match_compressed,False,False
m0140,field_match_acyclic_compressed,False,False
m0140,full,False,False
m0141,audit_only,False,False
m0141,field_match,False,False
m0141,field_match_compressed,False,False
m0141,field_match_acyclic_compressed,False,False
m0141,full,False,False
m0142,audit_only,False,False
m0142,field_match,False,False
m0142,field_match_compressed,False,False
m0142,field_match_acyclic_compressed,False,False
m0142,full,False,False
m0143,audit_only,False,False
m0143,field_match,False,False
m0143,field_match_compressed,False,False
m0143,field_match_acyclic_compressed,False,False
m0143,full,False,False
m0144,audit_only,True,False
m0144,field_match,True,True
m0144,field_match_compressed,True,True
m0144,field_match_acyclic_compressed,True,True
m0144,full,True,True
m0145,audit_only,True,False
m0145,field_match,True,True
m0145,field_match_compressed,True,True
m0145,field_match_acyclic_compressed,True,True
m0145,full,True,True
m0146,audit_only,True,False
m0146,field_match,True,True
m0146,field_match_compressed,True,True
m0146,field_match_acyclic_compressed,True,True
m0146,full,True,True
m0147,audit_only,True,False
m0147,field_match,True,True
m0147,field_match_compressed,True,True
m0147,field_match_acyclic_compressed,True,True
m0147,full,True,True
m0148,audit_only,True,False
m0148,field_match,True,True
m0148,field_match_compressed,True,True
m0148,field_match_acyclic_compressed,True,True
m0148,full,True,True
m0149,audit_only,True,False
m0149,field_match,True,True
m0149,field_match_compressed,True,True
m0149,field_match_acyclic_compressed,True,True
m0149,full,True,True
m0150,audit_only,True,False
m0150,field_match,True,True
m0150,field_match_compressed,True,True
m0150,field_match_acyclic_compressed,True,True
m0150,full,True,True
m0151,audit_only,True,False
m0151,field_match,True,True
m0151,field_match_compressed,True,True
m0151,field_match_acyclic_compressed,True,True
m0151,full,True,True
m0152,audit_only,True,False
m0152,field_match,True,True
m0152,field_match_compressed,True,True
m0152,field_match_acyclic_compressed,True,True
m0152,full,True,True
m0153,audit_only,True,False
m0153,field_match,True,True
m0153,field_match_compressed,True,True
m0153,field_match_acyclic_compressed,True,True
m0153,full,True,True
m0154,audit_only,True,False
m0154,field_match,True,True
m0154,field_match_compressed,True,True
m0154,field_match_acyclic_compressed,True,True
m0154,full,True,True
m0155,audit_only,True,False
m0155,field_match,True,True
m0155,field_match_compressed,True,True
m0155,field_match_acyclic_compressed,True,True
m0155,full,True,True
m0156,audit_only,True,False
m0156,field_match,True,True
m0156,field_match_compressed,True,True
m0156,field_match_acyclic_compressed,True,True
m0156,full,True,True
m0157,audit_only,True,False
m0157,field_match,True,True
m0157,field_match_compressed,True,True
m0157,field_match_acyclic_compressed,True,True
m0157,full,True,True
m0158,audit_only,True,False
m0158,field_match,True,True
m0158,field_match_compressed,True,True
m0158,field_match_acyclic_compressed,True,True
m0158,full,True,True
m0159,audit_only,True,False
m0159,field_match,True,True
m0159,field_match_compressed,True,True
m0159,field_match_acyclic_compressed,True,True
m0159,full,True,True
m0160,audit_only,True,False
m0160,field_match,True,True
m0160,field_match_compressed,True,True
m0160,field_match_acyclic_compressed,True,True
m0160,full,True,True
m0161,audit_only,True,False
m0161,field_match,True,True
m0161,field_match_compressed,True,True
m0161,field_match_acyclic_compressed,True,True
m0161,full,True,True
m0162,audit_only,True,False
m0162,field_match,True,True
m0162,field_match_compressed,True,True
m0162,field_match_acyclic_compressed,True,True
m0162,full,True,True
m0163,audit_only,True,False
m0163,field_match,True,True
m0163,field_match_compressed,True,True
m0163,field_match_acyclic_compressed,True,True
m0163,full,True,True
m0164,audit_only,True,False
m0164,field_match,True,True
m0164,field_match_compressed,True,True
m0164,field_match_acyclic_compressed,True,True
m0164,full,True,True
m0165,audit_only,True,False
m0165,field_match,True,True
m0165,field_match_compressed,True,True
m0165,field_match_acyclic_compressed,True,True
m0165,full,True,True
m0166,audit_only,True,False
m0166,field_match,True,True
m0166,field_match_compressed,True,True
m0166,field_match_acyclic_compressed,True,True
m0166,full,True,True
m0167,audit_only,True,False
m0167,field_match,True,True
m0167,field_match_compressed,True,True
m0167,field_match_acyclic_compressed,True,True
m0167,full,True,True
m0168,audit_only,True,False
m0168,field_match,True,True
m0168,field_match_compressed,True,True
m0168,field_match_acyclic_compressed,True,True
m0168,full,True,True
m0169,audit_only,True,False
m0169,field_match,True,True
m0169,field_match_compressed,True,True
m0169,field_match_acyclic_compressed,True,True
m0169,full,True,True
m0170,audit_only,True,False
m0170,field_match,True,True
m0170,field_match_compressed,True,True
m0170,field_match_acyclic_compressed,True,True
m0170,full,True,True
m0171,audit_only,True,False
m0171,field_match,True,True
m0171,field_match_compressed,True,True
m0171,field_match_acyclic_compressed,True,True
m0171,full,True,True
m0172,audit_only,True,False
m0172,field_match,True,True
m0172,field_match_compressed,True,True
m0172,field_match_acyclic_compressed,True,True
m0172,full,True,True
m0173,audit_only,True,False
m0173,field_match,True,True
m0173,field_match_compressed,True,True
m0173,field_match_acyclic_compressed,True,True
m0173,full,True,True
m0174,audit_only,True,False
m0174,field_match,True,True
m0174,field_match_compressed,True,True
m0174,field_match_acyclic_compressed,True,True
m0174,full,True,True
m0175,audit_only,True,False
m0175,field_match,True,True
m0175,field_match_compressed,True,True
m0175,field_match_acyclic_compressed,True,True
m0175,full,True,True
m0176,audit_only,True,False
m0176,field_match,True,True
m0176,field_match_compressed,True,True
m0176,field_match_acyclic_compressed,True,True
m0176,full,True,True
m0177,audit_only,True,False
m0177,field_match,True,True
m0177,field_match_compressed,True,True
m0177,field_match_acyclic_compressed,True,True
m0177,full,True,True
m0178,audit_only,True,False
m0178,field_match,True,True
m0178,field_match_compressed,True,True
m0178,field_match_acyclic_compressed,True,True
m0178,full,True,True
m0179,audit_only,True,False
m0179,field_match,True,True
m0179,field_match_compressed,True,True
m0179,field_match_acyclic_compressed,True,True
m0179,full,True,True
m0180,audit_only,True,False
m0180,field_match,True,True
m0180,field_match_compressed,True,True
m0180,field_match_acyclic_compressed,True,True
m0180,full,True,True
m0181,audit_only,True,False
m0181,field_match,True,True
m0181,field_match_compressed,True,True
m0181,field_match_acyclic_compressed,True,True
m0181,full,True,True
m0182,audit_only,True,False
m0182,field_match,True,True
m0182,field_match_compressed,True,True
m0182,field_match_acyclic_compressed,True,True
m0182,full,True,True
m0183,audit_only,True,False
m0183,field_match,True,True
m0183,field_match_compressed,True,True
m0183,field_match_acyclic_compressed,True,True
m0183,full,True,True
m0184,audit_only,True,False
m0184,field_match,True,True
m0184,field_match_compressed,True,True
m0184,field_match_acyclic_compressed,True,True
m0184,full,True,True
m0185,audit_only,True,False
m0185,field_match,True,True
m0185,field_match_compressed,True,True
m0185,field_match_acyclic_compressed,True,True
m0185,full,True,True
m0186,audit_only,True,False
m0186,field_match,True,True
m0186,field_match_compressed,True,True
m0186,field_match_acyclic_compressed,True,True
m0186,full,True,True
m0187,audit_only,True,False
m0187,field_match,True,True
m0187,field_match_compressed,True,True
m0187,field_match_acyclic_compressed,True,True
m0187,full,True,True
m0188,audit_only,True,False
m0188,field_match,True,True
m0188,field_match_compressed,True,True
m0188,field_match_acyclic_compressed,True,True
m0188,full,True,True
m0189,audit_only,True,False
m0189,field_match,True,True
m0189,field_match_compressed,True,True
m0189,field_match_acyclic_compressed,True,True
m0189,full,True,True
m0190,audit_only,True,False
m0190,field_match,True,True
m0190,field_match_compressed,True,True
m0190,field_match_acyclic_compressed,True,True
m0190,full,True,True
m0191,audit_only,True,False
m0191,field_match,True,True
m0191,field_match_compressed,True,True
m0191,field_match_acyclic_compressed,True,True
m0191,full,True,True
m0192,audit_only,True,False
m0192,field_match,True,True
m0192,field_match_compressed,True,True
m0192,field_match_acyclic_compressed,True,True
m0192,full,True,True
m0193,audit_only,True,False
m0193,field_match,True,True
m0193,field_match_compressed,True,True
m0193,field_match_acyclic_compressed,True,True
m0193,full,True,True
m0194,audit_only,True,False
m0194,field_match,True,True
m0194,field_match_compressed,True,True
m0194,field_match_acyclic_compressed,True,True
m0194,full,True,True
m0195,audit_only,True,False
m0195,field_match,True,True
m0195,field_match_compressed,True,True
m0195,field_match_acyclic_compressed,True,True
m0195,full,True,True
m0196,audit_only,True,False
m0196,field_match,True,True
m0196,field_match_compressed,True,True
m0196,field_match_acyclic_compressed,True,True
m0196,full,True,True
m0197,audit_only,True,False
m0197,field_match,True,True
m0197,field_match_compressed,True,True
m0197,field_match_acyclic_compressed,True,True
m0197,full,True,True
m0198,audit_only,True,False
m0198,field_match,True,True
m0198,field_match_compressed,True,True
m0198,field_match_acyclic_compressed,True,True
m0198,full,True,True
m0199,audit_only,True,False
m0199,field_match,True,True
m0199,field_match_compressed,True,True
m0199,field_match_acyclic_compressed,True,True
m0199,full,True,True
m0200,audit_only,True,False
m0200,field_match,True,True
m0200,field_match_compressed,True,True
m0200,field_match_acyclic_compressed,True,True
m0200,full,True,True
m0201,audit_only,True,False
m0201,field_match,True,True
m0201,field_match_compressed,True,True
m0201,field_match_acyclic_compressed,True,True
m0201,full,True,True
m0202,audit_only,True,False
m0202,field_match,True,True
m0202,field_match_compressed,True,True
m0202,field_match_acyclic_compressed,True,True
m0202,full,True,True
m0203,audit_only,True,False
m0203,field_match,True,True
m0203,field_match_compressed,True,True
m0203,field_match_acyclic_compressed,True,True
m0203,full,True,True
m0204,audit_only,True,False
m0204,field_match,True,True
m0204,field_match_compressed,True,True
m0204,field_match_acyclic_compressed,True,True
m0204,full,True,True
m0205,audit_only,True,False
m0205,field_match,True,True
m0205,field_match_compressed,True,True
m0205,field_match_acyclic_compressed,True,True
m0205,full,True,True
m0206,audit_only,True,False
m0206,field_match,True,True
m0206,field_match_compressed,True,True
m0206,field_match_acyclic_compressed,True,True
m0206,full,True,True
m0207,audit_only,True,False
m0207,field_match,True,True
m0207,field_match_compressed,True,True
m0207,field_match_acyclic_compressed,True,True
m0207,full,True,True
m0208,audit_only,True,False
m0208,field_match,True,True
m0208,field_match_compressed,True,True
m0208,field_match_acyclic_compressed,True,True
m0208,full,True,True
m0209,audit_only,True,False
m0209,field_match,True,True
m0209,field_match_compressed,True,True
m0209,field_match_acyclic_compressed,True,True
m0209,full,True,True
m0210,audit_only,True,False
m0210,field_match,True,True
m0210,field_match_compressed,True,True
m0210,field_match_acyclic_compressed,True,True
m0210,full,True,True
m0211,audit_only,True,False
m0211,field_match,True,True
m0211,field_match_compressed,True,True
m0211,field_match_acyclic_compressed,True,True
m0211,full,True,True
m0212,audit_only,True,False
m0212,field_match,True,True
m0212,field_match_compressed,True,True
m0212,field_match_acyclic_compressed,True,True
m0212,full,True,True
m0213,audit_only,True,False
m0213,field_match,True,True
m0213,field_match_compressed,True,True
m0213,field_match_acyclic_compressed,True,True
m0213,full,True,True
m0214,audit_only,True,False
m0214,field_match,True,True
m0214,field_match_compressed,True,True
m0214,field_match_acyclic_compressed,True,True
m0214,full,True,True
m0215,audit_only,True,False
m0215,field_match,True,True
m0215,field_match_compressed,True,True
m0215,field_match_acyclic_compressed,True,True
m0215,full,True,True
m0216,audit_only,True,False
m0216,field_match,True,True
m0216,field_match_compressed,True,True
m0216,field_match_acyclic_compressed,True,True
m0216,full,True,True
m0217,audit_only,True,False
m0217,field_match,True,True
m0217,field_match_compressed,True,True
m0217,field_match_acyclic_compressed,True,True
m0217,full,True,True
m0218,audit_only,True,False
m0218,field_match,True,True
m0218,field_match_compressed,True,True
m0218,field_match_acyclic_compressed,True,True
m0218,full,True,True
m0219,audit_only,True,False
m0219,field_match,True,True
m0219,field_match_compressed,True,True
m0219,field_match_acyclic_compressed,True,True
m0219,full,True,True
m0220,audit_only,True,False
m0220,field_match,True,True
m0220,field_match_compressed,True,True
m0220,field_match_acyclic_compressed,True,True
m0220,full,True,True
m0221,audit_only,True,False
m0221,field_match,True,True
m0221,field_match_compressed,True,True
m0221,field_match_acyclic_compressed,True,True
m0221,full,True,True
m0222,audit_only,True,False
m0222,field_match,True,True
m0222,field_match_compressed,True,True
m0222,field_match_acyclic_compressed,True,True
m0222,full,True,True
m0223,audit_only,True,False
m0223,field_match,True,True
m0223,field_match_compressed,True,True
m0223,field_match_acyclic_compressed,True,True
m0223,full,True,True
m0224,audit_only,True,False
m0224,field_match,True,True
m0224,field_match_compressed,True,True
m0224,field_match_acyclic_compressed,True,True
m0224,full,True,True
m0225,audit_only,True,False
m0225,field_match,True,True
m0225,field_match_compressed,True,True
m0225,field_match_acyclic_compressed,True,True
m0225,full,True,True
m0226,audit_only,True,False
m0226,field_match,True,True
m0226,field_match_compressed,True,True
m0226,field_match_acyclic_compressed,True,True
m0226,full,True,True
m0227,audit_only,True,False
m0227,field_match,True,True
m0227,field_match_compressed,True,True
m0227,field_match_acyclic_compressed,True,True
m0227,full,True,True
m0228,audit_only,True,False
m0228,field_match,True,True
m0228,field_match_compressed,True,True
m0228,field_match_acyclic_compressed,True,True
m0228,full,True,True
m0229,audit_only,True,False
m0229,field_match,True,True
m0229,field_match_compressed,True,True
m0229,field_match_acyclic_compressed,True,True
m0229,full,True,True
m0230,audit_only,True,False
m0230,field_match,True,True
m0230,field_match_compressed,True,True
m0230,field_match_acyclic_compressed,True,True
m0230,full,True,True
m0231,audit_only,True,False
m0231,field_match,True,True
m0231,field_match_compressed,True,True
m0231,field_match_acyclic_compressed,True,True
m0231,full,True,True
m0232,audit_only,False,False
m0232,field_match,False,False
m0232,field_match_compressed,False,False
m0232,field_match_acyclic_compressed,False,False
m0232,full,False,False
m0233,audit_only,False,False
m0233,field_match,False,False
m0233,field_match_compressed,False,False
m0233,field_match_acyclic_compressed,False,False
m0233,full,False,False
m0234,audit_only,False,False
m0234,field_match,False,False
m0234,field_match_compressed,False,False
m0234,field_match_acyclic_compressed,False,False
m0234,full,False,False
m0235,audit_only,False,False
m0235,field_match,False,False
m0235,field_match_compressed,False,False
m0235,field_match_acyclic_compressed,False,False
m0235,full,False,False
m0236,audit_only,False,False
m0236,field_match,False,False
m0236,field_match_compressed,False,False
m0236,field_match_acyclic_compressed,False,False
m0236,full,False,False
m0237,audit_only,False,False
m0237,field_match,False,False
m0237,field_match_compressed,False,False
m0237,field_match_acyclic_compressed,False,False
m0237,full,False,False
m0238,audit_only,False,False
m0238,field_match,False,False
m0238,field_match_compressed,False,False
m0238,field_match_acyclic_compressed,False,False
m0238,full,False,False
m0239,audit_only,False,False
m0239,field_match,False,False
m0239,field_match_compressed,False,False
m0239,field_match_acyclic_compressed,False,False
m0239,full,False,False
m0240,audit_only,True,False
m0240,field_match,True,True
m0240,field_match_compressed,True,True
m0240,field_match_acyclic_compressed,True,True
m0240,full,True,True
m0241,audit_only,True,False
m0241,field_match,True,True
m0241,field_match_compressed,True,True
m0241,field_match_acyclic_compressed,True,True
m0241,full,True,True
m0242,audit_only,True,False
m0242,field_match,True,True
m0242,field_match_compressed,True,True
m0242,field_match_acyclic_compressed,True,True
m0242,full,True,True
m0243,audit_only,True,False
m0243,field_match,True,True
m0243,field_match_compressed,True,True
m0243,field_match_acyclic_compressed,True,True
m0243,full,True,True
m0244,audit_only,True,False
m0244,field_match,True,True
m0244,field_match_compressed,True,True
m0244,field_match_acyclic_compressed,True,True
m0244,full,True,True
m0245,audit_only,True,False
m0245,field_match,True,True
m0245,field_match_compressed,True,True
m0245,field_match_acyclic_compressed,True,True
m0245,full,True,True
m0246,audit_only,True,False
m0246,field_match,True,True
m0246,field_match_compressed,True,True
m0246,field_match_acyclic_compressed,True,True
m0246,full,True,True
m0247,audit_only,True,False
m0247,field_match,True,True
m0247,field_match_compressed,True,True
m0247,field_match_acyclic_compressed,True,True
m0247,full,True,True
m0248,audit_only,False,False
m0248,field_match,False,False
m0248,field_match_compressed,False,False
m0248,field_match_acyclic_compressed,False,False
m0248,full,False,False
m0249,audit_only,False,False
m0249,field_match,False,False
m0249,field_match_compressed,False,False
m0249,field_match_acyclic_compressed,False,False
m0249,full,False,False
m0250,audit_only,False,False
m0250,field_match,False,False
m0250,field_match_compressed,False,False
m0250,field_match_acyclic_compressed,False,False
m0250,full,False,False
m0251,audit_only,False,False
m0251,field_match,False,False
m0251,field_match_compressed,False,False
m0251,field_match_acyclic_compressed,False,False
m0251,full,False,False
m0252,audit_only,False,False
m0252,field_match,False,False
m0252,field_match_compressed,False,False
m0252,field_match_acyclic_compressed,False,False
m0252,full,False,False
m0253,audit_only,False,False
m0253,field_match,False,False
m0253,field_match_compressed,False,False
m0253,field_match_acyclic_compressed,False,False
m0253,full,False,False
m0254,audit_only,False,False
m0254,field_match,False,False
m0254,field_match_compressed,False,False
m0254,field_match_acyclic_compressed,False,False
m0254,full,False,False
m0255,audit_only,False,False
m0255,field_match,False,False
m0255,field_match_compressed,False,False
m0255,field_match_acyclic_compressed,False,False
m0255,full,False,False
m0256,audit_only,True,False
m0256,field_match,True,True
m0256,field_match_compressed,True,True
m0256,field_match_acyclic_compressed,True,True
m0256,full,True,True
m0257,audit_only,True,False
m0257,field_match,True,True
m0257,field_match_compressed,True,True
m0257,field_match_acyclic_compressed,True,True
m0257,full,True,True
m0258,audit_only,True,False
m0258,field_match,True,True
m0258,field_match_compressed,True,True
m0258,field_match_acyclic_compressed,True,True
m0258,full,True,True
m0259,audit_only,True,False
m0259,field_match,True,True
m0259,field_match_compressed,True,True
m0259,field_match_acyclic_compressed,True,True
m0259,full,True,True
m0260,audit_only,True,False
m0260,field_match,True,True
m0260,field_match_compressed,True,True
m0260,field_match_acyclic_compressed,True,True
m0260,full,True,True
m0261,audit_only,True,False
m0261,field_match,True,True
m0261,field_match_compressed,True,True
m0261,field_match_acyclic_compressed,True,True
m0261,full,True,True
m0262,audit_only,True,False
m0262,field_match,True,True
m0262,field_match_compressed,True,True
m0262,field_match_acyclic_compressed,True,True
m0262,full,True,True
m0263,audit_only,True,False
m0263,field_match,True,True
m0263,field_match_compressed,True,True
m0263,field_match_acyclic_compressed,True,True
m0263,full,True,True
m0264,audit_only,True,False
m0264,field_match,True,True
m0264,field_match_compressed,True,True
m0264,field_match_acyclic_compressed,True,True
m0264,full,True,True
m0265,audit_only,True,False
m0265,field_match,True,True
m0265,field_match_compressed,True,True
m0265,field_match_acyclic_compressed,True,True
m0265,full,True,True
m0266,audit_only,True,False
m0266,field_match,True,True
m0266,field_match_compressed,True,True
m0266,field_match_acyclic_compressed,True,True
m0266,full,True,True
m0267,audit_only,True,False
m0267,field_match,True,True
m0267,field_match_compressed,True,True
m0267,field_match_acyclic_compressed,True,True
m0267,full,True,True
m0268,audit_only,True,False
m0268,field_match,True,True
m0268,field_match_compressed,True,True
m0268,field_match_acyclic_compressed,True,True
m0268,full,True,True
m0269,audit_only,True,False
m0269,field_match,True,True
m0269,field_match_compressed,True,True
m0269,field_match_acyclic_compressed,True,True
m0269,full,True,True
m0270,audit_only,True,False
m0270,field_match,True,True
m0270,field_match_compressed,True,True
m0270,field_match_acyclic_compressed,True,True
m0270,full,True,True
m0271,audit_only,True,False
m0271,field_match,True,True
m0271,field_match_compressed,True,True
m0271,field_match_acyclic_compressed,True,True
m0271,full,True,True
m0272,audit_only,True,False
m0272,field_match,True,True
m0272,field_match_compressed,True,True
m0272,field_match_acyclic_compressed,True,True
m0272,full,True,True
m0273,audit_only,True,False
m0273,field_match,True,True
m0273,field_match_compressed,True,True
m0273,field_match_acyclic_compressed,True,True
m0273,full,True,True
m0274,audit_only,True,False
m0274,field_match,True,True
m0274,field_match_compressed,True,True
m0274,field_match_acyclic_compressed,True,True
m0274,full,True,True
m0275,audit_only,True,False
m0275,field_match,True,True
m0275,field_match_compressed,True,True
m0275,field_match_acyclic_compressed,True,True
m0275,full,True,True
m0276,audit_only,True,False
m0276,field_match,True,True
m0276,field_match_compressed,True,True
m0276,field_match_acyclic_compressed,True,True
m0276,full,True,True
m0277,audit_only,True,False
m0277,field_match,True,True
m0277,field_match_compressed,True,True
m0277,field_match_acyclic_compressed,True,True
m0277,full,True,True
m0278,audit_only,True,False
m0278,field_match,True,True
m0278,field_match_compressed,True,True
m0278,field_match_acyclic_compressed,True,True
m0278,full,True,True
m0279,audit_only,True,False
m0279,field_match,True,True
m0279,field_match_compressed,True,True
m0279,field_match_acyclic_compressed,True,True
m0279,full,True,True
m0280,audit_only,True,False
m0280,field_match,True,True
m0280,field_match_compressed,True,True
m0280,field_match_acyclic_compressed,True,True
m0280,full,True,True
m0281,audit_only,True,False
m0281,field_match,True,True
m0281,field_match_compressed,True,True
m0281,field_match_acyclic_compressed,True,True
m0281,full,True,True
m0282,audit_only,True,False
m0282,field_match,True,True
m0282,field_match_compressed,True,True
m0282,field_match_acyclic_compressed,True,True
m0282,full,True,True
m0283,audit_only,True,False
m0283,field_match,True,True
m0283,field_match_compressed,True,True
m0283,field_match_acyclic_compressed,True,True
m0283,full,True,True
m0284,audit_only,True,False
m0284,field_match,True,True
m0284,field_match_compressed,True,True
m0284,field_match_acyclic_compressed,True,True
m0284,full,True,True
m0285,audit_only,True,False
m0285,field_match,True,True
m0285,field_match_compressed,True,True
m0285,field_match_acyclic_compressed,True,True
m0285,full,True,True
m0286,audit_only,True,False
m0286,field_match,True,True
m0286,field_match_compressed,True,True
m0286,field_match_acyclic_compressed,True,True
m0286,full,True,True
m0287,audit_only,True,False
m0287,field_match,True,True
m0287,field_match_compressed,True,True
m0287,field_match_acyclic_compressed,True,True
m0287,full,True,True
m0288,audit_only,False,False
m0288,field_match,False,False
m0288,field_match_compressed,False,False
m0288,field_match_acyclic_compressed,False,False
m0288,full,False,False
m0289,audit_only,False,False
m0289,field_match,False,False
m0289,field_match_compressed,False,False
m0289,field_match_acyclic_compressed,False,False
m0289,full,False,False
m0290,audit_only,False,False
m0290,field_match,False,False
m0290,field_match_compressed,False,False
m0290,field_match_acyclic_compressed,False,False
m0290,full,False,False
m0291,audit_only,False,False
m0291,field_match,False,False
m0291,field_match_compressed,False,False
m0291,field_match_acyclic_compressed,False,False
m0291,full,False,False
m0292,audit_only,False,False
m0292,field_match,False,False
m0292,field_match_compressed,False,False
m0292,field_match_acyclic_compressed,False,False
m0292,full,False,False
m0293,audit_only,False,False
m0293,field_match,False,False
m0293,field_match_compressed,False,False
m0293,field_match_acyclic_compressed,False,False
m0293,full,False,False
m0294,audit_only,False,False
m0294,field_match,False,False
m0294,field_match_compressed,False,False
m0294,field_match_acyclic_compressed,False,False
m0294,full,False,False
m0295,audit_only,False,False
m0295,field_match,False,False
m0295,field_match_compressed,False,False
m0295,field_match_acyclic_compressed,False,False
m0295,full,False,False
m0296,audit_only,False,False
m0296,field_match,False,False
m0296,field_match_compressed,False,False
m0296,field_match_acyclic_compressed,False,False
m0296,full,False,False
m0297,audit_only,False,False
m0297,field_match,False,False
m0297,field_match_compressed,False,False
m0297,field_match_acyclic_compressed,False,False
m0297,full,False,False
m0298,audit_only,False,False
m0298,field_match,False,False
m0298,field_match_compressed,False,False
m0298,field_match_acyclic_compressed,False,False
m0298,full,False,False
m0299,audit_only,False,False
m0299,field_match,False,False
m0299,field_match_compressed,False,False
m0299,field_match_acyclic_compressed,False,False
m0299,full,False,False
m0300,audit_only,False,False
m0300,field_match,False,False
m0300,field_match_compressed,False,False
m0300,field_match_acyclic_compressed,False,False
m0300,full,False,False
m0301,audit_only,False,False
m0301,field_match,False,False
m0301,field_match_compressed,False,False
m0301,field_match_acyclic_compressed,False,False
m0301,full,False,False
m0302,audit_only,False,False
m0302,field_match,False,False
m0302,field_match_compressed,False,False
m0302,field_match_acyclic_compressed,False,False
m0302,full,False,False
m0303,audit_only,False,False
m0303,field_match,False,False
m0303,field_match_compressed,False,False
m0303,field_match_acyclic_compressed,False,False
m0303,full,False,False
m0304,audit_only,False,False
m0304,field_match,False,False
m0304,field_match_compressed,False,False
m0304,field_match_acyclic_compressed,False,False
m0304,full,False,False
m0305,audit_only,False,False
m0305,field_match,False,False
m0305,field_match_compressed,False,False
m0305,field_match_acyclic_compressed,False,False
m0305,full,False,False
m0306,audit_only,False,False
m0306,field_match,False,False
m0306,field_match_compressed,False,False
m0306,field_match_acyclic_compressed,False,False
m0306,full,False,False
m0307,audit_only,False,False
m0307,field_match,False,False
m0307,field_match_compressed,False,False
m0307,field_match_acyclic_compressed,False,False
m0307,full,False,False
m0308,audit_only,False,False
m0308,field_match,False,False
m0308,field_match_compressed,False,False
m0308,field_match_acyclic_compressed,False,False
m0308,full,False,False
m0309,audit_only,False,False
m0309,field_match,False,False
m0309,field_match_compressed,False,False
m0309,field_match_acyclic_compressed,False,False
m0309,full,False,False
m0310,audit_only,False,False
m0310,field_match,False,False
m0310,field_match_compressed,False,False
m0310,field_match_acyclic_compressed,False,False
m0310,full,False,False
m0311,audit_only,False,False
m0311,field_match,False,False
m0311,field_match_compressed,False,False
m0311,field_match_acyclic_compressed,False,False
m0311,full,False,False
m0312,audit_only,False,False
m0312,field_match,False,False
m0312,field_match_compressed,False,False
m0312,field_match_acyclic_compressed,False,False
m0312,full,False,False
m0313,audit_only,False,False
m0313,field_match,False,False
m0313,field_match_compressed,False,False
m0313,field_match_acyclic_compressed,False,False
m0313,full,False,False
m0314,audit_only,False,False
m0314,field_match,False,False
m0314,field_match_compressed,False,False
m0314,field_match_acyclic_compressed,False,False
m0314,full,False,False
m0315,audit_only,False,False
m0315,field_match,False,False
m0315,field_match_compressed,False,False
m0315,field_match_acyclic_compressed,False,False
m0315,full,False,False
m0316,audit_only,False,False
m0316,field_match,False,False
m0316,field_match_compressed,False,False
m0316,field_match_acyclic_compressed,False,False
m0316,full,False,False
m0317,audit_only,False,False
m0317,field_match,False,False
m0317,field_match_compressed,False,False
m0317,field_match_acyclic_compressed,False,False
m0317,full,False,False
m0318,audit_only,False,False
m0318,field_match,False,False
m0318,field_match_compressed,False,False
m0318,field_match_acyclic_compressed,False,False
m0318,full,False,False
m0319,audit_only,False,False
m0319,field_match,False,False
m0319,field_match_compressed,False,False
m0319,field_match_acyclic_compressed,False,False
m0319,full,False,False
m0320,audit_only,False,False
m0320,field_match,False,False
m0320,field_match_compressed,False,False
m0320,field_match_acyclic_compressed,False,False
m0320,full,False,False
m0321,audit_only,False,False
m0321,field_match,False,False
m0321,field_match_compressed,False,False
m0321,field_match_acyclic_compressed,False,False
m0321,full,False,False
m0322,audit_only,False,False
m0322,field_match,False,False
m0322,field_match_compressed,False,False
m0322,field_match_acyclic_compressed,False,False
m0322,full,False,False
m0323,audit_only,False,False
m0323,field_match,False,False
m0323,field_match_compressed,False,False
m0323,field_match_acyclic_compressed,False,False
m0323,full,False,False
m0324,audit_only,False,False
m0324,field_match,False,False
m0324,field_match_compressed,False,False
m0324,field_match_acyclic_compressed,False,False
m0324,full,False,False
m0325,audit_only,False,False
m0325,field_match,False,False
m0325,field_match_compressed,False,False
m0325,field_match_acyclic_compressed,False,False
m0325,full,False,False
m0326,audit_only,False,False
m0326,field_match,False,False
m0326,field_match_compressed,False,False
m0326,field_match_acyclic_compressed,False,False
m0326,full,False,False
m0327,audit_only,False,False
m0327,field_match,False,False
m0327,field_match_compressed,False,False
m0327,field_match_acyclic_compressed,False,False
m0327,full,False,False
m0328,audit_only,False,False
m0328,field_match,False,False
m0328,field_match_compressed,False,False
m0328,field_match_acyclic_compressed,False,False
m0328,full,False,False
m0329,audit_only,False,False
m0329,field_match,False,False
m0329,field_match_compressed,False,False
m0329,field_match_acyclic_compressed,False,False
m0329,full,False,False
m0330,audit_only,False,False
m0330,field_match,False,False
m0330,field_match_compressed,False,False
m0330,field_match_acyclic_compressed,False,False
m0330,full,False,False
m0331,audit_only,False,False
m0331,field_match,False,False
m0331,field_match_compressed,False,False
m0331,field_match_acyclic_compressed,False,False
m0331,full,False,False
m0332,audit_only,False,False
m0332,field_match,False,False
m0332,field_match_compressed,False,False
m0332,field_match_acyclic_compressed,False,False
m0332,full,False,False
m0333,audit_only,False,False
m0333,field_match,False,False
m0333,field_match_compressed,False,False
m0333,field_match_acyclic_compressed,False,False
m0333,full,False,False
m0334,audit_only,False,False
m0334,field_match,False,False
m0334,field_match_compressed,False,False
m0334,field_match_acyclic_compressed,False,False
m0334,full,False,False
m0335,audit_only,False,False
m0335,field_match,False,False
m0335,field_match_compressed,False,False
m0335,field_match_acyclic_compressed,False,False
m0335,full,False,False
m0336,audit_only,True,False
m0336,field_match,True,True
m0336,field_match_compressed,True,True
m0336,field_match_acyclic_compressed,True,True
m0336,full,True,True
m0337,audit_only,True,False
m0337,field_match,True,True
m0337,field_match_compressed,True,True
m0337,field_match_acyclic_compressed,True,True
m0337,full,True,True
m0338,audit_only,True,False
m0338,field_match,True,True
m0338,field_match_compressed,True,True
m0338,field_match_acyclic_compressed,True,True
m0338,full,True,True
m0339,audit_only,True,False
m0339,field_match,True,True
m0339,field_match_compressed,True,True
m0339,field_match_acyclic_compressed,True,True
m0339,full,True,True
m0340,audit_only,True,False
m0340,field_match,True,True
m0340,field_match_compressed,True,True
m0340,field_match_acyclic_compressed,True,True
m0340,full,True,True
m0341,audit_only,True,False
m0341,field_match,True,True
m0341,field_match_compressed,True,True
m0341,field_match_acyclic_compressed,True,True
m0341,full,True,True
m0342,audit_only,True,False
m0342,field_match,True,True
m0342,field_match_compressed,True,True
m0342,field_match_acyclic_compressed,True,True
m0342,full,True,True
m0343,audit_only,True,False
m0343,field_match,True,True
m0343,field_match_compressed,True,True
m0343,field_match_acyclic_compressed,True,True
m0343,full,True,True
m0344,audit_only,True,False
m0344,field_match,True,True
m0344,field_match_compressed,True,True
m0344,field_match_acyclic_compressed,True,True
m0344,full,True,True
m0345,audit_only,True,False
m0345,field_match,True,True
m0345,field_match_compressed,True,True
m0345,field_match_acyclic_compressed,True,True
m0345,full,True,True
m0346,audit_only,True,False
m0346,field_match,True,True
m0346,field_match_compressed,True,True
m0346,field_match_acyclic_compressed,True,True
m0346,full,True,True
m0347,audit_only,True,False
m0347,field_match,True,True
m0347,field_match_compressed,True,True
m0347,field_match_acyclic_compressed,True,True
m0347,full,True,True
m0348,audit_only,True,False
m0348,field_match,True,True
m0348,field_match_compressed,True,True
m0348,field_match_acyclic_compressed,True,True
m0348,full,True,True
m0349,audit_only,True,False
m0349,field_match,True,True
m0349,field_match_compressed,True,True
m0349,field_match_acyclic_compressed,True,True
m0349,full,True,True
m0350,audit_only,True,False
m0350,field_match,True,True
m0350,field_match_compressed,True,True
m0350,field_match_acyclic_compressed,True,True
m0350,full,True,True
m0351,audit_only,True,False
m0351,field_match,True,True
m0351,field_match_compressed,True,True
m0351,field_match_acyclic_compressed,True,True
m0351,full,True,True
m0352,audit_only,True,False
m0352,field_match,True,True
m0352,field_match_compressed,True,True
m0352,field_match_acyclic_compressed,True,True
m0352,full,True,True
m0353,audit_only,True,False
m0353,field_match,True,True
m0353,field_match_compressed,True,True
m0353,field_match_acyclic_compressed,True,True
m0353,full,True,True
m0354,audit_only,True,False
m0354,field_match,True,True
m0354,field_match_compressed,True,True
m0354,field_match_acyclic_compressed,True,True
m0354,full,True,True
m0355,audit_only,True,False
m0355,field_match,True,True
m0355,field_match_compressed,True,True
m0355,field_match_acyclic_compressed,True,True
m0355,full,True,True
m0356,audit_only,True,False
m0356,field_match,True,True
m0356,field_match_compressed,True,True
m0356,field_match_acyclic_compressed,True,True
m0356,full,True,True
m0357,audit_only,True,False
m0357,field_match,True,True
m0357,field_match_compressed,True,True
m0357,field_match_acyclic_compressed,True,True
m0357,full,True,True
m0358,audit_only,True,False
m0358,field_match,True,True
m0358,field_match_compressed,True,True
m0358,field_match_acyclic_compressed,True,True
m0358,full,True,True
m0359,audit_only,True,False
m0359,field_match,True,True
m0359,field_match_compressed,True,True
m0359,field_match_acyclic_compressed,True,True
m0359,full,True,True
m0360,audit_only,False,False
m0360,field_match,False,False
m0360,field_match_compressed,False,False
m0360,field_match_acyclic_compressed,False,False
m0360,full,False,False
m0361,audit_only,False,False
m0361,field_match,False,False
m0361,field_match_compressed,False,False
m0361,field_match_acyclic_compressed,False,False
m0361,full,False,False
m0362,audit_only,False,False
m0362,field_match,False,False
m0362,field_match_compressed,False,False
m0362,field_match_acyclic_compressed,False,False
m0362,full,False,False
m0363,audit_only,False,False
m0363,field_match,False,False
m0363,field_match_compressed,False,False
m0363,field_match_acyclic_compressed,False,False
m0363,full,False,False
m0364,audit_only,False,False
m0364,field_match,False,False
m0364,field_match_compressed,False,False
m0364,field_match_acyclic_compressed,False,False
m0364,full,False,False
m0365,audit_only,False,False
m0365,field_match,False,False
m0365,field_match_compressed,False,False
m0365,field_match_acyclic_compressed,False,False
m0365,full,False,False
m0366,audit_only,False,False
m0366,field_match,False,False
m0366,field_match_compressed,False,False
m0366,field_match_acyclic_compressed,False,False
m0366,full,False,False
m0367,audit_only,False,False
m0367,field_match,False,False
m0367,field_match_compressed,False,False
m0367,field_match_acyclic_compressed,False,False
m0367,full,False,False
m0368,audit_only,True,False
m0368,field_match,True,True
m0368,field_match_compressed,True,True
m0368,field_match_acyclic_compressed,True,True
m0368,full,True,True
m0369,audit_only,True,False
m0369,field_match,True,True
m0369,field_match_compressed,True,True
m0369,field_match_acyclic_compressed,True,True
m0369,full,True,True
m0370,audit_only,True,False
m0370,field_match,True,True
m0370,field_match_compressed,True,True
m0370,field_match_acyclic_compressed,True,True
m0370,full,True,True
m0371,audit_only,True,False
m0371,field_match,True,True
m0371,field_match_compressed,True,True
m0371,field_match_acyclic_compressed,True,True
m0371,full,True,True
m0372,audit_only,True,False
m0372,field_match,True,True
m0372,field_match_compressed,True,True
m0372,field_match_acyclic_compressed,True,True
m0372,full,True,True
m0373,audit_only,True,False
m0373,field_match,True,True
m0373,field_match_compressed,True,True
m0373,field_match_acyclic_compressed,True,True
m0373,full,True,True
m0374,audit_only,True,False
m0374,field_match,True,True
m0374,field_match_compressed,True,True
m0374,field_match_acyclic_compressed,True,True
m0374,full,True,True
m0375,audit_only,True,False
m0375,field_match,True,True
m0375,field_match_compressed,True,True
m0375,field_match_acyclic_compressed,True,True
m0375,full,True,True
m0376,audit_only,False,False
m0376,field_match,False,False
m0376,field_match_compressed,False,False
m0376,field_match_acyclic_compressed,False,False
m0376,full,False,False
m0377,audit_only,False,False
m0377,field_match,False,False
m0377,field_match_compressed,False,False
m0377,field_match_acyclic_compressed,False,False
m0377,full,False,False
m0378,audit_only,False,False
m0378,field_match,False,False
m0378,field_match_compressed,False,False
m0378,field_match_acyclic_compressed,False,False
m0378,full,False,False
m0379,audit_only,False,False
m0379,field_match,False,False
m0379,field_match_compressed,False,False
m0379,field_match_acyclic_compressed,False,False
m0379,full,False,False
m0380,audit_only,False,False
m0380,field_match,False,False
m0380,field_match_compressed,False,False
m0380,field_match_acyclic_compressed,False,False
m0380,full,False,False
m0381,audit_only,False,False
m0381,field_match,False,False
m0381,field_match_compressed,False,False
m0381,field_match_acyclic_compressed,False,False
m0381,full,False,False
m0382,audit_only,False,False
m0382,field_match,False,False
m0382,field_match_compressed,False,False
m0382,field_match_acyclic_compressed,False,False
m0382,full,False,False
m0383,audit_only,False,False
m0383,field_match,False,False
m0383,field_match_compressed,False,False
m0383,field_match_acyclic_compressed,False,False
m0383,full,False,False
m0384,audit_only,False,False
m0384,field_match,False,False
m0384,field_match_compressed,False,False
m0384,field_match_acyclic_compressed,False,False
m0384,full,False,False
m0385,audit_only,False,False
m0385,field_match,False,False
m0385,field_match_compressed,False,False
m0385,field_match_acyclic_compressed,False,False
m0385,full,False,False
m0386,audit_only,False,False
m0386,field_match,False,False
m0386,field_match_compressed,False,False
m0386,field_match_acyclic_compressed,False,False
m0386,full,False,False
m0387,audit_only,False,False
m0387,field_match,False,False
m0387,field_match_compressed,False,False
m0387,field_match_acyclic_compressed,False,False
m0387,full,False,False
m0388,audit_only,False,False
m0388,field_match,False,False
m0388,field_match_compressed,False,False
m0388,field_match_acyclic_compressed,False,False
m0388,full,False,False
m0389,audit_only,False,False
m0389,field_match,False,False
m0389,field_match_compressed,False,False
m0389,field_match_acyclic_compressed,False,False
m0389,full,False,False
m0390,audit_only,False,False
m0390,field_match,False,False
m0390,field_match_compressed,False,False
m0390,field_match_acyclic_compressed,False,False
m0390,full,False,False
m0391,audit_only,False,False
m0391,field_match,False,False
m0391,field_match_compressed,False,False
m0391,field_match_acyclic_compressed,False,False
m0391,full,False,False
m0392,audit_only,True,False
m0392,field_match,True,True
m0392,field_match_compressed,True,True
m0392,field_match_acyclic_compressed,True,True
m0392,full,True,True
m0393,audit_only,True,False
m0393,field_match,True,True
m0393,field_match_compressed,True,True
m0393,field_match_acyclic_compressed,True,True
m0393,full,True,True
m0394,audit_only,True,False
m0394,field_match,True,True
m0394,field_match_compressed,True,True
m0394,field_match_acyclic_compressed,True,True
m0394,full,True,True
m0395,audit_only,True,False
m0395,field_match,True,True
m0395,field_match_compressed,True,True
m0395,field_match_acyclic_compressed,True,True
m0395,full,True,True
m0396,audit_only,True,False
m0396,field_match,True,True
m0396,field_match_compressed,True,True
m0396,field_match_acyclic_compressed,True,True
m0396,full,True,True
m0397,audit_only,True,False
m0397,field_match,True,True
m0397,field_match_compressed,True,True
m0397,field_match_acyclic_compressed,True,True
m0397,full,True,True
m0398,audit_only,True,False
m0398,field_match,True,True
m0398,field_match_compressed,True,True
m0398,field_match_acyclic_compressed,True,True
m0398,full,True,True
m0399,audit_only,True,False
m0399,field_match,True,True
m0399,field_match_compressed,True,True
m0399,field_match_acyclic_compressed,True,True
m0399,full,True,True
m0400,audit_only,False,False
m0400,field_match,False,False
m0400,field_match_compressed,False,False
m0400,field_match_acyclic_compressed,False,False
m0400,full,False,False
m0401,audit_only,False,False
m0401,field_match,False,False
m0401,field_match_compressed,False,False
m0401,field_match_acyclic_compressed,False,False
m0401,full,False,False
m0402,audit_only,False,False
m0402,field_match,False,False
m0402,field_match_compressed,False,False
m0402,field_match_acyclic_compressed,False,False
m0402,full,False,False
m0403,audit_only,False,False
m0403,field_match,False,False
m0403,field_match_compressed,False,False
m0403,field_match_acyclic_compressed,False,False
m0403,full,False,False
m0404,audit_only,False,False
m0404,field_match,False,False
m0404,field_match_compressed,False,False
m0404,field_match_acyclic_compressed,False,False
m0404,full,False,False
m0405,audit_only,False,False
m0405,field_match,False,False
m0405,field_match_compressed,False,False
m0405,field_match_acyclic_compressed,False,False
m0405,full,False,False
m0406,audit_only,False,False
m0406,field_match,False,False
m0406,field_match_compressed,False,False
m0406,field_match_acyclic_compressed,False,False
m0406,full,False,False
m0407,audit_only,False,False
m0407,field_match,False,False
m0407,field_match_compressed,False,False
m0407,field_match_acyclic_compressed,False,False
m0407,full,False,False
m0408,audit_only,True,False
m0408,field_match,True,True
m0408,field_match_compressed,True,True
m0408,field_match_acyclic_compressed,True,True
m0408,full,True,True
m0409,audit_only,True,False
m0409,field_match,True,True
m0409,field_match_compressed,True,True
m0409,field_match_acyclic_compressed,True,True
m0409,full,True,True
m0410,audit_only,True,False
m0410,field_match,True,True
m0410,field_match_compressed,True,True
m0410,field_match_acyclic_compressed,True,True
m0410,full,True,True
m0411,audit_only,True,False
m0411,field_match,True,True
m0411,field_match_compressed,True,True
m0411,field_match_acyclic_compressed,True,True
m0411,full,True,True
m0412,audit_only,True,False
m0412,field_match,True,True
m0412,field_match_compressed,True,True
m0412,field_match_acyclic_compressed,True,True
m0412,full,True,True
m0413,audit_only,True,False
m0413,field_match,True,True
m0413,field_match_compressed,True,True
m0413,field_match_acyclic_compressed,True,True
m0413,full,True,True
m0414,audit_only,True,False
m0414,field_match,True,True
m0414,field_match_compressed,True,True
m0414,field_match_acyclic_compressed,True,True
m0414,full,True,True
m0415,audit_only,True,False
m0415,field_match,True,True
m0415,field_match_compressed,True,True
m0415,field_match_acyclic_compressed,True,True
m0415,full,True,True
m0416,audit_only,True,False
m0416,field_match,True,True
m0416,field_match_compressed,True,True
m0416,field_match_acyclic_compressed,True,True
m0416,full,True,True
m0417,audit_only,True,False
m0417,field_match,True,True
m0417,field_match_compressed,True,True
m0417,field_match_acyclic_compressed,True,True
m0417,full,True,True
m0418,audit_only,True,False
m0418,field_match,True,True
m0418,field_match_compressed,True,True
m0418,field_match_acyclic_compressed,True,True
m0418,full,True,True
m0419,audit_only,True,False
m0419,field_match,True,True
m0419,field_match_compressed,True,True
m0419,field_match_acyclic_compressed,True,True
m0419,full,True,True
m0420,audit_only,True,False
m0420,field_match,True,True
m0420,field_match_compressed,True,True
m0420,field_match_acyclic_compressed,True,True
m0420,full,True,True
m0421,audit_only,True,False
m0421,field_match,True,True
m0421,field_match_compressed,True,True
m0421,field_match_acyclic_compressed,True,True
m0421,full,True,True
m0422,audit_only,True,False
m0422,field_match,True,True
m0422,field_match_compressed,True,True
m0422,field_match_acyclic_compressed,True,True
m0422,full,True,True
m0423,audit_only,True,False
m0423,field_match,True,True
m0423,field_match_compressed,True,True
m0423,field_match_acyclic_compressed,True,True
m0423,full,True,True
m0424,audit_only,True,False
m0424,field_match,True,True
m0424,field_match_compressed,True,True
m0424,field_match_acyclic_compressed,True,True
m0424,full,True,True
m0425,audit_only,True,False
m0425,field_match,True,True
m0425,field_match_compressed,True,True
m0425,field_match_acyclic_compressed,True,True
m0425,full,True,True
m0426,audit_only,True,False
m0426,field_match,True,True
m0426,field_match_compressed,True,True
m0426,field_match_acyclic_compressed,True,True
m0426,full,True,True
m0427,audit_only,True,False
m0427,field_match,True,True
m0427,field_match_compressed,True,True
m0427,field_match_acyclic_compressed,True,True
m0427,full,True,True
m0428,audit_only,True,False
m0428,field_match,True,True
m0428,field_match_compressed,True,True
m0428,field_match_acyclic_compressed,True,True
m0428,full,True,True
m0429,audit_only,True,False
m0429,field_match,True,True
m0429,field_match_compressed,True,True
m0429,field_match_acyclic_compressed,True,True
m0429,full,True,True
m0430,audit_only,True,False
m0430,field_match,True,True
m0430,field_match_compressed,True,True
m0430,field_match_acyclic_compressed,True,True
m0430,full,True,True
m0431,audit_only,True,False
m0431,field_match,True,True
m0431,field_match_compressed,True,True
m0431,field_match_acyclic_compressed,True,True
m0431,full,True,True
m0432,audit_only,True,False
m0432,field_match,True,True
m0432,field_match_compressed,True,True
m0432,field_match_acyclic_compressed,True,True
m0432,full,True,True
m0433,audit_only,True,False
m0433,field_match,True,True
m0433,field_match_compressed,True,True
m0433,field_match_acyclic_compressed,True,True
m0433,full,True,True
m0434,audit_only,True,False
m0434,field_match,True,True
m0434,field_match_compressed,True,True
m0434,field_match_acyclic_compressed,True,True
m0434,full,True,True
m0435,audit_only,True,False
m0435,field_match,True,True
m0435,field_match_compressed,True,True
m0435,field_match_acyclic_compressed,True,True
m0435,full,True,True
m0436,audit_only,True,False
m0436,field_match,True,True
m0436,field_match_compressed,True,True
m0436,field_match_acyclic_compressed,True,True
m0436,full,True,True
m0437,audit_only,True,False
m0437,field_match,True,True
m0437,field_match_compressed,True,True
m0437,field_match_acyclic_compressed,True,True
m0437,full,True,True
m0438,audit_only,True,False
m0438,field_match,True,True
m0438,field_match_compressed,True,True
m0438,field_match_acyclic_compressed,True,True
m0438,full,True,True
m0439,audit_only,True,False
m0439,field_match,True,True
m0439,field_match_compressed,True,True
m0439,field_match_acyclic_compressed,True,True
m0439,full,True,True
m0440,audit_only,True,False
m0440,field_match,True,True
m0440,field_match_compressed,True,True
m0440,field_match_acyclic_compressed,True,True
m0440,full,True,True
m0441,audit_only,True,False
m0441,field_match,True,True
m0441,field_match_compressed,True,True
m0441,field_match_acyclic_compressed,True,True
m0441,full,True,True
m0442,audit_only,True,False
m0442,field_match,True,True
m0442,field_match_compressed,True,True
m0442,field_match_acyclic_compressed,True,True
m0442,full,True,True
m0443,audit_only,True,False
m0443,field_match,True,True
m0443,field_match_compressed,True,True
m0443,field_match_acyclic_compressed,True,True
m0443,full,True,True
m0444,audit_only,True,False
m0444,field_match,True,True
m0444,field_match_compressed,True,True
m0444,field_match_acyclic_compressed,True,True
m0444,full,True,True
m0445,audit_only,True,False
m0445,field_match,True,True
m0445,field_match_compressed,True,True
m0445,field_match_acyclic_compressed,True,True
m0445,full,True,True
m0446,audit_only,True,False
m0446,field_match,True,True
m0446,field_match_compressed,True,True
m0446,field_match_acyclic_compressed,True,True
m0446,full,True,True
m0447,audit_only,True,False
m0447,field_match,True,True
m0447,field_match_compressed,True,True
m0447,field_match_acyclic_compressed,True,True
m0447,full,True,True
m0448,audit_only,False,False
m0448,field_match,False,False
m0448,field_match_compressed,False,False
m0448,field_match_acyclic_compressed,False,False
m0448,full,False,False
m0449,audit_only,False,False
m0449,field_match,False,False
m0449,field_match_compressed,False,False
m0449,field_match_acyclic_compressed,False,False
m0449,full,False,False
m0450,audit_only,False,False
m0450,field_match,False,False
m0450,field_match_compressed,False,False
m0450,field_match_acyclic_compressed,False,False
m0450,full,False,False
m0451,audit_only,False,False
m0451,field_match,False,False
m0451,field_match_compressed,False,False
m0451,field_match_acyclic_compressed,False,False
m0451,full,False,False
m0452,audit_only,False,False
m0452,field_match,False,False
m0452,field_match_compressed,False,False
m0452,field_match_acyclic_compressed,False,False
m0452,full,False,False
m0453,audit_only,False,False
m0453,field_match,False,False
m0453,field_match_compressed,False,False
m0453,field_match_acyclic_compressed,False,False
m0453,full,False,False
m0454,audit_only,False,False
m0454,field_match,False,False
m0454,field_match_compressed,False,False
m0454,field_match_acyclic_compressed,False,False
m0454,full,False,False
m0455,audit_only,False,False
m0455,field_match,False,False
m0455,field_match_compressed,False,False
m0455,field_match_acyclic_compressed,False,False
m0455,full,False,False
m0456,audit_only,True,False
m0456,field_match,True,True
m0456,field_match_compressed,True,True
m0456,field_match_acyclic_compressed,True,True
m0456,full,True,True
m0457,audit_only,True,False
m0457,field_match,True,True
m0457,field_match_compressed,True,True
m0457,field_match_acyclic_compressed,True,True
m0457,full,True,True
m0458,audit_only,True,False
m0458,field_match,True,True
m0458,field_match_compressed,True,True
m0458,field_match_acyclic_compressed,True,True
m0458,full,True,True
m0459,audit_only,True,False
m0459,field_match,True,True
m0459,field_match_compressed,True,True
m0459,field_match_acyclic_compressed,True,True
m0459,full,True,True
m0460,audit_only,True,False
m0460,field_match,True,True
m0460,field_match_compressed,True,True
m0460,field_match_acyclic_compressed,True,True
m0460,full,True,True
m0461,audit_only,True,False
m0461,field_match,True,True
m0461,field_match_compressed,True,True
m0461,field_match_acyclic_compressed,True,True
m0461,full,True,True
m0462,audit_only,True,False
m0462,field_match,True,True
m0462,field_match_compressed,True,True
m0462,field_match_acyclic_compressed,True,True
m0462,full,True,True
m0463,audit_only,True,False
m0463,field_match,True,True
m0463,field_match_compressed,True,True
m0463,field_match_acyclic_compressed,True,True
m0463,full,True,True
m0464,audit_only,False,False
m0464,field_match,False,False
m0464,field_match_compressed,False,False
m0464,field_match_acyclic_compressed,False,False
m0464,full,False,False
m0465,audit_only,False,False
m0465,field_match,False,False
m0465,field_match_compressed,False,False
m0465,field_match_acyclic_compressed,False,False
m0465,full,False,False
m0466,audit_only,False,False
m0466,field_match,False,False
m0466,field_match_compressed,False,False
m0466,field_match_acyclic_compressed,False,False
m0466,full,False,False
m0467,audit_only,False,False
m0467,field_match,False,False
m0467,field_match_compressed,False,False
m0467,field_match_acyclic_compressed,False,False
m0467,full,False,False
m0468,audit_only,False,False
m0468,field_match,False,False
m0468,field_match_compressed,False,False
m0468,field_match_acyclic_compressed,False,False
m0468,full,False,False
m0469,audit_only,False,False
m0469,field_match,False,False
m0469,field_match_compressed,False,False
m0469,field_match_acyclic_compressed,False,False
m0469,full,False,False
m0470,audit_only,False,False
m0470,field_match,False,False
m0470,field_match_compressed,False,False
m0470,field_match_acyclic_compressed,False,False
m0470,full,False,False
m0471,audit_only,False,False
m0471,field_match,False,False
m0471,field_match_compressed,False,False
m0471,field_match_acyclic_compressed,False,False
m0471,full,False,False
m0472,audit_only,True,False
m0472,field_match,True,True
m0472,field_match_compressed,True,True
m0472,field_match_acyclic_compressed,True,True
m0472,full,True,True
m0473,audit_only,True,False
m0473,field_match,True,True
m0473,field_match_compressed,True,True
m0473,field_match_acyclic_compressed,True,True
m0473,full,True,True
m0474,audit_only,True,False
m0474,field_match,True,True
m0474,field_match_compressed,True,True
m0474,field_match_acyclic_compressed,True,True
m0474,full,True,True
m0475,audit_only,True,False
m0475,field_match,True,True
m0475,field_match_compressed,True,True
m0475,field_match_acyclic_compressed,True,True
m0475,full,True,True
m0476,audit_only,True,False
m0476,field_match,True,True
m0476,field_match_compressed,True,True
m0476,field_match_acyclic_compressed,True,True
m0476,full,True,True
m0477,audit_only,True,False
m0477,field_match,True,True
m0477,field_match_compressed,True,True
m0477,field_match_acyclic_compressed,True,True
m0477,full,True,True
m0478,audit_only,True,False
m0478,field_match,True,True
m0478,field_match_compressed,True,True
m0478,field_match_acyclic_compressed,True,True
m0478,full,True,True
m0479,audit_only,True,False
m0479,field_match,True,True
m0479,field_match_compressed,True,True
m0479,field_match_acyclic_compressed,True,True
m0479,full,True,True
m0480,audit_only,True,False
m0480,field_match,True,True
m0480,field_match_compressed,True,True
m0480,field_match_acyclic_compressed,True,True
m0480,full,True,True
m0481,audit_only,True,False
m0481,field_match,True,True
m0481,field_match_compressed,True,True
m0481,field_match_acyclic_compressed,True,True
m0481,full,True,True
m0482,audit_only,True,False
m0482,field_match,True,True
m0482,field_match_compressed,True,True
m0482,field_match_acyclic_compressed,True,True
m0482,full,True,True
m0483,audit_only,True,False
m0483,field_match,True,True
m0483,field_match_compressed,True,True
m0483,field_match_acyclic_compressed,True,True
m0483,full,True,True
m0484,audit_only,True,False
m0484,field_match,True,True
m0484,field_match_compressed,True,True
m0484,field_match_acyclic_compressed,True,True
m0484,full,True,True
m0485,audit_only,True,False
m0485,field_match,True,True
m0485,field_match_compressed,True,True
m0485,field_match_acyclic_compressed,True,True
m0485,full,True,True
m0486,audit_only,True,False
m0486,field_match,True,True
m0486,field_match_compressed,True,True
m0486,field_match_acyclic_compressed,True,True
m0486,full,True,True
m0487,audit_only,True,False
m0487,field_match,True,True
m0487,field_match_compressed,True,True
m0487,field_match_acyclic_compressed,True,True
m0487,full,True,True
m0488,audit_only,True,False
m0488,field_match,True,True
m0488,field_match_compressed,True,True
m0488,field_match_acyclic_compressed,True,True
m0488,full,True,True
m0489,audit_only,True,False
m0489,field_match,True,True
m0489,field_match_compressed,True,True
m0489,field_match_acyclic_compressed,True,True
m0489,full,True,True
m0490,audit_only,True,False
m0490,field_match,True,True
m0490,field_match_compressed,True,True
m0490,field_match_acyclic_compressed,True,True
m0490,full,True,True
m0491,audit_only,True,False
m0491,field_match,True,True
m0491,field_match_compressed,True,True
m0491,field_match_acyclic_compressed,True,True
m0491,full,True,True
m0492,audit_only,True,False
m0492,field_match,True,True
m0492,field_match_compressed,True,True
m0492,field_match_acyclic_compressed,True,True
m0492,full,True,True
m0493,audit_only,True,False
m0493,field_match,True,True
m0493,field_match_compressed,True,True
m0493,field_match_acyclic_compressed,True,True
m0493,full,True,True
m0494,audit_only,True,False
m0494,field_match,True,True
m0494,field_match_compressed,True,True
m0494,field_match_acyclic_compressed,True,True
m0494,full,True,True
m0495,audit_only,True,False
m0495,field_match,True,True
m0495,field_match_compressed,True,True
m0495,field_match_acyclic_compressed,True,True
m0495,full,True,True
m0496,audit_only,False,False
m0496,field_match,False,False
m0496,field_match_compressed,False,False
m0496,field_match_acyclic_compressed,False,False
m0496,full,False,False
m0497,audit_only,False,False
m0497,field_match,False,False
m0497,field_match_compressed,False,False
m0497,field_match_acyclic_compressed,False,False
m0497,full,False,False
m0498,audit_only,False,False
m0498,field_match,False,False
m0498,field_match_compressed,False,False
m0498,field_match_acyclic_compressed,False,False
m0498,full,False,False
m0499,audit_only,False,False
m0499,field_match,False,False
m0499,field_match_compressed,False,False
m0499,field_match_acyclic_compressed,False,False
m0499,full,False,False
m0500,audit_only,False,False
m0500,field_match,False,False
m0500,field_match_compressed,False,False
m0500,field_match_acyclic_compressed,False,False
m0500,full,False,False
m0501,audit_only,False,False
m0501,field_match,False,False
m0501,field_match_compressed,False,False
m0501,field_match_acyclic_compressed,False,False
m0501,full,False,False
m0502,audit_only,False,False
m0502,field_match,False,False
m0502,field_match_compressed,False,False
m0502,field_match_acyclic_compressed,False,False
m0502,full,False,False
m0503,audit_only,False,False
m0503,field_match,False,False
m0503,field_match_compressed,False,False
m0503,field_match_acyclic_compressed,False,False
m0503,full,False,False
m0504,audit_only,False,False
m0504,field_match,False,False
m0504,field_match_compressed,False,False
m0504,field_match_acyclic_compressed,False,False
m0504,full,False,False
m0505,audit_only,False,False
m0505,field_match,False,False
m0505,field_match_compressed,False,False
m0505,field_match_acyclic_compressed,False,False
m0505,full,False,False
m0506,audit_only,False,False
m0506,field_match,False,False
m0506,field_match_compressed,False,False
m0506,field_match_acyclic_compressed,False,False
m0506,full,False,False
m0507,audit_only,False,False
m0507,field_match,False,False
m0507,field_match_compressed,False,False
m0507,field_match_acyclic_compressed,False,False
m0507,full,False,False
m0508,audit_only,False,False
m0508,field_match,False,False
m0508,field_match_compressed,False,False
m0508,field_match_acyclic_compressed,False,False
m0508,full,False,False
m0509,audit_only,False,False
m0509,field_match,False,False
m0509,field_match_compressed,False,False
m0509,field_match_acyclic_compressed,False,False
m0509,full,False,False
m0510,audit_only,False,False
m0510,field_match,False,False
m0510,field_match_compressed,False,False
m0510,field_match_acyclic_compressed,False,False
m0510,full,False,False
m0511,audit_only,False,False
m0511,field_match,False,False
m0511,field_match_compressed,False,False
m0511,field_match_acyclic_compressed,False,False
m0511,full,False,False
m0512,audit_only,False,False
m0512,field_match,False,False
m0512,field_match_compressed,False,False
m0512,field_match_acyclic_compressed,False,False
m0512,full,False,False
m0513,audit_only,False,False
m0513,field_match,False,False
m0513,field_match_compressed,False,False
m0513,field_match_acyclic_compressed,False,False
m0513,full,False,False
m0514,audit_only,False,False
m0514,field_match,False,False
m0514,field_match_compressed,False,False
m0514,field_match_acyclic_compressed,False,False
m0514,full,False,False
m0515,audit_only,False,False
m0515,field_match,False,False
m0515,field_match_compressed,False,False
m0515,field_match_acyclic_compressed,False,False
m0515,full,False,False
m0516,audit_only,False,False
m0516,field_match,False,False
m0516,field_match_compressed,False,False
m0516,field_match_acyclic_compressed,False,False
m0516,full,False,False
m0517,audit_only,False,False
m0517,field_match,False,False
m0517,field_match_compressed,False,False
m0517,field_match_acyclic_compressed,False,False
m0517,full,False,False
m0518,audit_only,False,False
m0518,field_match,False,False
m0518,field_match_compressed,False,False
m0518,field_match_acyclic_compressed,False,False
m0518,full,False,False
m0519,audit_only,False,False
m0519,field_match,False,False
m0519,field_match_compressed,False,False
m0519,field_match_acyclic_compressed,False,False
m0519,full,False,False
m0520,audit_only,False,False
m0520,field_match,False,False
m0520,field_match_compressed,False,False
m0520,field_match_acyclic_compressed,False,False
m0520,full,False,False
m0521,audit_only,False,False
m0521,field_match,False,False
m0521,field_match_compressed,False,False
m0521,field_match_acyclic_compressed,False,False
m0521,full,False,False
m0522,audit_only,False,False
m0522,field_match,False,False
m0522,field_match_compressed,False,False
m0522,field_match_acyclic_compressed,False,False
m0522,full,False,False
m0523,audit_only,False,False
m0523,field_match,False,False
m0523,field_match_compressed,False,False
m0523,field_match_acyclic_compressed,False,False
m0523,full,False,False
m0524,audit_only,False,False
m0524,field_match,False,False
m0524,field_match_compressed,False,False
m0524,field_match_acyclic_compressed,False,False
m0524,full,False,False
m0525,audit_only,False,False
m0525,field_match,False,False
m0525,field_match_compressed,False,False
m0525,field_match_acyclic_compressed,False,False
m0525,full,False,False
m0526,audit_only,False,False
m0526,field_match,False,False
m0526,field_match_compressed,False,False
m0526,field_match_acyclic_compressed,False,False
m0526,full,False,False
m0527,audit_only,False,False
m0527,field_match,False,False
m0527,field_match_compressed,False,False
m0527,field_match_acyclic_compressed,False,False
m0527,full,False,False
m0528,audit_only,False,False
m0528,field_match,False,False
m0528,field_match_compressed,False,False
m0528,field_match_acyclic_compressed,False,False
m0528,full,False,False
m0529,audit_only,False,False
m0529,field_match,False,False
m0529,field_match_compressed,False,False
m0529,field_match_acyclic_compressed,False,False
m0529,full,False,False
m0530,audit_only,False,False
m0530,field_match,False,False
m0530,field_match_compressed,False,False
m0530,field_match_acyclic_compressed,False,False
m0530,full,False,False
m0531,audit_only,False,False
m0531,field_match,False,False
m0531,field_match_compressed,False,False
m0531,field_match_acyclic_compressed,False,False
m0531,full,False,False
m0532,audit_only,False,False
m0532,field_match,False,False
m0532,field_match_compressed,False,False
m0532,field_match_acyclic_compressed,False,False
m0532,full,False,False
m0533,audit_only,False,False
m0533,field_match,False,False
m0533,field_match_compressed,False,False
m0533,field_match_acyclic_compressed,False,False
m0533,full,False,False
m0534,audit_only,False,False
m0534,field_match,False,False
m0534,field_match_compressed,False,False
m0534,field_match_acyclic_compressed,False,False
m0534,full,False,False
m0535,audit_only,False,False
m0535,field_match,False,False
m0535,field_match_compressed,False,False
m0535,field_match_acyclic_compressed,False,False
m0535,full,False,False
m0536,audit_only,False,False
m0536,field_match,False,False
m0536,field_match_compressed,False,False
m0536,field_match_acyclic_compressed,False,False
m0536,full,False,False
m0537,audit_only,False,False
m0537,field_match,False,False
m0537,field_match_compressed,False,False
m0537,field_match_acyclic_compressed,False,False
m0537,full,False,False
m0538,audit_only,False,False
m0538,field_match,False,False
m0538,field_match_compressed,False,False
m0538,field_match_acyclic_compressed,False,False
m0538,full,False,False
m0539,audit_only,False,False
m0539,field_match,False,False
m0539,field_match_compressed,False,False
m0539,field_match_acyclic_compressed,False,False
m0539,full,False,False
m0540,audit_only,False,False
m0540,field_match,False,False
m0540,field_match_compressed,False,False
m0540,field_match_acyclic_compressed,False,False
m0540,full,False,False
m0541,audit_only,False,False
m0541,field_match,False,False
m0541,field_match_compressed,False,False
m0541,field_match_acyclic_compressed,False,False
m0541,full,False,False
m0542,audit_only,False,False
m0542,field_match,False,False
m0542,field_match_compressed,False,False
m0542,field_match_acyclic_compressed,False,False
m0542,full,False,False
m0543,audit_only,False,False
m0543,field_match,False,False
m0543,field_match_compressed,False,False
m0543,field_match_acyclic_compressed,False,False
m0543,full,False,False
m0544,audit_only,True,False
m0544,field_match,True,True
m0544,field_match_compressed,True,True
m0544,field_match_acyclic_compressed,True,True
m0544,full,True,True
m0545,audit_only,True,False
m0545,field_match,True,True
m0545,field_match_compressed,True,True
m0545,field_match_acyclic_compressed,True,True
m0545,full,True,True
m0546,audit_only,True,False
m0546,field_match,True,True
m0546,field_match_compressed,True,True
m0546,field_match_acyclic_compressed,True,True
m0546,full,True,True
m0547,audit_only,True,False
m0547,field_match,True,True
m0547,field_match_compressed,True,True
m0547,field_match_acyclic_compressed,True,True
m0547,full,True,True
m0548,audit_only,True,False
m0548,field_match,True,True
m0548,field_match_compressed,True,True
m0548,field_match_acyclic_compressed,True,True
m0548,full,True,True
m0549,audit_only,True,False
m0549,field_match,True,True
m0549,field_match_compressed,True,True
m0549,field_match_acyclic_compressed,True,True
m0549,full,True,True
m0550,audit_only,True,False
m0550,field_match,True,True
m0550,field_match_compressed,True,True
m0550,field_match_acyclic_compressed,True,True
m0550,full,True,True
m0551,audit_only,True,False
m0551,field_match,True,True
m0551,field_match_compressed,True,True
m0551,field_match_acyclic_compressed,True,True
m0551,full,True,True
m0552,audit_only,True,False
m0552,field_match,True,True
m0552,field_match_compressed,True,True
m0552,field_match_acyclic_compressed,True,True
m0552,full,True,True
m0553,audit_only,True,False
m0553,field_match,True,True
m0553,field_match_compressed,True,True
m0553,field_match_acyclic_compressed,True,True
m0553,full,True,True
m0554,audit_only,True,False
m0554,field_match,True,True
m0554,field_match_compressed,True,True
m0554,field_match_acyclic_compressed,True,True
m0554,full,True,True
m0555,audit_only,True,False
m0555,field_match,True,True
m0555,field_match_compressed,True,True
m0555,field_match_acyclic_compressed,True,True
m0555,full,True,True
m0556,audit_only,True,False
m0556,field_match,True,True
m0556,field_match_compressed,True,True
m0556,field_match_acyclic_compressed,True,True
m0556,full,True,True
m0557,audit_only,True,False
m0557,field_match,True,True
m0557,field_match_compressed,True,True
m0557,field_match_acyclic_compressed,True,True
m0557,full,True,True
m0558,audit_only,True,False
m0558,field_match,True,True
m0558,field_match_compressed,True,True
m0558,field_match_acyclic_compressed,True,True
m0558,full,True,True
m0559,audit_only,True,False
m0559,field_match,True,True
m0559,field_match_compressed,True,True
m0559,field_match_acyclic_compressed,True,True
m0559,full,True,True
m0560,audit_only,True,False
m0560,field_match,True,True
m0560,field_match_compressed,True,True
m0560,field_match_acyclic_compressed,True,True
m0560,full,True,True
m0561,audit_only,True,False
m0561,field_match,True,True
m0561,field_match_compressed,True,True
m0561,field_match_acyclic_compressed,True,True
m0561,full,True,True
m0562,audit_only,True,False
m0562,field_match,True,True
m0562,field_match_compressed,True,True
m0562,field_match_acyclic_compressed,True,True
m0562,full,True,True
m0563,audit_only,True,False
m0563,field_match,True,True
m0563,field_match_compressed,True,True
m0563,field_match_acyclic_compressed,True,True
m0563,full,True,True
m0564,audit_only,True,False
m0564,field_match,True,True
m0564,field_match_compressed,True,True
m0564,field_match_acyclic_compressed,True,True
m0564,full,True,True
m0565,audit_only,True,False
m0565,field_match,True,True
m0565,field_match_compressed,True,True
m0565,field_match_acyclic_compressed,True,True
m0565,full,True,True
m0566,audit_only,True,False
m0566,field_match,True,True
m0566,field_match_compressed,True,True
m0566,field_match_acyclic_compressed,True,True
m0566,full,True,True
m0567,audit_only,True,False
m0567,field_match,True,True
m0567,field_match_compressed,True,True
m0567,field_match_acyclic_compressed,True,True
m0567,full,True,True
m0568,audit_only,True,False
m0568,field_match,True,True
m0568,field_match_compressed,True,True
m0568,field_match_acyclic_compressed,True,True
m0568,full,True,True
m0569,audit_only,True,False
m0569,field_match,True,True
m0569,field_match_compressed,True,True
m0569,field_match_acyclic_compressed,True,True
m0569,full,True,True
m0570,audit_only,True,False
m0570,field_match,True,True
m0570,field_match_compressed,True,True
m0570,field_match_acyclic_compressed,True,True
m0570,full,True,True
m0571,audit_only,True,False
m0571,field_match,True,True
m0571,field_match_compressed,True,True
m0571,field_match_acyclic_compressed,True,True
m0571,full,True,True
m0572,audit_only,True,False
m0572,field_match,True,True
m0572,field_match_compressed,True,True
m0572,field_match_acyclic_compressed,True,True
m0572,full,True,True
m0573,audit_only,True,False
m0573,field_match,True,True
m0573,field_match_compressed,True,True
m0573,field_match_acyclic_compressed,True,True
m0573,full,True,True
m0574,audit_only,True,False
m0574,field_match,True,True
m0574,field_match_compressed,True,True
m0574,field_match_acyclic_compressed,True,True
m0574,full,True,True
m0575,audit_only,True,False
m0575,field_match,True,True
m0575,field_match_compressed,True,True
m0575,field_match_acyclic_compressed,True,True
m0575,full,True,True
m0576,audit_only,True,False
m0576,field_match,True,True
m0576,field_match_compressed,True,True
m0576,field_match_acyclic_compressed,True,True
m0576,full,True,True
m0577,audit_only,True,False
m0577,field_match,True,True
m0577,field_match_compressed,True,True
m0577,field_match_acyclic_compressed,True,True
m0577,full,True,True
m0578,audit_only,True,False
m0578,field_match,True,True
m0578,field_match_compressed,True,True
m0578,field_match_acyclic_compressed,True,True
m0578,full,True,True
m0579,audit_only,True,False
m0579,field_match,True,True
m0579,field_match_compressed,True,True
m0579,field_match_acyclic_compressed,True,True
m0579,full,True,True
m0580,audit_only,True,False
m0580,field_match,True,True
m0580,field_match_compressed,True,True
m0580,field_match_acyclic_compressed,True,True
m0580,full,True,True
m0581,audit_only,True,False
m0581,field_match,True,True
m0581,field_match_compressed,True,True
m0581,field_match_acyclic_compressed,True,True
m0581,full,True,True
m0582,audit_only,True,False
m0582,field_match,True,True
m0582,field_match_compressed,True,True
m0582,field_match_acyclic_compressed,True,True
m0582,full,True,True
m0583,audit_only,True,False
m0583,field_match,True,True
m0583,field_match_compressed,True,True
m0583,field_match_acyclic_compressed,True,True
m0583,full,True,True
m0584,audit_only,True,False
m0584,field_match,True,True
m0584,field_match_compressed,True,True
m0584,field_match_acyclic_compressed,True,True
m0584,full,True,True
m0585,audit_only,True,False
m0585,field_match,True,True
m0585,field_match_compressed,True,True
m0585,field_match_acyclic_compressed,True,True
m0585,full,True,True
m0586,audit_only,True,False
m0586,field_match,True,True
m0586,field_match_compressed,True,True
m0586,field_match_acyclic_compressed,True,True
m0586,full,True,True
m0587,audit_only,True,False
m0587,field_match,True,True
m0587,field_match_compressed,True,True
m0587,field_match_acyclic_compressed,True,True
m0587,full,True,True
m0588,audit_only,True,False
m0588,field_match,True,True
m0588,field_match_compressed,True,True
m0588,field_match_acyclic_compressed,True,True
m0588,full,True,True
m0589,audit_only,True,False
m0589,field_match,True,True
m0589,field_match_compressed,True,True
m0589,field_match_acyclic_compressed,True,True
m0589,full,True,True
m0590,audit_only,True,False
m0590,field_match,True,True
m0590,field_match_compressed,True,True
m0590,field_match_acyclic_compressed,True,True
m0590,full,True,True
m0591,audit_only,True,False
m0591,field_match,True,True
m0591,field_match_compressed,True,True
m0591,field_match_acyclic_compressed,True,True
m0591,full,True,True
m0592,audit_only,True,False
m0592,field_match,True,True
m0592,field_match_compressed,True,True
m0592,field_match_acyclic_compressed,True,True
m0592,full,True,True
m0593,audit_only,True,False
m0593,field_match,True,True
m0593,field_match_compressed,True,True
m0593,field_match_acyclic_compressed,True,True
m0593,full,True,True
m0594,audit_only,True,False
m0594,field_match,True,True
m0594,field_match_compressed,True,True
m0594,field_match_acyclic_compressed,True,True
m0594,full,True,True
m0595,audit_only,True,False
m0595,field_match,True,True
m0595,field_match_compressed,True,True
m0595,field_match_acyclic_compressed,True,True
m0595,full,True,True
m0596,audit_only,True,False
m0596,field_match,True,True
m0596,field_match_compressed,True,True
m0596,field_match_acyclic_compressed,True,True
m0596,full,True,True
m0597,audit_only,True,False
m0597,field_match,True,True
m0597,field_match_compressed,True,True
m0597,field_match_acyclic_compressed,True,True
m0597,full,True,True
m0598,audit_only,True,False
m0598,field_match,True,True
m0598,field_match_compressed,True,True
m0598,field_match_acyclic_compressed,True,True
m0598,full,True,True
m0599,audit_only,True,False
m0599,field_match,True,True
m0599,field_match_compressed,True,True
m0599,field_match_acyclic_compressed,True,True
m0599,full,True,True
m0600,audit_only,False,False
m0600,field_match,False,False
m0600,field_match_compressed,False,False
m0600,field_match_acyclic_compressed,False,False
m0600,full,False,False
m0601,audit_only,False,False
m0601,field_match,False,False
m0601,field_match_compressed,False,False
m0601,field_match_acyclic_compressed,False,False
m0601,full,False,False
m0602,audit_only,False,False
m0602,field_match,False,False
m0602,field_match_compressed,False,False
m0602,field_match_acyclic_compressed,False,False
m0602,full,False,False
m0603,audit_only,False,False
m0603,field_match,False,False
m0603,field_match_compressed,False,False
m0603,field_match_acyclic_compressed,False,False
m0603,full,False,False
m0604,audit_only,False,False
m0604,field_match,False,False
m0604,field_match_compressed,False,False
m0604,field_match_acyclic_compressed,False,False
m0604,full,False,False
m0605,audit_only,False,False
m0605,field_match,False,False
m0605,field_match_compressed,False,False
m0605,field_match_acyclic_compressed,False,False
m0605,full,False,False
m0606,audit_only,False,False
m0606,field_match,False,False
m0606,field_match_compressed,False,False
m0606,field_match_acyclic_compressed,False,False
m0606,full,False,False
m0607,audit_only,False,False
m0607,field_match,False,False
m0607,field_match_compressed,False,False
m0607,field_match_acyclic_compressed,False,False
m0607,full,False,False
m0608,audit_only,True,False
m0608,field_match,True,True
m0608,field_match_compressed,True,True
m0608,field_match_acyclic_compressed,True,True
m0608,full,True,True
m0609,audit_only,True,False
m0609,field_match,True,True
m0609,field_match_compressed,True,True
m0609,field_match_acyclic_compressed,True,True
m0609,full,True,True
m0610,audit_only,True,False
m0610,field_match,True,True
m0610,field_match_compressed,True,True
m0610,field_match_acyclic_compressed,True,True
m0610,full,True,True
m0611,audit_only,True,False
m0611,field_match,True,True
m0611,field_match_compressed,True,True
m0611,field_match_acyclic_compressed,True,True
m0611,full,True,True
m0612,audit_only,True,False
m0612,field_match,True,True
m0612,field_match_compressed,True,True
m0612,field_match_acyclic_compressed,True,True
m0612,full,True,True
m0613,audit_only,True,False
m0613,field_match,True,True
m0613,field_match_compressed,True,True
m0613,field_match_acyclic_compressed,True,True
m0613,full,True,True
m0614,audit_only,True,False
m0614,field_match,True,True
m0614,field_match_compressed,True,True
m0614,field_match_acyclic_compressed,True,True
m0614,full,True,True
m0615,audit_only,True,False
m0615,field_match,True,True
m0615,field_match_compressed,True,True
m0615,field_match_acyclic_compressed,True,True
m0615,full,True,True
m0616,audit_only,True,False
m0616,field_match,True,True
m0616,field_match_compressed,True,True
m0616,field_match_acyclic_compressed,True,True
m0616,full,True,True
m0617,audit_only,True,False
m0617,field_match,True,True
m0617,field_match_compressed,True,True
m0617,field_match_acyclic_compressed,True,True
m0617,full,True,True
m0618,audit_only,True,False
m0618,field_match,True,True
m0618,field_match_compressed,True,True
m0618,field_match_acyclic_compressed,True,True
m0618,full,True,True
m0619,audit_only,True,False
m0619,field_match,True,True
m0619,field_match_compressed,True,True
m0619,field_match_acyclic_compressed,True,True
m0619,full,True,True
m0620,audit_only,True,False
m0620,field_match,True,True
m0620,field_match_compressed,True,True
m0620,field_match_acyclic_compressed,True,True
m0620,full,True,True
m0621,audit_only,True,False
m0621,field_match,True,True
m0621,field_match_compressed,True,True
m0621,field_match_acyclic_compressed,True,True
m0621,full,True,True
m0622,audit_only,True,False
m0622,field_match,True,True
m0622,field_match_compressed,True,True
m0622,field_match_acyclic_compressed,True,True
m0622,full,True,True
m0623,audit_only,True,False
m0623,field_match,True,True
m0623,field_match_compressed,True,True
m0623,field_match_acyclic_compressed,True,True
m0623,full,True,True
m0624,audit_only,True,False
m0624,field_match,True,True
m0624,field_match_compressed,True,True
m0624,field_match_acyclic_compressed,True,True
m0624,full,True,True
m0625,audit_only,True,False
m0625,field_match,True,True
m0625,field_match_compressed,True,True
m0625,field_match_acyclic_compressed,True,True
m0625,full,True,True
m0626,audit_only,True,False
m0626,field_match,True,True
m0626,field_match_compressed,True,True
m0626,field_match_acyclic_compressed,True,True
m0626,full,True,True
m0627,audit_only,True,False
m0627,field_match,True,True
m0627,field_match_compressed,True,True
m0627,field_match_acyclic_compressed,True,True
m0627,full,True,True
m0628,audit_only,True,False
m0628,field_match,True,True
m0628,field_match_compressed,True,True
m0628,field_match_acyclic_compressed,True,True
m0628,full,True,True
m0629,audit_only,True,False
m0629,field_match,True,True
m0629,field_match_compressed,True,True
m0629,field_match_acyclic_compressed,True,True
m0629,full,True,True
m0630,audit_only,True,False
m0630,field_match,True,True
m0630,field_match_compressed,True,True
m0630,field_match_acyclic_compressed,True,True
m0630,full,True,True
m0631,audit_only,True,False
m0631,field_match,True,True
m0631,field_match_compressed,True,True
m0631,field_match_acyclic_compressed,True,True
m0631,full,True,True
m0632,audit_only,False,False
m0632,field_match,False,False
m0632,field_match_compressed,False,False
m0632,field_match_acyclic_compressed,False,False
m0632,full,False,False
m0633,audit_only,False,False
m0633,field_match,False,False
m0633,field_match_compressed,False,False
m0633,field_match_acyclic_compressed,False,False
m0633,full,False,False
m0634,audit_only,False,False
m0634,field_match,False,False
m0634,field_match_compressed,False,False
m0634,field_match_acyclic_compressed,False,False
m0634,full,False,False
m0635,audit_only,False,False
m0635,field_match,False,False
m0635,field_match_compressed,False,False
m0635,field_match_acyclic_compressed,False,False
m0635,full,False,False
m0636,audit_only,False,False
m0636,field_match,False,False
m0636,field_match_compressed,False,False
m0636,field_match_acyclic_compressed,False,False
m0636,full,False,False
m0637,audit_only,False,False
m0637,field_match,False,False
m0637,field_match_compressed,False,False
m0637,field_match_acyclic_compressed,False,False
m0637,full,False,False
m0638,audit_only,False,False
m0638,field_match,False,False
m0638,field_match_compressed,False,False
m0638,field_match_acyclic_compressed,False,False
m0638,full,False,False
m0639,audit_only,False,False
m0639,field_match,False,False
m0639,field_match_compressed,False,False
m0639,field_match_acyclic_compressed,False,False
m0639,full,False,False
m0640,audit_only,True,False
m0640,field_match,True,True
m0640,field_match_compressed,True,True
m0640,field_match_acyclic_compressed,True,True
m0640,full,True,True
m0641,audit_only,True,False
m0641,field_match,True,True
m0641,field_match_compressed,True,True
m0641,field_match_acyclic_compressed,True,True
m0641,full,True,True
m0642,audit_only,True,False
m0642,field_match,True,True
m0642,field_match_compressed,True,True
m0642,field_match_acyclic_compressed,True,True
m0642,full,True,True
m0643,audit_only,True,False
m0643,field_match,True,True
m0643,field_match_compressed,True,True
m0643,field_match_acyclic_compressed,True,True
m0643,full,True,True
m0644,audit_only,True,False
m0644,field_match,True,True
m0644,field_match_compressed,True,True
m0644,field_match_acyclic_compressed,True,True
m0644,full,True,True
m0645,audit_only,True,False
m0645,field_match,True,True
m0645,field_match_compressed,True,True
m0645,field_match_acyclic_compressed,True,True
m0645,full,True,True
m0646,audit_only,True,False
m0646,field_match,True,True
m0646,field_match_compressed,True,True
m0646,field_match_acyclic_compressed,True,True
m0646,full,True,True
m0647,audit_only,True,False
m0647,field_match,True,True
m0647,field_match_compressed,True,True
m0647,field_match_acyclic_compressed,True,True
m0647,full,True,True
m0648,audit_only,True,False
m0648,field_match,True,True
m0648,field_match_compressed,True,True
m0648,field_match_acyclic_compressed,True,True
m0648,full,True,True
m0649,audit_only,True,False
m0649,field_match,True,True
m0649,field_match_compressed,True,True
m0649,field_match_acyclic_compressed,True,True
m0649,full,True,True
m0650,audit_only,True,False
m0650,field_match,True,True
m0650,field_match_compressed,True,True
m0650,field_match_acyclic_compressed,True,True
m0650,full,True,True
m0651,audit_only,True,False
m0651,field_match,True,True
m0651,field_match_compressed,True,True
m0651,field_match_acyclic_compressed,True,True
m0651,full,True,True
m0652,audit_only,True,False
m0652,field_match,True,True
m0652,field_match_compressed,True,True
m0652,field_match_acyclic_compressed,True,True
m0652,full,True,True
m0653,audit_only,True,False
m0653,field_match,True,True
m0653,field_match_compressed,True,True
m0653,field_match_acyclic_compressed,True,True
m0653,full,True,True
m0654,audit_only,True,False
m0654,field_match,True,True
m0654,field_match_compressed,True,True
m0654,field_match_acyclic_compressed,True,True
m0654,full,True,True
m0655,audit_only,True,False
m0655,field_match,True,True
m0655,field_match_compressed,True,True
m0655,field_match_acyclic_compressed,True,True
m0655,full,True,True
m0656,audit_only,False,False
m0656,field_match,False,False
m0656,field_match_compressed,False,False
m0656,field_match_acyclic_compressed,False,False
m0656,full,False,False
m0657,audit_only,False,False
m0657,field_match,False,False
m0657,field_match_compressed,False,False
m0657,field_match_acyclic_compressed,False,False
m0657,full,False,False
m0658,audit_only,False,False
m0658,field_match,False,False
m0658,field_match_compressed,False,False
m0658,field_match_acyclic_compressed,False,False
m0658,full,False,False
m0659,audit_only,False,False
m0659,field_match,False,False
m0659,field_match_compressed,False,False
m0659,field_match_acyclic_compressed,False,False
m0659,full,False,False
m0660,audit_only,False,False
m0660,field_match,False,False
m0660,field_match_compressed,False,False
m0660,field_match_acyclic_compressed,False,False
m0660,full,False,False
m0661,audit_only,False,False
m0661,field_match,False,False
m0661,field_match_compressed,False,False
m0661,field_match_acyclic_compressed,False,False
m0661,full,False,False
m0662,audit_only,False,False
m0662,field_match,False,False
m0662,field_match_compressed,False,False
m0662,field_match_acyclic_compressed,False,False
m0662,full,False,False
m0663,audit_only,False,False
m0663,field_match,False,False
m0663,field_match_compressed,False,False
m0663,field_match_acyclic_compressed,False,False
m0663,full,False,False
m0664,audit_only,False,False
m0664,field_match,False,False
m0664,field_match_compressed,False,False
m0664,field_match_acyclic_compressed,False,False
m0664,full,False,False
m0665,audit_only,False,False
m0665,field_match,False,False
m0665,field_match_compressed,False,False
m0665,field_match_acyclic_compressed,False,False
m0665,full,False,False
m0666,audit_only,False,False
m0666,field_match,False,False
m0666,field_match_compressed,False,False
m0666,field_match_acyclic_compressed,False,False
m0666,full,False,False
m0667,audit_only,False,False
m0667,field_match,False,False
m0667,field_match_compressed,False,False
m0667,field_match_acyclic_compressed,False,False
m0667,full,False,False
m0668,audit_only,False,False
m0668,field_match,False,False
m0668,field_match_compressed,False,False
m0668,field_match_acyclic_compressed,False,False
m0668,full,False,False
m0669,audit_only,False,False
m0669,field_match,False,False
m0669,field_match_compressed,False,False
m0669,field_match_acyclic_compressed,False,False
m0669,full,False,False
m0670,audit_only,False,False
m0670,field_match,False,False
m0670,field_match_compressed,False,False
m0670,field_match_acyclic_compressed,False,False
m0670,full,False,False
m0671,audit_only,False,False
m0671,field_match,False,False
m0671,field_match_compressed,False,False
m0671,field_match_acyclic_compressed,False,False
m0671,full,False,False
m0672,audit_only,True,False
m0672,field_match,True,True
m0672,field_match_compressed,True,True
m0672,field_match_acyclic_compressed,True,True
m0672,full,True,True
m0673,audit_only,True,False
m0673,field_match,True,True
m0673,field_match_compressed,True,True
m0673,field_match_acyclic_compressed,True,True
m0673,full,True,True
m0674,audit_only,True,False
m0674,field_match,True,True
m0674,field_match_compressed,True,True
m0674,field_match_acyclic_compressed,True,True
m0674,full,True,True
m0675,audit_only,True,False
m0675,field_match,True,True
m0675,field_match_compressed,True,True
m0675,field_match_acyclic_compressed,True,True
m0675,full,True,True
m0676,audit_only,True,False
m0676,field_match,True,True
m0676,field_match_compressed,True,True
m0676,field_match_acyclic_compressed,True,True
m0676,full,True,True
m0677,audit_only,True,False
m0677,field_match,True,True
m0677,field_match_compressed,True,True
m0677,field_match_acyclic_compressed,True,True
m0677,full,True,True
m0678,audit_only,True,False
m0678,field_match,True,True
m0678,field_match_compressed,True,True
m0678,field_match_acyclic_compressed,True,True
m0678,full,True,True
m0679,audit_only,True,False
m0679,field_match,True,True
m0679,field_match_compressed,True,True
m0679,field_match_acyclic_compressed,True,True
m0679,full,True,True
m0680,audit_only,True,False
m0680,field_match,True,True
m0680,field_match_compressed,True,True
m0680,field_match_acyclic_compressed,True,True
m0680,full,True,True
m0681,audit_only,True,False
m0681,field_match,True,True
m0681,field_match_compressed,True,True
m0681,field_match_acyclic_compressed,True,True
m0681,full,True,True
m0682,audit_only,True,False
m0682,field_match,True,True
m0682,field_match_compressed,True,True
m0682,field_match_acyclic_compressed,True,True
m0682,full,True,True
m0683,audit_only,True,False
m0683,field_match,True,True
m0683,field_match_compressed,True,True
m0683,field_match_acyclic_compressed,True,True
m0683,full,True,True
m0684,audit_only,True,False
m0684,field_match,True,True
m0684,field_match_compressed,True,True
m0684,field_match_acyclic_compressed,True,True
m0684,full,True,True
m0685,audit_only,True,False
m0685,field_match,True,True
m0685,field_match_compressed,True,True
m0685,field_match_acyclic_compressed,True,True
m0685,full,True,True
m0686,audit_only,True,False
m0686,field_match,True,True
m0686,field_match_compressed,True,True
m0686,field_match_acyclic_compressed,True,True
m0686,full,True,True
m0687,audit_only,True,False
m0687,field_match,True,True
m0687,field_match_compressed,True,True
m0687,field_match_acyclic_compressed,True,True
m0687,full,True,True
m0688,audit_only,False,False
m0688,field_match,False,False
m0688,field_match_compressed,False,False
m0688,field_match_acyclic_compressed,False,False
m0688,full,False,False
m0689,audit_only,False,False
m0689,field_match,False,False
m0689,field_match_compressed,False,False
m0689,field_match_acyclic_compressed,False,False
m0689,full,False,False
m0690,audit_only,False,False
m0690,field_match,False,False
m0690,field_match_compressed,False,False
m0690,field_match_acyclic_compressed,False,False
m0690,full,False,False
m0691,audit_only,False,False
m0691,field_match,False,False
m0691,field_match_compressed,False,False
m0691,field_match_acyclic_compressed,False,False
m0691,full,False,False
m0692,audit_only,False,False
m0692,field_match,False,False
m0692,field_match_compressed,False,False
m0692,field_match_acyclic_compressed,False,False
m0692,full,False,False
m0693,audit_only,False,False
m0693,field_match,False,False
m0693,field_match_compressed,False,False
m0693,field_match_acyclic_compressed,False,False
m0693,full,False,False
m0694,audit_only,False,False
m0694,field_match,False,False
m0694,field_match_compressed,False,False
m0694,field_match_acyclic_compressed,False,False
m0694,full,False,False
m0695,audit_only,False,False
m0695,field_match,False,False
m0695,field_match_compressed,False,False
m0695,field_match_acyclic_compressed,False,False
m0695,full,False,False
m0696,audit_only,False,False
m0696,field_match,False,False
m0696,field_match_compressed,False,False
m0696,field_match_acyclic_compressed,False,False
m0696,full,False,False
m0697,audit_only,False,False
m0697,field_match,False,False
m0697,field_match_compressed,False,False
m0697,field_match_acyclic_compressed,False,False
m0697,full,False,False
m0698,audit_only,False,False
m0698,field_match,False,False
m0698,field_match_compressed,False,False
m0698,field_match_acyclic_compressed,False,False
m0698,full,False,False
m0699,audit_only,False,False
m0699,field_match,False,False
m0699,field_match_compressed,False,False
m0699,field_match_acyclic_compressed,False,False
m0699,full,False,False
m0700,audit_only,False,False
m0700,field_match,False,False
m0700,field_match_compressed,False,False
m0700,field_match_acyclic_compressed,False,False
m0700,full,False,False
m0701,audit_only,False,False
m0701,field_match,False,False
m0701,field_match_compressed,False,False
m0701,field_match_acyclic_compressed,False,False
m0701,full,False,False
m0702,audit_only,False,False
m0702,field_match,False,False
m0702,field_match_compressed,False,False
m0702,field_match_acyclic_compressed,False,False
m0702,full,False,False
m0703,audit_only,False,False
m0703,field_match,False,False
m0703,field_match_compressed,False,False
m0703,field_match_acyclic_compressed,False,False
m0703,full,False,False
m0704,audit_only,False,False
m0704,field_match,False,False
m0704,field_match_compressed,False,False
m0704,field_match_acyclic_compressed,False,False
m0704,full,False,False
m0705,audit_only,False,False
m0705,field_match,False,False
m0705,field_match_compressed,False,False
m0705,field_match_acyclic_compressed,False,False
m0705,full,False,False
m0706,audit_only,False,False
m0706,field_match,False,False
m0706,field_match_compressed,False,False
m0706,field_match_acyclic_compressed,False,False
m0706,full,False,False
m0707,audit_only,False,False
m0707,field_match,False,False
m0707,field_match_compressed,False,False
m0707,field_match_acyclic_compressed,False,False
m0707,full,False,False
m0708,audit_only,False,False
m0708,field_match,False,False
m0708,field_match_compressed,False,False
m0708,field_match_acyclic_compressed,False,False
m0708,full,False,False
m0709,audit_only,False,False
m0709,field_match,False,False
m0709,field_match_compressed,False,False
m0709,field_match_acyclic_compressed,False,False
m0709,full,False,False
m0710,audit_only,False,False
m0710,field_match,False,False
m0710,field_match_compressed,False,False
m0710,field_match_acyclic_compressed,False,False
m0710,full,False,False
m0711,audit_only,False,False
m0711,field_match,False,False
m0711,field_match_compressed,False,False
m0711,field_match_acyclic_compressed,False,False
m0711,full,False,False
m0712,audit_only,False,False
m0712,field_match,False,False
m0712,field_match_compressed,False,False
m0712,field_match_acyclic_compressed,False,False
m0712,full,False,False
m0713,audit_only,False,False
m0713,field_match,False,False
m0713,field_match_compressed,False,False
m0713,field_match_acyclic_compressed,False,False
m0713,full,False,False
m0714,audit_only,False,False
m0714,field_match,False,False
m0714,field_match_compressed,False,False
m0714,field_match_acyclic_compressed,False,False
m0714,full,False,False
m0715,audit_only,False,False
m0715,field_match,False,False
m0715,field_match_compressed,False,False
m0715,field_match_acyclic_compressed,False,False
m0715,full,False,False
m0716,audit_only,False,False
m0716,field_match,False,False
m0716,field_match_compressed,False,False
m0716,field_match_acyclic_compressed,False,False
m0716,full,False,False
m0717,audit_only,False,False
m0717,field_match,False,False
m0717,field_match_compressed,False,False
m0717,field_match_acyclic_compressed,False,False
m0717,full,False,False
m0718,audit_only,False,False
m0718,field_match,False,False
m0718,field_match_compressed,False,False
m0718,field_match_acyclic_compressed,False,False
m0718,full,False,False
m0719,audit_only,False,False
m0719,field_match,False,False
m0719,field_match_compressed,False,False
m0719,field_match_acyclic_compressed,False,False
m0719,full,False,False
m0720,audit_only,True,False
m0720,field_match,True,True
m0720,field_match_compressed,True,True
m0720,field_match_acyclic_compressed,True,True
m0720,full,True,True
m0721,audit_only,True,False
m0721,field_match,True,True
m0721,field_match_compressed,True,True
m0721,field_match_acyclic_compressed,True,True
m0721,full,True,True
m0722,audit_only,True,False
m0722,field_match,True,True
m0722,field_match_compressed,True,True
m0722,field_match_acyclic_compressed,True,True
m0722,full,True,True
m0723,audit_only,True,False
m0723,field_match,True,True
m0723,field_match_compressed,True,True
m0723,field_match_acyclic_compressed,True,True
m0723,full,True,True
m0724,audit_only,True,False
m0724,field_match,True,True
m0724,field_match_compressed,True,True
m0724,field_match_acyclic_compressed,True,True
m0724,full,True,True
m0725,audit_only,True,False
m0725,field_match,True,True
m0725,field_match_compressed,True,True
m0725,field_match_acyclic_compressed,True,True
m0725,full,True,True
m0726,audit_only,True,False
m0726,field_match,True,True
m0726,field_match_compressed,True,True
m0726,field_match_acyclic_compressed,True,True
m0726,full,True,True
m0727,audit_only,True,False
m0727,field_match,True,True
m0727,field_match_compressed,True,True
m0727,field_match_acyclic_compressed,True,True
m0727,full,True,True
m0728,audit_only,False,False
m0728,field_match,False,False
m0728,field_match_compressed,False,False
m0728,field_match_acyclic_compressed,False,False
m0728,full,False,False
m0729,audit_only,False,False
m0729,field_match,False,False
m0729,field_match_compressed,False,False
m0729,field_match_acyclic_compressed,False,False
m0729,full,False,False
m0730,audit_only,False,False
m0730,field_match,False,False
m0730,field_match_compressed,False,False
m0730,field_match_acyclic_compressed,False,False
m0730,full,False,False
m0731,audit_only,False,False
m0731,field_match,False,False
m0731,field_match_compressed,False,False
m0731,field_match_acyclic_compressed,False,False
m0731,full,False,False
m0732,audit_only,False,False
m0732,field_match,False,False
m0732,field_match_compressed,False,False
m0732,field_match_acyclic_compressed,False,False
m0732,full,False,False
m0733,audit_only,False,False
m0733,field_match,False,False
m0733,field_match_compressed,False,False
m0733,field_match_acyclic_compressed,False,False
m0733,full,False,False
m0734,audit_only,False,False
m0734,field_match,False,False
m0734,field_match_compressed,False,False
m0734,field_match_acyclic_compressed,False,False
m0734,full,False,False
m0735,audit_only,False,False
m0735,field_match,False,False
m0735,field_match_compressed,False,False
m0735,field_match_acyclic_compressed,False,False
m0735,full,False,False
m0736,audit_only,True,False
m0736,field_match,True,True
m0736,field_match_compressed,True,True
m0736,field_match_acyclic_compressed,True,True
m0736,full,True,True
m0737,audit_only,True,False
m0737,field_match,True,True
m0737,field_match_compressed,True,True
m0737,field_match_acyclic_compressed,True,True
m0737,full,True,True
m0738,audit_only,True,False
m0738,field_match,True,True
m0738,field_match_compressed,True,True
m0738,field_match_acyclic_compressed,True,True
m0738,full,True,True
m0739,audit_only,True,False
m0739,field_match,True,True
m0739,field_match_compressed,True,True
m0739,field_match_acyclic_compressed,True,True
m0739,full,True,True
m0740,audit_only,True,False
m0740,field_match,True,True
m0740,field_match_compressed,True,True
m0740,field_match_acyclic_compressed,True,True
m0740,full,True,True
m0741,audit_only,True,False
m0741,field_match,True,True
m0741,field_match_compressed,True,True
m0741,field_match_acyclic_compressed,True,True
m0741,full,True,True
m0742,audit_only,True,False
m0742,field_match,True,True
m0742,field_match_compressed,True,True
m0742,field_match_acyclic_compressed,True,True
m0742,full,True,True
m0743,audit_only,True,False
m0743,field_match,True,True
m0743,field_match_compressed,True,True
m0743,field_match_acyclic_compressed,True,True
m0743,full,True,True
m0744,audit_only,True,False
m0744,field_match,True,True
m0744,field_match_compressed,True,True
m0744,field_match_acyclic_compressed,True,True
m0744,full,True,True
m0745,audit_only,True,False
m0745,field_match,True,True
m0745,field_match_compressed,True,True
m0745,field_match_acyclic_compressed,True,True
m0745,full,True,True
m0746,audit_only,True,False
m0746,field_match,True,True
m0746,field_match_compressed,True,True
m0746,field_match_acyclic_compressed,True,True
m0746,full,True,True
m0747,audit_only,True,False
m0747,field_match,True,True
m0747,field_match_compressed,True,True
m0747,field_match_acyclic_compressed,True,True
m0747,full,True,True
m0748,audit_only,True,False
m0748,field_match,True,True
m0748,field_match_compressed,True,True
m0748,field_match_acyclic_compressed,True,True
m0748,full,True,True
m0749,audit_only,True,False
m0749,field_match,True,True
m0749,field_match_compressed,True,True
m0749,field_match_acyclic_compressed,True,True
m0749,full,True,True
m0750,audit_only,True,False
m0750,field_match,True,True
m0750,field_match_compressed,True,True
m0750,field_match_acyclic_compressed,True,True
m0750,full,True,True
m0751,audit_only,True,False
m0751,field_match,True,True
m0751,field_match_compressed,True,True
m0751,field_match_acyclic_compressed,True,True
m0751,full,True,True
m0752,audit_only,True,False
m0752,field_match,True,False
m0752,field_match_compressed,True,False
m0752,field_match_acyclic_compressed,True,True
m0752,full,True,True
m0753,audit_only,True,False
m0753,field_match,True,False
m0753,field_match_compressed,True,False
m0753,field_match_acyclic_compressed,True,True
m0753,full,True,True
m0754,audit_only,True,False
m0754,field_match,True,False
m0754,field_match_compressed,True,False
m0754,field_match_acyclic_compressed,True,True
m0754,full,True,True
m0755,audit_only,True,False
m0755,field_match,True,False
m0755,field_match_compressed,True,False
m0755,field_match_acyclic_compressed,True,True
m0755,full,True,True
m0756,audit_only,True,False
m0756,field_match,True,False
m0756,field_match_compressed,True,False
m0756,field_match_acyclic_compressed,True,True
m0756,full,True,True
m0757,audit_only,True,False
m0757,field_match,True,False
m0757,field_match_compressed,True,False
m0757,field_match_acyclic_compressed,True,True
m0757,full,True,True
m0758,audit_only,True,False
m0758,field_match,True,False
m0758,field_match_compressed,True,False
m0758,field_match_acyclic_compressed,True,True
m0758,full,True,True
m0759,audit_only,True,False
m0759,field_match,True,False
m0759,field_match_compressed,True,False
m0759,field_match_acyclic_compressed,True,True
m0759,full,True,True
m0760,audit_only,False,False
m0760,field_match,False,False
m0760,field_match_compressed,False,False
m0760,field_match_acyclic_compressed,False,False
m0760,full,False,False
m0761,audit_only,False,False
m0761,field_match,False,False
m0761,field_match_compressed,False,False
m0761,field_match_acyclic_compressed,False,False
m0761,full,False,False
m0762,audit_only,False,False
m0762,field_match,False,False
m0762,field_match_compressed,False,False
m0762,field_match_acyclic_compressed,False,False
m0762,full,False,False
m0763,audit_only,False,False
m0763,field_match,False,False
m0763,field_match_compressed,False,False
m0763,field_match_acyclic_compressed,False,False
m0763,full,False,False
m0764,audit_only,False,False
m0764,field_match,False,False
m0764,field_match_compressed,False,False
m0764,field_match_acyclic_compressed,False,False
m0764,full,False,False
m0765,audit_only,False,False
m0765,field_match,False,False
m0765,field_match_compressed,False,False
m0765,field_match_acyclic_compressed,False,False
m0765,full,False,False
m0766,audit_only,False,False
m0766,field_match,False,False
m0766,field_match_compressed,False,False
m0766,field_match_acyclic_compressed,False,False
m0766,full,False,False
m0767,audit_only,False,False
m0767,field_match,False,False
m0767,field_match_compressed,False,False
m0767,field_match_acyclic_compressed,False,False
m0767,full,False,False
m0768,audit_only,True,False
m0768,field_match,True,False
m0768,field_match_compressed,True,False
m0768,field_match_acyclic_compressed,True,True
m0768,full,True,True
m0769,audit_only,True,False
m0769,field_match,True,False
m0769,field_match_compressed,True,False
m0769,field_match_acyclic_compressed,True,True
m0769,full,True,True
m0770,audit_only,True,False
m0770,field_match,True,False
m0770,field_match_compressed,True,False
m0770,field_match_acyclic_compressed,True,True
m0770,full,True,True
m0771,audit_only,True,False
m0771,field_match,True,False
m0771,field_match_compressed,True,False
m0771,field_match_acyclic_compressed,True,True
m0771,full,True,True
m0772,audit_only,True,False
m0772,field_match,True,False
m0772,field_match_compressed,True,False
m0772,field_match_acyclic_compressed,True,True
m0772,full,True,True
m0773,audit_only,True,False
m0773,field_match,True,False
m0773,field_match_compressed,True,False
m0773,field_match_acyclic_compressed,True,True
m0773,full,True,True
m0774,audit_only,True,False
m0774,field_match,True,False
m0774,field_match_compressed,True,False
m0774,field_match_acyclic_compressed,True,True
m0774,full,True,True
m0775,audit_only,True,False
m0775,field_match,True,False
m0775,field_match_compressed,True,False
m0775,field_match_acyclic_compressed,True,True
m0775,full,True,True
m0776,audit_only,False,False
m0776,field_match,False,False
m0776,field_match_compressed,False,False
m0776,field_match_acyclic_compressed,False,False
m0776,full,False,False
m0777,audit_only,False,False
m0777,field_match,False,False
m0777,field_match_compressed,False,False
m0777,field_match_acyclic_compressed,False,False
m0777,full,False,False
m0778,audit_only,False,False
m0778,field_match,False,False
m0778,field_match_compressed,False,False
m0778,field_match_acyclic_compressed,False,False
m0778,full,False,False
m0779,audit_only,False,False
m0779,field_match,False,False
m0779,field_match_compressed,False,False
m0779,field_match_acyclic_compressed,False,False
m0779,full,False,False
m0780,audit_only,False,False
m0780,field_match,False,False
m0780,field_match_compressed,False,False
m0780,field_match_acyclic_compressed,False,False
m0780,full,False,False
m0781,audit_only,False,False
m0781,field_match,False,False
m0781,field_match_compressed,False,False
m0781,field_match_acyclic_compressed,False,False
m0781,full,False,False
m0782,audit_only,False,False
m0782,field_match,False,False
m0782,field_match_compressed,False,False
m0782,field_match_acyclic_compressed,False,False
m0782,full,False,False
m0783,audit_only,False,False
m0783,field_match,False,False
m0783,field_match_compressed,False,False
m0783,field_match_acyclic_compressed,False,False
m0783,full,False,False
m0784,audit_only,True,False
m0784,field_match,True,True
m0784,field_match_compressed,True,True
m0784,field_match_acyclic_compressed,True,True
m0784,full,True,True
m0785,audit_only,True,False
m0785,field_match,True,True
m0785,field_match_compressed,True,True
m0785,field_match_acyclic_compressed,True,True
m0785,full,True,True
m0786,audit_only,True,False
m0786,field_match,True,True
m0786,field_match_compressed,True,True
m0786,field_match_acyclic_compressed,True,True
m0786,full,True,True
m0787,audit_only,True,False
m0787,field_match,True,True
m0787,field_match_compressed,True,True
m0787,field_match_acyclic_compressed,True,True
m0787,full,True,True
m0788,audit_only,True,False
m0788,field_match,True,True
m0788,field_match_compressed,True,True
m0788,field_match_acyclic_compressed,True,True
m0788,full,True,True
m0789,audit_only,True,False
m0789,field_match,True,True
m0789,field_match_compressed,True,True
m0789,field_match_acyclic_compressed,True,True
m0789,full,True,True
m0790,audit_only,True,False
m0790,field_match,True,True
m0790,field_match_compressed,True,True
m0790,field_match_acyclic_compressed,True,True
m0790,full,True,True
m0791,audit_only,True,False
m0791,field_match,True,True
m0791,field_match_compressed,True,True
m0791,field_match_acyclic_compressed,True,True
m0791,full,True,True
m0792,audit_only,False,False
m0792,field_match,False,False
m0792,field_match_compressed,False,False
m0792,field_match_acyclic_compressed,False,False
m0792,full,False,False
m0793,audit_only,False,False
m0793,field_match,False,False
m0793,field_match_compressed,False,False
m0793,field_match_acyclic_compressed,False,False
m0793,full,False,False
m0794,audit_only,False,False
m0794,field_match,False,False
m0794,field_match_compressed,False,False
m0794,field_match_acyclic_compressed,False,False
m0794,full,False,False
m0795,audit_only,False,False
m0795,field_match,False,False
m0795,field_match_compressed,False,False
m0795,field_match_acyclic_compressed,False,False
m0795,full,False,False
m0796,audit_only,False,False
m0796,field_match,False,False
m0796,field_match_compressed,False,False
m0796,field_match_acyclic_compressed,False,False
m0796,full,False,False
m0797,audit_only,False,False
m0797,field_match,False,False
m0797,field_match_compressed,False,False
m0797,field_match_acyclic_compressed,False,False
m0797,full,False,False
m0798,audit_only,False,False
m0798,field_match,False,False
m0798,field_match_compressed,False,False
m0798,field_match_acyclic_compressed,False,False
m0798,full,False,False
m0799,audit_only,False,False
m0799,field_match,False,False
m0799,field_match_compressed,False,False
m0799,field_match_acyclic_compressed,False,False
m0799,full,False,False
m0800,audit_only,True,False
m0800,field_match,True,True
m0800,field_match_compressed,True,True
m0800,field_match_acyclic_compressed,True,True
m0800,full,True,True
m0801,audit_only,True,False
m0801,field_match,True,True
m0801,field_match_compressed,True,True
m0801,field_match_acyclic_compressed,True,True
m0801,full,True,True
m0802,audit_only,True,False
m0802,field_match,True,True
m0802,field_match_compressed,True,True
m0802,field_match_acyclic_compressed,True,True
m0802,full,True,True
m0803,audit_only,True,False
m0803,field_match,True,True
m0803,field_match_compressed,True,True
m0803,field_match_acyclic_compressed,True,True
m0803,full,True,True
m0804,audit_only,True,False
m0804,field_match,True,True
m0804,field_match_compressed,True,True
m0804,field_match_acyclic_compressed,True,True
m0804,full,True,True
m0805,audit_only,True,False
m0805,field_match,True,True
m0805,field_match_compressed,True,True
m0805,field_match_acyclic_compressed,True,True
m0805,full,True,True
m0806,audit_only,True,False
m0806,field_match,True,True
m0806,field_match_compressed,True,True
m0806,field_match_acyclic_compressed,True,True
m0806,full,True,True
m0807,audit_only,True,False
m0807,field_match,True,True
m0807,field_match_compressed,True,True
m0807,field_match_acyclic_compressed,True,True
m0807,full,True,True
m0808,audit_only,False,False
m0808,field_match,False,False
m0808,field_match_compressed,False,False
m0808,field_match_acyclic_compressed,False,False
m0808,full,False,False
m0809,audit_only,False,False
m0809,field_match,False,False
m0809,field_match_compressed,False,False
m0809,field_match_acyclic_compressed,False,False
m0809,full,False,False
m0810,audit_only,False,False
m0810,field_match,False,False
m0810,field_match_compressed,False,False
m0810,field_match_acyclic_compressed,False,False
m0810,full,False,False
m0811,audit_only,False,False
m0811,field_match,False,False
m0811,field_match_compressed,False,False
m0811,field_match_acyclic_compressed,False,False
m0811,full,False,False
m0812,audit_only,False,False
m0812,field_match,False,False
m0812,field_match_compressed,False,False
m0812,field_match_acyclic_compressed,False,False
m0812,full,False,False
m0813,audit_only,False,False
m0813,field_match,False,False
m0813,field_match_compressed,False,False
m0813,field_match_acyclic_compressed,False,False
m0813,full,False,False
m0814,audit_only,False,False
m0814,field_match,False,False
m0814,field_match_compressed,False,False
m0814,field_match_acyclic_compressed,False,False
m0814,full,False,False
m0815,audit_only,False,False
m0815,field_match,False,False
m0815,field_match_compressed,False,False
m0815,field_match_acyclic_compressed,False,False
m0815,full,False,False
m0816,audit_only,True,False
m0816,field_match,True,True
m0816,field_match_compressed,True,True
m0816,field_match_acyclic_compressed,True,True
m0816,full,True,True
m0817,audit_only,True,False
m0817,field_match,True,True
m0817,field_match_compressed,True,True
m0817,field_match_acyclic_compressed,True,True
m0817,full,True,True
m0818,audit_only,True,False
m0818,field_match,True,True
m0818,field_match_compressed,True,True
m0818,field_match_acyclic_compressed,True,True
m0818,full,True,True
m0819,audit_only,True,False
m0819,field_match,True,True
m0819,field_match_compressed,True,True
m0819,field_match_acyclic_compressed,True,True
m0819,full,True,True
m0820,audit_only,True,False
m0820,field_match,True,True
m0820,field_match_compressed,True,True
m0820,field_match_acyclic_compressed,True,True
m0820,full,True,True
m0821,audit_only,True,False
m0821,field_match,True,True
m0821,field_match_compressed,True,True
m0821,field_match_acyclic_compressed,True,True
m0821,full,True,True
m0822,audit_only,True,False
m0822,field_match,True,True
m0822,field_match_compressed,True,True
m0822,field_match_acyclic_compressed,True,True
m0822,full,True,True
m0823,audit_only,True,False
m0823,field_match,True,True
m0823,field_match_compressed,True,True
m0823,field_match_acyclic_compressed,True,True
m0823,full,True,True
m0824,audit_only,False,False
m0824,field_match,False,False
m0824,field_match_compressed,False,False
m0824,field_match_acyclic_compressed,False,False
m0824,full,False,False
m0825,audit_only,False,False
m0825,field_match,False,False
m0825,field_match_compressed,False,False
m0825,field_match_acyclic_compressed,False,False
m0825,full,False,False
m0826,audit_only,False,False
m0826,field_match,False,False
m0826,field_match_compressed,False,False
m0826,field_match_acyclic_compressed,False,False
m0826,full,False,False
m0827,audit_only,False,False
m0827,field_match,False,False
m0827,field_match_compressed,False,False
m0827,field_match_acyclic_compressed,False,False
m0827,full,False,False
m0828,audit_only,False,False
m0828,field_match,False,False
m0828,field_match_compressed,False,False
m0828,field_match_acyclic_compressed,False,False
m0828,full,False,False
m0829,audit_only,False,False
m0829,field_match,False,False
m0829,field_match_compressed,False,False
m0829,field_match_acyclic_compressed,False,False
m0829,full,False,False
m0830,audit_only,False,False
m0830,field_match,False,False
m0830,field_match_compressed,False,False
m0830,field_match_acyclic_compressed,False,False
m0830,full,False,False
m0831,audit_only,False,False
m0831,field_match,False,False
m0831,field_match_compressed,False,False
m0831,field_match_acyclic_compressed,False,False
m0831,full,False,False
m0832,audit_only,False,False
m0832,field_match,False,False
m0832,field_match_compressed,False,False
m0832,field_match_acyclic_compressed,False,False
m0832,full,False,False
m0833,audit_only,False,False
m0833,field_match,False,False
m0833,field_match_compressed,False,False
m0833,field_match_acyclic_compressed,False,False
m0833,full,False,False
m0834,audit_only,False,False
m0834,field_match,False,False
m0834,field_match_compressed,False,False
m0834,field_match_acyclic_compressed,False,False
m0834,full,False,False
m0835,audit_only,False,False
m0835,field_match,False,False
m0835,field_match_compressed,False,False
m0835,field_match_acyclic_compressed,False,False
m0835,full,False,False
m0836,audit_only,False,False
m0836,field_match,False,False
m0836,field_match_compressed,False,False
m0836,field_match_acyclic_compressed,False,False
m0836,full,False,False
m0837,audit_only,False,False
m0837,field_match,False,False
m0837,field_match_compressed,False,False
m0837,field_match_acyclic_compressed,False,False
m0837,full,False,False
m0838,audit_only,False,False
m0838,field_match,False,False
m0838,field_match_compressed,False,False
m0838,field_match_acyclic_compressed,False,False
m0838,full,False,False
m0839,audit_only,False,False
m0839,field_match,False,False
m0839,field_match_compressed,False,False
m0839,field_match_acyclic_compressed,False,False
m0839,full,False,False
m0840,audit_only,False,False
m0840,field_match,False,False
m0840,field_match_compressed,False,False
m0840,field_match_acyclic_compressed,False,False
m0840,full,False,False
m0841,audit_only,False,False
m0841,field_match,False,False
m0841,field_match_compressed,False,False
m0841,field_match_acyclic_compressed,False,False
m0841,full,False,False
m0842,audit_only,False,False
m0842,field_match,False,False
m0842,field_match_compressed,False,False
m0842,field_match_acyclic_compressed,False,False
m0842,full,False,False
m0843,audit_only,False,False
m0843,field_match,False,False
m0843,field_match_compressed,False,False
m0843,field_match_acyclic_compressed,False,False
m0843,full,False,False
m0844,audit_only,False,False
m0844,field_match,False,False
m0844,field_match_compressed,False,False
m0844,field_match_acyclic_compressed,False,False
m0844,full,False,False
m0845,audit_only,False,False
m0845,field_match,False,False
m0845,field_match_compressed,False,False
m0845,field_match_acyclic_compressed,False,False
m0845,full,False,False
m0846,audit_only,False,False
m0846,field_match,False,False
m0846,field_match_compressed,False,False
m0846,field_match_acyclic_compressed,False,False
m0846,full,False,False
m0847,audit_only,False,False
m0847,field_match,False,False
m0847,field_match_compressed,False,False
m0847,field_match_acyclic_compressed,False,False
m0847,full,False,False
m0848,audit_only,False,False
m0848,field_match,False,False
m0848,field_match_compressed,False,False
m0848,field_match_acyclic_compressed,False,False
m0848,full,False,False
m0849,audit_only,False,False
m0849,field_match,False,False
m0849,field_match_compressed,False,False
m0849,field_match_acyclic_compressed,False,False
m0849,full,False,False
m0850,audit_only,False,False
m0850,field_match,False,False
m0850,field_match_compressed,False,False
m0850,field_match_acyclic_compressed,False,False
m0850,full,False,False
m0851,audit_only,False,False
m0851,field_match,False,False
m0851,field_match_compressed,False,False
m0851,field_match_acyclic_compressed,False,False
m0851,full,False,False
m0852,audit_only,False,False
m0852,field_match,False,False
m0852,field_match_compressed,False,False
m0852,field_match_acyclic_compressed,False,False
m0852,full,False,False
m0853,audit_only,False,False
m0853,field_match,False,False
m0853,field_match_compressed,False,False
m0853,field_match_acyclic_compressed,False,False
m0853,full,False,False
m0854,audit_only,False,False
m0854,field_match,False,False
m0854,field_match_compressed,False,False
m0854,field_match_acyclic_compressed,False,False
m0854,full,False,False
m0855,audit_only,False,False
m0855,field_match,False,False
m0855,field_match_compressed,False,False
m0855,field_match_acyclic_compressed,False,False
m0855,full,False,False
m0856,audit_only,False,False
m0856,field_match,False,False
m0856,field_match_compressed,False,False
m0856,field_match_acyclic_compressed,False,False
m0856,full,False,False
m0857,audit_only,False,False
m0857,field_match,False,False
m0857,field_match_compressed,False,False
m0857,field_match_acyclic_compressed,False,False
m0857,full,False,False
m0858,audit_only,False,False
m0858,field_match,False,False
m0858,field_match_compressed,False,False
m0858,field_match_acyclic_compressed,False,False
m0858,full,False,False
m0859,audit_only,False,False
m0859,field_match,False,False
m0859,field_match_compressed,False,False
m0859,field_match_acyclic_compressed,False,False
m0859,full,False,False
m0860,audit_only,False,False
m0860,field_match,False,False
m0860,field_match_compressed,False,False
m0860,field_match_acyclic_compressed,False,False
m0860,full,False,False
m0861,audit_only,False,False
m0861,field_match,False,False
m0861,field_match_compressed,False,False
m0861,field_match_acyclic_compressed,False,False
m0861,full,False,False
m0862,audit_only,False,False
m0862,field_match,False,False
m0862,field_match_compressed,False,False
m0862,field_match_acyclic_compressed,False,False
m0862,full,False,False
m0863,audit_only,False,False
m0863,field_match,False,False
m0863,field_match_compressed,False,False
m0863,field_match_acyclic_compressed,False,False
m0863,full,False,False
m0864,audit_only,False,False
m0864,field_match,False,False
m0864,field_match_compressed,False,False
m0864,field_match_acyclic_compressed,False,False
m0864,full,False,False
m0865,audit_only,False,False
m0865,field_match,False,False
m0865,field_match_compressed,False,False
m0865,field_match_acyclic_compressed,False,False
m0865,full,False,False
m0866,audit_only,False,False
m0866,field_match,False,False
m0866,field_match_compressed,False,False
m0866,field_match_acyclic_compressed,False,False
m0866,full,False,False
m0867,audit_only,False,False
m0867,field_match,False,False
m0867,field_match_compressed,False,False
m0867,field_match_acyclic_compressed,False,False
m0867,full,False,False
m0868,audit_only,False,False
m0868,field_match,False,False
m0868,field_match_compressed,False,False
m0868,field_match_acyclic_compressed,False,False
m0868,full,False,False
m0869,audit_only,False,False
m0869,field_match,False,False
m0869,field_match_compressed,False,False
m0869,field_match_acyclic_compressed,False,False
m0869,full,False,False
m0870,audit_only,False,False
m0870,field_match,False,False
m0870,field_match_compressed,False,False
m0870,field_match_acyclic_compressed,False,False
m0870,full,False,False
m0871,audit_only,False,False
m0871,field_match,False,False
m0871,field_match_compressed,False,False
m0871,field_match_acyclic_compressed,False,False
m0871,full,False,False
m0872,audit_only,False,False
m0872,field_match,False,False
m0872,field_match_compressed,False,False
m0872,field_match_acyclic_compressed,False,False
m0872,full,False,False
m0873,audit_only,False,False
m0873,field_match,False,False
m0873,field_match_compressed,False,False
m0873,field_match_acyclic_compressed,False,False
m0873,full,False,False
m0874,audit_only,False,False
m0874,field_match,False,False
m0874,field_match_compressed,False,False
m0874,field_match_acyclic_compressed,False,False
m0874,full,False,False
m0875,audit_only,False,False
m0875,field_match,False,False
m0875,field_match_compressed,False,False
m0875,field_match_acyclic_compressed,False,False
m0875,full,False,False
m0876,audit_only,False,False
m0876,field_match,False,False
m0876,field_match_compressed,False,False
m0876,field_match_acyclic_compressed,False,False
m0876,full,False,False
m0877,audit_only,False,False
m0877,field_match,False,False
m0877,field_match_compressed,False,False
m0877,field_match_acyclic_compressed,False,False
m0877,full,False,False
m0878,audit_only,False,False
m0878,field_match,False,False
m0878,field_match_compressed,False,False
m0878,field_match_acyclic_compressed,False,False
m0878,full,False,False
m0879,audit_only,False,False
m0879,field_match,False,False
m0879,field_match_compressed,False,False
m0879,field_match_acyclic_compressed,False,False
m0879,full,False,False
m0880,audit_only,False,False
m0880,field_match,False,False
m0880,field_match_compressed,False,False
m0880,field_match_acyclic_compressed,False,False
m0880,full,False,False
m0881,audit_only,False,False
m0881,field_match,False,False
m0881,field_match_compressed,False,False
m0881,field_match_acyclic_compressed,False,False
m0881,full,False,False
m0882,audit_only,False,False
m0882,field_match,False,False
m0882,field_match_compressed,False,False
m0882,field_match_acyclic_compressed,False,False
m0882,full,False,False
m0883,audit_only,False,False
m0883,field_match,False,False
m0883,field_match_compressed,False,False
m0883,field_match_acyclic_compressed,False,False
m0883,full,False,False
m0884,audit_only,False,False
m0884,field_match,False,False
m0884,field_match_compressed,False,False
m0884,field_match_acyclic_compressed,False,False
m0884,full,False,False
m0885,audit_only,False,False
m0885,field_match,False,False
m0885,field_match_compressed,False,False
m0885,field_match_acyclic_compressed,False,False
m0885,full,False,False
m0886,audit_only,False,False
m0886,field_match,False,False
m0886,field_match_compressed,False,False
m0886,field_match_acyclic_compressed,False,False
m0886,full,False,False
m0887,audit_only,False,False
m0887,field_match,False,False
m0887,field_match_compressed,False,False
m0887,field_match_acyclic_compressed,False,False
m0887,full,False,False
m0888,audit_only,False,False
m0888,field_match,False,False
m0888,field_match_compressed,False,False
m0888,field_match_acyclic_compressed,False,False
m0888,full,False,False
m0889,audit_only,False,False
m0889,field_match,False,False
m0889,field_match_compressed,False,False
m0889,field_match_acyclic_compressed,False,False
m0889,full,False,False
m0890,audit_only,False,False
m0890,field_match,False,False
m0890,field_match_compressed,False,False
m0890,field_match_acyclic_compressed,False,False
m0890,full,False,False
m0891,audit_only,False,False
m0891,field_match,False,False
m0891,field_match_compressed,False,False
m0891,field_match_acyclic_compressed,False,False
m0891,full,False,False
m0892,audit_only,False,False
m0892,field_match,False,False
m0892,field_match_compressed,False,False
m0892,field_match_acyclic_compressed,False,False
m0892,full,False,False
m0893,audit_only,False,False
m0893,field_match,False,False
m0893,field_match_compressed,False,False
m0893,field_match_acyclic_compressed,False,False
m0893,full,False,False
m0894,audit_only,False,False
m0894,field_match,False,False
m0894,field_match_compressed,False,False
m0894,field_match_acyclic_compressed,False,False
m0894,full,False,False
m0895,audit_only,False,False
m0895,field_match,False,False
m0895,field_match_compressed,False,False
m0895,field_match_acyclic_compressed,False,False
m0895,full,False,False
m0896,audit_only,False,False
m0896,field_match,False,False
m0896,field_match_compressed,False,False
m0896,field_match_acyclic_compressed,False,False
m0896,full,False,False
m0897,audit_only,False,False
m0897,field_match,False,False
m0897,field_match_compressed,False,False
m0897,field_match_acyclic_compressed,False,False
m0897,full,False,False
m0898,audit_only,False,False
m0898,field_match,False,False
m0898,field_match_compressed,False,False
m0898,field_match_acyclic_compressed,False,False
m0898,full,False,False
m0899,audit_only,False,False
m0899,field_match,False,False
m0899,field_match_compressed,False,False
m0899,field_match_acyclic_compressed,False,False
m0899,full,False,False
m0900,audit_only,False,False
m0900,field_match,False,False
m0900,field_match_compressed,False,False
m0900,field_match_acyclic_compressed,False,False
m0900,full,False,False
m0901,audit_only,False,False
m0901,field_match,False,False
m0901,field_match_compressed,False,False
m0901,field_match_acyclic_compressed,False,False
m0901,full,False,False
m0902,audit_only,False,False
m0902,field_match,False,False
m0902,field_match_compressed,False,False
m0902,field_match_acyclic_compressed,False,False
m0902,full,False,False
m0903,audit_only,False,False
m0903,field_match,False,False
m0903,field_match_compressed,False,False
m0903,field_match_acyclic_compressed,False,False
m0903,full,False,False
m0904,audit_only,False,False
m0904,field_match,False,False
m0904,field_match_compressed,False,False
m0904,field_match_acyclic_compressed,False,False
m0904,full,False,False
m0905,audit_only,False,False
m0905,field_match,False,False
m0905,field_match_compressed,False,False
m0905,field_match_acyclic_compressed,False,False
m0905,full,False,False
m0906,audit_only,False,False
m0906,field_match,False,False
m0906,field_match_compressed,False,False
m0906,field_match_acyclic_compressed,False,False
m0906,full,False,False
m0907,audit_only,False,False
m0907,field_match,False,False
m0907,field_match_compressed,False,False
m0907,field_match_acyclic_compressed,False,False
m0907,full,False,False
m0908,audit_only,False,False
m0908,field_match,False,False
m0908,field_match_compressed,False,False
m0908,field_match_acyclic_compressed,False,False
m0908,full,False,False
m0909,audit_only,False,False
m0909,field_match,False,False
m0909,field_match_compressed,False,False
m0909,field_match_acyclic_compressed,False,False
m0909,full,False,False
m0910,audit_only,False,False
m0910,field_match,False,False
m0910,field_match_compressed,False,False
m0910,field_match_acyclic_compressed,False,False
m0910,full,False,False
m0911,audit_only,False,False
m0911,field_match,False,False
m0911,field_match_compressed,False,False
m0911,field_match_acyclic_compressed,False,False
m0911,full,False,False
m0912,audit_only,False,False
m0912,field_match,False,False
m0912,field_match_compressed,False,False
m0912,field_match_acyclic_compressed,False,False
m0912,full,False,False
m0913,audit_only,False,False
m0913,field_match,False,False
m0913,field_match_compressed,False,False
m0913,field_match_acyclic_compressed,False,False
m0913,full,False,False
m0914,audit_only,False,False
m0914,field_match,False,False
m0914,field_match_compressed,False,False
m0914,field_match_acyclic_compressed,False,False
m0914,full,False,False
m0915,audit_only,False,False
m0915,field_match,False,False
m0915,field_match_compressed,False,False
m0915,field_match_acyclic_compressed,False,False
m0915,full,False,False
m0916,audit_only,False,False
m0916,field_match,False,False
m0916,field_match_compressed,False,False
m0916,field_match_acyclic_compressed,False,False
m0916,full,False,False
m0917,audit_only,False,False
m0917,field_match,False,False
m0917,field_match_compressed,False,False
m0917,field_match_acyclic_compressed,False,False
m0917,full,False,False
m0918,audit_only,False,False
m0918,field_match,False,False
m0918,field_match_compressed,False,False
m0918,field_match_acyclic_compressed,False,False
m0918,full,False,False
m0919,audit_only,False,False
m0919,field_match,False,False
m0919,field_match_compressed,False,False
m0919,field_match_acyclic_compressed,False,False
m0919,full,False,False
m0920,audit_only,False,False
m0920,field_match,False,False
m0920,field_match_compressed,False,False
m0920,field_match_acyclic_compressed,False,False
m0920,full,False,False
m0921,audit_only,False,False
m0921,field_match,False,False
m0921,field_match_compressed,False,False
m0921,field_match_acyclic_compressed,False,False
m0921,full,False,False
m0922,audit_only,False,False
m0922,field_match,False,False
m0922,field_match_compressed,False,False
m0922,field_match_acyclic_compressed,False,False
m0922,full,False,False
m0923,audit_only,False,False
m0923,field_match,False,False
m0923,field_match_compressed,False,False
m0923,field_match_acyclic_compressed,False,False
m0923,full,False,False
m0924,audit_only,False,False
m0924,field_match,False,False
m0924,field_match_compressed,False,False
m0924,field_match_acyclic_compressed,False,False
m0924,full,False,False
m0925,audit_only,False,False
m0925,field_match,False,False
m0925,field_match_compressed,False,False
m0925,field_match_acyclic_compressed,False,False
m0925,full,False,False
m0926,audit_only,False,False
m0926,field_match,False,False
m0926,field_match_compressed,False,False
m0926,field_match_acyclic_compressed,False,False
m0926,full,False,False
m0927,audit_only,False,False
m0927,field_match,False,False
m0927,field_match_compressed,False,False
m0927,field_match_acyclic_compressed,False,False
m0927,full,False,False
m0928,audit_only,False,False
m0928,field_match,False,False
m0928,field_match_compressed,False,False
m0928,field_match_acyclic_compressed,False,False
m0928,full,False,False
m0929,audit_only,False,False
m0929,field_match,False,False
m0929,field_match_compressed,False,False
m0929,field_match_acyclic_compressed,False,False
m0929,full,False,False
m0930,audit_only,False,False
m0930,field_match,False,False
m0930,field_match_compressed,False,False
m0930,field_match_acyclic_compressed,False,False
m0930,full,False,False
m0931,audit_only,False,False
m0931,field_match,False,False
m0931,field_match_compressed,False,False
m0931,field_match_acyclic_compressed,False,False
m0931,full,False,False
m0932,audit_only,False,False
m0932,field_match,False,False
m0932,field_match_compressed,False,False
m0932,field_match_acyclic_compressed,False,False
m0932,full,False,False
m0933,audit_only,False,False
m0933,field_match,False,False
m0933,field_match_compressed,False,False
m0933,field_match_acyclic_compressed,False,False
m0933,full,False,False
m0934,audit_only,False,False
m0934,field_match,False,False
m0934,field_match_compressed,False,False
m0934,field_match_acyclic_compressed,False,False
m0934,full,False,False
m0935,audit_only,False,False
m0935,field_match,False,False
m0935,field_match_compressed,False,False
m0935,field_match_acyclic_compressed,False,False
m0935,full,False,False
m0936,audit_only,False,False
m0936,field_match,False,False
m0936,field_match_compressed,False,False
m0936,field_match_acyclic_compressed,False,False
m0936,full,False,False
m0937,audit_only,False,False
m0937,field_match,False,False
m0937,field_match_compressed,False,False
m0937,field_match_acyclic_compressed,False,False
m0937,full,False,False
m0938,audit_only,False,False
m0938,field_match,False,False
m0938,field_match_compressed,False,False
m0938,field_match_acyclic_compressed,False,False
m0938,full,False,False
m0939,audit_only,False,False
m0939,field_match,False,False
m0939,field_match_compressed,False,False
m0939,field_match_acyclic_compressed,False,False
m0939,full,False,False
m0940,audit_only,False,False
m0940,field_match,False,False
m0940,field_match_compressed,False,False
m0940,field_match_acyclic_compressed,False,False
m0940,full,False,False
m0941,audit_only,False,False
m0941,field_match,False,False
m0941,field_match_compressed,False,False
m0941,field_match_acyclic_compressed,False,False
m0941,full,False,False
m0942,audit_only,False,False
m0942,field_match,False,False
m0942,field_match_compressed,False,False
m0942,field_match_acyclic_compressed,False,False
m0942,full,False,False
m0943,audit_only,False,False
m0943,field_match,False,False
m0943,field_match_compressed,False,False
m0943,field_match_acyclic_compressed,False,False
m0943,full,False,False
m0944,audit_only,False,False
m0944,field_match,False,False
m0944,field_match_compressed,False,False
m0944,field_match_acyclic_compressed,False,False
m0944,full,False,False
m0945,audit_only,False,False
m0945,field_match,False,False
m0945,field_match_compressed,False,False
m0945,field_match_acyclic_compressed,False,False
m0945,full,False,False
m0946,audit_only,False,False
m0946,field_match,False,False
m0946,field_match_compressed,False,False
m0946,field_match_acyclic_compressed,False,False
m0946,full,False,False
m0947,audit_only,False,False
m0947,field_match,False,False
m0947,field_match_compressed,False,False
m0947,field_match_acyclic_compressed,False,False
m0947,full,False,False
m0948,audit_only,False,False
m0948,field_match,False,False
m0948,field_match_compressed,False,False
m0948,field_match_acyclic_compressed,False,False
m0948,full,False,False
m0949,audit_only,False,False
m0949,field_match,False,False
m0949,field_match_compressed,False,False
m0949,field_match_acyclic_compressed,False,False
m0949,full,False,False
m0950,audit_only,False,False
m0950,field_match,False,False
m0950,field_match_compressed,False,False
m0950,field_match_acyclic_compressed,False,False
m0950,full,False,False
m0951,audit_only,False,False
m0951,field_match,False,False
m0951,field_match_compressed,False,False
m0951,field_match_acyclic_compressed,False,False
m0951,full,False,False
m0952,audit_only,False,False
m0952,field_match,False,False
m0952,field_match_compressed,False,False
m0952,field_match_acyclic_compressed,False,False
m0952,full,False,False
m0953,audit_only,False,False
m0953,field_match,False,False
m0953,field_match_compressed,False,False
m0953,field_match_acyclic_compressed,False,False
m0953,full,False,False
m0954,audit_only,False,False
m0954,field_match,False,False
m0954,field_match_compressed,False,False
m0954,field_match_acyclic_compressed,False,False
m0954,full,False,False
m0955,audit_only,False,False
m0955,field_match,False,False
m0955,field_match_compressed,False,False
m0955,field_match_acyclic_compressed,False,False
m0955,full,False,False
m0956,audit_only,False,False
m0956,field_match,False,False
m0956,field_match_compressed,False,False
m0956,field_match_acyclic_compressed,False,False
m0956,full,False,False
m0957,audit_only,False,False
m0957,field_match,False,False
m0957,field_match_compressed,False,False
m0957,field_match_acyclic_compressed,False,False
m0957,full,False,False
m0958,audit_only,False,False
m0958,field_match,False,False
m0958,field_match_compressed,False,False
m0958,field_match_acyclic_compressed,False,False
m0958,full,False,False
m0959,audit_only,False,False
m0959,field_match,False,False
m0959,field_match_compressed,False,False
m0959,field_match_acyclic_compressed,False,False
m0959,full,False,False
m0960,audit_only,False,False
m0960,field_match,False,False
m0960,field_match_compressed,False,False
m0960,field_match_acyclic_compressed,False,False
m0960,full,False,False
m0961,audit_only,False,False
m0961,field_match,False,False
m0961,field_match_compressed,False,False
m0961,field_match_acyclic_compressed,False,False
m0961,full,False,False
m0962,audit_only,False,False
m0962,field_match,False,False
m0962,field_match_compressed,False,False
m0962,field_match_acyclic_compressed,False,False
m0962,full,False,False
m0963,audit_only,False,False
m0963,field_match,False,False
m0963,field_match_compressed,False,False
m0963,field_match_acyclic_compressed,False,False
m0963,full,False,False
m0964,audit_only,False,False
m0964,field_match,False,False
m0964,field_match_compressed,False,False
m0964,field_match_acyclic_compressed,False,False
m0964,full,False,False
m0965,audit_only,False,False
m0965,field_match,False,False
m0965,field_match_compressed,False,False
m0965,field_match_acyclic_compressed,False,False
m0965,full,False,False
m0966,audit_only,False,False
m0966,field_match,False,False
m0966,field_match_compressed,False,False
m0966,field_match_acyclic_compressed,False,False
m0966,full,False,False
m0967,audit_only,False,False
m0967,field_match,False,False
m0967,field_match_compressed,False,False
m0967,field_match_acyclic_compressed,False,False
m0967,full,False,False
m0968,audit_only,True,False
m0968,field_match,True,True
m0968,field_match_compressed,True,True
m0968,field_match_acyclic_compressed,True,True
m0968,full,True,True
m0969,audit_only,True,False
m0969,field_match,True,True
m0969,field_match_compressed,True,True
m0969,field_match_acyclic_compressed,True,True
m0969,full,True,True
m0970,audit_only,True,False
m0970,field_match,True,True
m0970,field_match_compressed,True,True
m0970,field_match_acyclic_compressed,True,True
m0970,full,True,True
m0971,audit_only,True,False
m0971,field_match,True,True
m0971,field_match_compressed,True,True
m0971,field_match_acyclic_compressed,True,True
m0971,full,True,True
m0972,audit_only,True,False
m0972,field_match,True,True
m0972,field_match_compressed,True,True
m0972,field_match_acyclic_compressed,True,True
m0972,full,True,True
m0973,audit_only,True,False
m0973,field_match,True,True
m0973,field_match_compressed,True,True
m0973,field_match_acyclic_compressed,True,True
m0973,full,True,True
m0974,audit_only,True,False
m0974,field_match,True,True
m0974,field_match_compressed,True,True
m0974,field_match_acyclic_compressed,True,True
m0974,full,True,True
m0975,audit_only,True,False
m0975,field_match,True,True
m0975,field_match_compressed,True,True
m0975,field_match_acyclic_compressed,True,True
m0975,full,True,True
m0976,audit_only,False,False
m0976,field_match,False,False
m0976,field_match_compressed,False,False
m0976,field_match_acyclic_compressed,False,False
m0976,full,False,False
m0977,audit_only,False,False
m0977,field_match,False,False
m0977,field_match_compressed,False,False
m0977,field_match_acyclic_compressed,False,False
m0977,full,False,False
m0978,audit_only,False,False
m0978,field_match,False,False
m0978,field_match_compressed,False,False
m0978,field_match_acyclic_compressed,False,False
m0978,full,False,False
m0979,audit_only,False,False
m0979,field_match,False,False
m0979,field_match_compressed,False,False
m0979,field_match_acyclic_compressed,False,False
m0979,full,False,False
m0980,audit_only,False,False
m0980,field_match,False,False
m0980,field_match_compressed,False,False
m0980,field_match_acyclic_compressed,False,False
m0980,full,False,False
m0981,audit_only,False,False
m0981,field_match,False,False
m0981,field_match_compressed,False,False
m0981,field_match_acyclic_compressed,False,False
m0981,full,False,False
m0982,audit_only,False,False
m0982,field_match,False,False
m0982,field_match_compressed,False,False
m0982,field_match_acyclic_compressed,False,False
m0982,full,False,False
m0983,audit_only,False,False
m0983,field_match,False,False
m0983,field_match_compressed,False,False
m0983,field_match_acyclic_compressed,False,False
m0983,full,False,False
m0984,audit_only,False,False
m0984,field_match,False,False
m0984,field_match_compressed,False,False
m0984,field_match_acyclic_compressed,False,False
m0984,full,False,False
m0985,audit_only,False,False
m0985,field_match,False,False
m0985,field_match_compressed,False,False
m0985,field_match_acyclic_compressed,False,False
m0985,full,False,False
m0986,audit_only,False,False
m0986,field_match,False,False
m0986,field_match_compressed,False,False
m0986,field_match_acyclic_compressed,False,False
m0986,full,False,False
m0987,audit_only,False,False
m0987,field_match,False,False
m0987,field_match_compressed,False,False
m0987,field_match_acyclic_compressed,False,False
m0987,full,False,False
m0988,audit_only,False,False
m0988,field_match,False,False
m0988,field_match_compressed,False,False
m0988,field_match_acyclic_compressed,False,False
m0988,full,False,False
m0989,audit_only,False,False
m0989,field_match,False,False
m0989,field_match_compressed,False,False
m0989,field_match_acyclic_compressed,False,False
m0989,full,False,False
m0990,audit_only,False,False
m0990,field_match,False,False
m0990,field_match_compressed,False,False
m0990,field_match_acyclic_compressed,False,False
m0990,full,False,False
m0991,audit_only,False,False
m0991,field_match,False,False
m0991,field_match_compressed,False,False
m0991,field_match_acyclic_compressed,False,False
m0991,full,False,False
m0992,audit_only,True,False
m0992,field_match,True,False
m0992,field_match_compressed,True,False
m0992,field_match_acyclic_compressed,True,False
m0992,full,True,False
m0993,audit_only,True,False
m0993,field_match,True,False
m0993,field_match_compressed,True,False
m0993,field_match_acyclic_compressed,True,False
m0993,full,True,False
m0994,audit_only,True,False
m0994,field_match,True,False
m0994,field_match_compressed,True,False
m0994,field_match_acyclic_compressed,True,False
m0994,full,True,False
m0995,audit_only,True,False
m0995,field_match,True,False
m0995,field_match_compressed,True,False
m0995,field_match_acyclic_compressed,True,False
m0995,full,True,False
m0996,audit_only,True,False
m0996,field_match,True,False
m0996,field_match_compressed,True,False
m0996,field_match_acyclic_compressed,True,False
m0996,full,True,False
m0997,audit_only,True,False
m0997,field_match,True,False
m0997,field_match_compressed,True,False
m0997,field_match_acyclic_compressed,True,False
m0997,full,True,False
m0998,audit_only,True,False
m0998,field_match,True,False
m0998,field_match_compressed,True,False
m0998,field_match_acyclic_compressed,True,False
m0998,full,True,False
m0999,audit_only,True,False
m0999,field_match,True,False
m0999,field_match_compressed,True,False
m0999,field_match_acyclic_compressed,True,False
m0999,full,True,False
m1000,audit_only,True,False
m1000,field_match,True,False
m1000,field_match_compressed,True,False
m1000,field_match_acyclic_compressed,True,True
m1000,full,True,True
m1001,audit_only,True,False
m1001,field_match,True,False
m1001,field_match_compressed,True,False
m1001,field_match_acyclic_compressed,True,True
m1001,full,True,True
m1002,audit_only,True,False
m1002,field_match,True,False
m1002,field_match_compressed,True,False
m1002,field_match_acyclic_compressed,True,True
m1002,full,True,True
m1003,audit_only,True,False
m1003,field_match,True,False
m1003,field_match_compressed,True,False
m1003,field_match_acyclic_compressed,True,True
m1003,full,True,True
m1004,audit_only,True,False
m1004,field_match,True,False
m1004,field_match_compressed,True,False
m1004,field_match_acyclic_compressed,True,True
m1004,full,True,True
m1005,audit_only,True,False
m1005,field_match,True,False
m1005,field_match_compressed,True,False
m1005,field_match_acyclic_compressed,True,True
m1005,full,True,True
m1006,audit_only,True,False
m1006,field_match,True,False
m1006,field_match_compressed,True,False
m1006,field_match_acyclic_compressed,True,True
m1006,full,True,True
m1007,audit_only,True,False
m1007,field_match,True,False
m1007,field_match_compressed,True,False
m1007,field_match_acyclic_compressed,True,True
m1007,full,True,True
m1008,audit_only,True,False
m1008,field_match,True,True
m1008,field_match_compressed,True,True
m1008,field_match_acyclic_compressed,True,True
m1008,full,True,True
m1009,audit_only,True,False
m1009,field_match,True,True
m1009,field_match_compressed,True,True
m1009,field_match_acyclic_compressed,True,True
m1009,full,True,True
m1010,audit_only,True,False
m1010,field_match,True,True
m1010,field_match_compressed,True,True
m1010,field_match_acyclic_compressed,True,True
m1010,full,True,True
m1011,audit_only,True,False
m1011,field_match,True,True
m1011,field_match_compressed,True,True
m1011,field_match_acyclic_compressed,True,True
m1011,full,True,True
m1012,audit_only,True,False
m1012,field_match,True,True
m1012,field_match_compressed,True,True
m1012,field_match_acyclic_compressed,True,True
m1012,full,True,True
m1013,audit_only,True,False
m1013,field_match,True,True
m1013,field_match_compressed,True,True
m1013,field_match_acyclic_compressed,True,True
m1013,full,True,True
m1014,audit_only,True,False
m1014,field_match,True,True
m1014,field_match_compressed,True,True
m1014,field_match_acyclic_compressed,True,True
m1014,full,True,True
m1015,audit_only,True,False
m1015,field_match,True,True
m1015,field_match_compressed,True,True
m1015,field_match_acyclic_compressed,True,True
m1015,full,True,True
m1016,audit_only,False,False
m1016,field_match,False,False
m1016,field_match_compressed,False,False
m1016,field_match_acyclic_compressed,False,False
m1016,full,False,False
m1017,audit_only,False,False
m1017,field_match,False,False
m1017,field_match_compressed,False,False
m1017,field_match_acyclic_compressed,False,False
m1017,full,False,False
m1018,audit_only,False,False
m1018,field_match,False,False
m1018,field_match_compressed,False,False
m1018,field_match_acyclic_compressed,False,False
m1018,full,False,False
m1019,audit_only,False,False
m1019,field_match,False,False
m1019,field_match_compressed,False,False
m1019,field_match_acyclic_compressed,False,False
m1019,full,False,False
m1020,audit_only,False,False
m1020,field_match,False,False
m1020,field_match_compressed,False,False
m1020,field_match_acyclic_compressed,False,False
m1020,full,False,False
m1021,audit_only,False,False
m1021,field_match,False,False
m1021,field_match_compressed,False,False
m1021,field_match_acyclic_compressed,False,False
m1021,full,False,False
m1022,audit_only,False,False
m1022,field_match,False,False
m1022,field_match_compressed,False,False
m1022,field_match_acyclic_compressed,False,False
m1022,full,False,False
m1023,audit_only,False,False
m1023,field_match,False,False
m1023,field_match_compressed,False,False
m1023,field_match_acyclic_compressed,False,False
m1023,full,False,False
m1024,audit_only,False,False
m1024,field_match,False,False
m1024,field_match_compressed,False,False
m1024,field_match_acyclic_compressed,False,False
m1024,full,False,False
m1025,audit_only,False,False
m1025,field_match,False,False
m1025,field_match_compressed,False,False
m1025,field_match_acyclic_compressed,False,False
m1025,full,False,False
m1026,audit_only,False,False
m1026,field_match,False,False
m1026,field_match_compressed,False,False
m1026,field_match_acyclic_compressed,False,False
m1026,full,False,False
m1027,audit_only,False,False
m1027,field_match,False,False
m1027,field_match_compressed,False,False
m1027,field_match_acyclic_compressed,False,False
m1027,full,False,False
m1028,audit_only,False,False
m1028,field_match,False,False
m1028,field_match_compressed,False,False
m1028,field_match_acyclic_compressed,False,False
m1028,full,False,False
m1029,audit_only,False,False
m1029,field_match,False,False
m1029,field_match_compressed,False,False
m1029,field_match_acyclic_compressed,False,False
m1029,full,False,False
m1030,audit_only,False,False
m1030,field_match,False,False
m1030,field_match_compressed,False,False
m1030,field_match_acyclic_compressed,False,False
m1030,full,False,False
m1031,audit_only,False,False
m1031,field_match,False,False
m1031,field_match_compressed,False,False
m1031,field_match_acyclic_compressed,False,False
m1031,full,False,False
m1032,audit_only,False,False
m1032,field_match,False,False
m1032,field_match_compressed,False,False
m1032,field_match_acyclic_compressed,False,False
m1032,full,False,False
m1033,audit_only,False,False
m1033,field_match,False,False
m1033,field_match_compressed,False,False
m1033,field_match_acyclic_compressed,False,False
m1033,full,False,False
m1034,audit_only,False,False
m1034,field_match,False,False
m1034,field_match_compressed,False,False
m1034,field_match_acyclic_compressed,False,False
m1034,full,False,False
m1035,audit_only,False,False
m1035,field_match,False,False
m1035,field_match_compressed,False,False
m1035,field_match_acyclic_compressed,False,False
m1035,full,False,False
m1036,audit_only,False,False
m1036,field_match,False,False
m1036,field_match_compressed,False,False
m1036,field_match_acyclic_compressed,False,False
m1036,full,False,False
m1037,audit_only,False,False
m1037,field_match,False,False
m1037,field_match_compressed,False,False
m1037,field_match_acyclic_compressed,False,False
m1037,full,False,False
m1038,audit_only,False,False
m1038,field_match,False,False
m1038,field_match_compressed,False,False
m1038,field_match_acyclic_compressed,False,False
m1038,full,False,False
m1039,audit_only,False,False
m1039,field_match,False,False
m1039,field_match_compressed,False,False
m1039,field_match_acyclic_compressed,False,False
m1039,full,False,False
m1040,audit_only,False,False
m1040,field_match,False,False
m1040,field_match_compressed,False,False
m1040,field_match_acyclic_compressed,False,False
m1040,full,False,False
m1041,audit_only,False,False
m1041,field_match,False,False
m1041,field_match_compressed,False,False
m1041,field_match_acyclic_compressed,False,False
m1041,full,False,False
m1042,audit_only,False,False
m1042,field_match,False,False
m1042,field_match_compressed,False,False
m1042,field_match_acyclic_compressed,False,False
m1042,full,False,False
m1043,audit_only,False,False
m1043,field_match,False,False
m1043,field_match_compressed,False,False
m1043,field_match_acyclic_compressed,False,False
m1043,full,False,False
m1044,audit_only,False,False
m1044,field_match,False,False
m1044,field_match_compressed,False,False
m1044,field_match_acyclic_compressed,False,False
m1044,full,False,False
m1045,audit_only,False,False
m1045,field_match,False,False
m1045,field_match_compressed,False,False
m1045,field_match_acyclic_compressed,False,False
m1045,full,False,False
m1046,audit_only,False,False
m1046,field_match,False,False
m1046,field_match_compressed,False,False
m1046,field_match_acyclic_compressed,False,False
m1046,full,False,False
m1047,audit_only,False,False
m1047,field_match,False,False
m1047,field_match_compressed,False,False
m1047,field_match_acyclic_compressed,False,False
m1047,full,False,False
m1048,audit_only,False,False
m1048,field_match,False,False
m1048,field_match_compressed,False,False
m1048,field_match_acyclic_compressed,False,False
m1048,full,False,False
m1049,audit_only,False,False
m1049,field_match,False,False
m1049,field_match_compressed,False,False
m1049,field_match_acyclic_compressed,False,False
m1049,full,False,False
m1050,audit_only,False,False
m1050,field_match,False,False
m1050,field_match_compressed,False,False
m1050,field_match_acyclic_compressed,False,False
m1050,full,False,False
m1051,audit_only,False,False
m1051,field_match,False,False
m1051,field_match_compressed,False,False
m1051,field_match_acyclic_compressed,False,False
m1051,full,False,False
m1052,audit_only,False,False
m1052,field_match,False,False
m1052,field_match_compressed,False,False
m1052,field_match_acyclic_compressed,False,False
m1052,full,False,False
m1053,audit_only,False,False
m1053,field_match,False,False
m1053,field_match_compressed,False,False
m1053,field_match_acyclic_compressed,False,False
m1053,full,False,False
m1054,audit_only,False,False
m1054,field_match,False,False
m1054,field_match_compressed,False,False
m1054,field_match_acyclic_compressed,False,False
m1054,full,False,False
m1055,audit_only,False,False
m1055,field_match,False,False
m1055,field_match_compressed,False,False
m1055,field_match_acyclic_compressed,False,False
m1055,full,False,False
m1056,audit_only,False,False
m1056,field_match,False,False
m1056,field_match_compressed,False,False
m1056,field_match_acyclic_compressed,False,False
m1056,full,False,False
m1057,audit_only,False,False
m1057,field_match,False,False
m1057,field_match_compressed,False,False
m1057,field_match_acyclic_compressed,False,False
m1057,full,False,False
m1058,audit_only,False,False
m1058,field_match,False,False
m1058,field_match_compressed,False,False
m1058,field_match_acyclic_compressed,False,False
m1058,full,False,False
m1059,audit_only,False,False
m1059,field_match,False,False
m1059,field_match_compressed,False,False
m1059,field_match_acyclic_compressed,False,False
m1059,full,False,False
m1060,audit_only,False,False
m1060,field_match,False,False
m1060,field_match_compressed,False,False
m1060,field_match_acyclic_compressed,False,False
m1060,full,False,False
m1061,audit_only,False,False
m1061,field_match,False,False
m1061,field_match_compressed,False,False
m1061,field_match_acyclic_compressed,False,False
m1061,full,False,False
m1062,audit_only,False,False
m1062,field_match,False,False
m1062,field_match_compressed,False,False
m1062,field_match_acyclic_compressed,False,False
m1062,full,False,False
m1063,audit_only,False,False
m1063,field_match,False,False
m1063,field_match_compressed,False,False
m1063,field_match_acyclic_compressed,False,False
m1063,full,False,False
m1064,audit_only,False,False
m1064,field_match,False,False
m1064,field_match_compressed,False,False
m1064,field_match_acyclic_compressed,False,False
m1064,full,False,False
m1065,audit_only,False,False
m1065,field_match,False,False
m1065,field_match_compressed,False,False
m1065,field_match_acyclic_compressed,False,False
m1065,full,False,False
m1066,audit_only,False,False
m1066,field_match,False,False
m1066,field_match_compressed,False,False
m1066,field_match_acyclic_compressed,False,False
m1066,full,False,False
m1067,audit_only,False,False
m1067,field_match,False,False
m1067,field_match_compressed,False,False
m1067,field_match_acyclic_compressed,False,False
m1067,full,False,False
m1068,audit_only,False,False
m1068,field_match,False,False
m1068,field_match_compressed,False,False
m1068,field_match_acyclic_compressed,False,False
m1068,full,False,False
m1069,audit_only,False,False
m1069,field_match,False,False
m1069,field_match_compressed,False,False
m1069,field_match_acyclic_compressed,False,False
m1069,full,False,False
m1070,audit_only,False,False
m1070,field_match,False,False
m1070,field_match_compressed,False,False
m1070,field_match_acyclic_compressed,False,False
m1070,full,False,False
m1071,audit_only,False,False
m1071,field_match,False,False
m1071,field_match_compressed,False,False
m1071,field_match_acyclic_compressed,False,False
m1071,full,False,False
m1072,audit_only,False,False
m1072,field_match,False,False
m1072,field_match_compressed,False,False
m1072,field_match_acyclic_compressed,False,False
m1072,full,False,False
m1073,audit_only,False,False
m1073,field_match,False,False
m1073,field_match_compressed,False,False
m1073,field_match_acyclic_compressed,False,False
m1073,full,False,False
m1074,audit_only,False,False
m1074,field_match,False,False
m1074,field_match_compressed,False,False
m1074,field_match_acyclic_compressed,False,False
m1074,full,False,False
m1075,audit_only,False,False
m1075,field_match,False,False
m1075,field_match_compressed,False,False
m1075,field_match_acyclic_compressed,False,False
m1075,full,False,False
m1076,audit_only,False,False
m1076,field_match,False,False
m1076,field_match_compressed,False,False
m1076,field_match_acyclic_compressed,False,False
m1076,full,False,False
m1077,audit_only,False,False
m1077,field_match,False,False
m1077,field_match_compressed,False,False
m1077,field_match_acyclic_compressed,False,False
m1077,full,False,False
m1078,audit_only,False,False
m1078,field_match,False,False
m1078,field_match_compressed,False,False
m1078,field_match_acyclic_compressed,False,False
m1078,full,False,False
m1079,audit_only,False,False
m1079,field_match,False,False
m1079,field_match_compressed,False,False
m1079,field_match_acyclic_compressed,False,False
m1079,full,False,False
m1080,audit_only,False,False
m1080,field_match,False,False
m1080,field_match_compressed,False,False
m1080,field_match_acyclic_compressed,False,False
m1080,full,False,False
m1081,audit_only,False,False
m1081,field_match,False,False
m1081,field_match_compressed,False,False
m1081,field_match_acyclic_compressed,False,False
m1081,full,False,False
m1082,audit_only,False,False
m1082,field_match,False,False
m1082,field_match_compressed,False,False
m1082,field_match_acyclic_compressed,False,False
m1082,full,False,False
m1083,audit_only,False,False
m1083,field_match,False,False
m1083,field_match_compressed,False,False
m1083,field_match_acyclic_compressed,False,False
m1083,full,False,False
m1084,audit_only,False,False
m1084,field_match,False,False
m1084,field_match_compressed,False,False
m1084,field_match_acyclic_compressed,False,False
m1084,full,False,False
m1085,audit_only,False,False
m1085,field_match,False,False
m1085,field_match_compressed,False,False
m1085,field_match_acyclic_compressed,False,False
m1085,full,False,False
m1086,audit_only,False,False
m1086,field_match,False,False
m1086,field_match_compressed,False,False
m1086,field_match_acyclic_compressed,False,False
m1086,full,False,False
m1087,audit_only,False,False
m1087,field_match,False,False
m1087,field_match_compressed,False,False
m1087,field_match_acyclic_compressed,False,False
m1087,full,False,False
m1088,audit_only,False,False
m1088,field_match,False,False
m1088,field_match_compressed,False,False
m1088,field_match_acyclic_compressed,False,False
m1088,full,False,False
m1089,audit_only,False,False
m1089,field_match,False,False
m1089,field_match_compressed,False,False
m1089,field_match_acyclic_compressed,False,False
m1089,full,False,False
m1090,audit_only,False,False
m1090,field_match,False,False
m1090,field_match_compressed,False,False
m1090,field_match_acyclic_compressed,False,False
m1090,full,False,False
m1091,audit_only,False,False
m1091,field_match,False,False
m1091,field_match_compressed,False,False
m1091,field_match_acyclic_compressed,False,False
m1091,full,False,False
m1092,audit_only,False,False
m1092,field_match,False,False
m1092,field_match_compressed,False,False
m1092,field_match_acyclic_compressed,False,False
m1092,full,False,False
m1093,audit_only,False,False
m1093,field_match,False,False
m1093,field_match_compressed,False,False
m1093,field_match_acyclic_compressed,False,False
m1093,full,False,False
m1094,audit_only,False,False
m1094,field_match,False,False
m1094,field_match_compressed,False,False
m1094,field_match_acyclic_compressed,False,False
m1094,full,False,False
m1095,audit_only,False,False
m1095,field_match,False,False
m1095,field_match_compressed,False,False
m1095,field_match_acyclic_compressed,False,False
m1095,full,False,False
m1096,audit_only,False,False
m1096,field_match,False,False
m1096,field_match_compressed,False,False
m1096,field_match_acyclic_compressed,False,False
m1096,full,False,False
m1097,audit_only,False,False
m1097,field_match,False,False
m1097,field_match_compressed,False,False
m1097,field_match_acyclic_compressed,False,False
m1097,full,False,False
m1098,audit_only,False,False
m1098,field_match,False,False
m1098,field_match_compressed,False,False
m1098,field_match_acyclic_compressed,False,False
m1098,full,False,False
m1099,audit_only,False,False
m1099,field_match,False,False
m1099,field_match_compressed,False,False
m1099,field_match_acyclic_compressed,False,False
m1099,full,False,False
m1100,audit_only,False,False
m1100,field_match,False,False
m1100,field_match_compressed,False,False
m1100,field_match_acyclic_compressed,False,False
m1100,full,False,False
m1101,audit_only,False,False
m1101,field_match,False,False
m1101,field_match_compressed,False,False
m1101,field_match_acyclic_compressed,False,False
m1101,full,False,False
m1102,audit_only,False,False
m1102,field_match,False,False
m1102,field_match_compressed,False,False
m1102,field_match_acyclic_compressed,False,False
m1102,full,False,False
m1103,audit_only,False,False
m1103,field_match,False,False
m1103,field_match_compressed,False,False
m1103,field_match_acyclic_compressed,False,False
m1103,full,False,False
m1104,audit_only,False,False
m1104,field_match,False,False
m1104,field_match_compressed,False,False
m1104,field_match_acyclic_compressed,False,False
m1104,full,False,False
m1105,audit_only,False,False
m1105,field_match,False,False
m1105,field_match_compressed,False,False
m1105,field_match_acyclic_compressed,False,False
m1105,full,False,False
m1106,audit_only,False,False
m1106,field_match,False,False
m1106,field_match_compressed,False,False
m1106,field_match_acyclic_compressed,False,False
m1106,full,False,False
m1107,audit_only,False,False
m1107,field_match,False,False
m1107,field_match_compressed,False,False
m1107,field_match_acyclic_compressed,False,False
m1107,full,False,False
m1108,audit_only,False,False
m1108,field_match,False,False
m1108,field_match_compressed,False,False
m1108,field_match_acyclic_compressed,False,False
m1108,full,False,False
m1109,audit_only,False,False
m1109,field_match,False,False
m1109,field_match_compressed,False,False
m1109,field_match_acyclic_compressed,False,False
m1109,full,False,False
m1110,audit_only,False,False
m1110,field_match,False,False
m1110,field_match_compressed,False,False
m1110,field_match_acyclic_compressed,False,False
m1110,full,False,False
m1111,audit_only,False,False
m1111,field_match,False,False
m1111,field_match_compressed,False,False
m1111,field_match_acyclic_compressed,False,False
m1111,full,False,False
m1112,audit_only,False,False
m1112,field_match,False,False
m1112,field_match_compressed,False,False
m1112,field_match_acyclic_compressed,False,False
m1112,full,False,False
m1113,audit_only,False,False
m1113,field_match,False,False
m1113,field_match_compressed,False,False
m1113,field_match_acyclic_compressed,False,False
m1113,full,False,False
m1114,audit_only,False,False
m1114,field_match,False,False
m1114,field_match_compressed,False,False
m1114,field_match_acyclic_compressed,False,False
m1114,full,False,False
m1115,audit_only,False,False
m1115,field_match,False,False
m1115,field_match_compressed,False,False
m1115,field_match_acyclic_compressed,False,False
m1115,full,False,False
m1116,audit_only,False,False
m1116,field_match,False,False
m1116,field_match_compressed,False,False
m1116,field_match_acyclic_compressed,False,False
m1116,full,False,False
m1117,audit_only,False,False
m1117,field_match,False,False
m1117,field_match_compressed,False,False
m1117,field_match_acyclic_compressed,False,False
m1117,full,False,False
m1118,audit_only,False,False
m1118,field_match,False,False
m1118,field_match_compressed,False,False
m1118,field_match_acyclic_compressed,False,False
m1118,full,False,False
m1119,audit_only,False,False
m1119,field_match,False,False
m1119,field_match_compressed,False,False
m1119,field_match_acyclic_compressed,False,False
m1119,full,False,False
m1120,audit_only,False,False
m1120,field_match,False,False
m1120,field_match_compressed,False,False
m1120,field_match_acyclic_compressed,False,False
m1120,full,False,False
m1121,audit_only,False,False
m1121,field_match,False,False
m1121,field_match_compressed,False,False
m1121,field_match_acyclic_compressed,False,False
m1121,full,False,False
m1122,audit_only,False,False
m1122,field_match,False,False
m1122,field_match_compressed,False,False
m1122,field_match_acyclic_compressed,False,False
m1122,full,False,False
m1123,audit_only,False,False
m1123,field_match,False,False
m1123,field_match_compressed,False,False
m1123,field_match_acyclic_compressed,False,False
m1123,full,False,False
m1124,audit_only,False,False
m1124,field_match,False,False
m1124,field_match_compressed,False,False
m1124,field_match_acyclic_compressed,False,False
m1124,full,False,False
m1125,audit_only,False,False
m1125,field_match,False,False
m1125,field_match_compressed,False,False
m1125,field_match_acyclic_compressed,False,False
m1125,full,False,False
m1126,audit_only,False,False
m1126,field_match,False,False
m1126,field_match_compressed,False,False
m1126,field_match_acyclic_compressed,False,False
m1126,full,False,False
m1127,audit_only,False,False
m1127,field_match,False,False
m1127,field_match_compressed,False,False
m1127,field_match_acyclic_compressed,False,False
m1127,full,False,False
m1128,audit_only,False,False
m1128,field_match,False,False
m1128,field_match_compressed,False,False
m1128,field_match_acyclic_compressed,False,False
m1128,full,False,False
m1129,audit_only,False,False
m1129,field_match,False,False
m1129,field_match_compressed,False,False
m1129,field_match_acyclic_compressed,False,False
m1129,full,False,False
m1130,audit_only,False,False
m1130,field_match,False,False
m1130,field_match_compressed,False,False
m1130,field_match_acyclic_compressed,False,False
m1130,full,False,False
m1131,audit_only,False,False
m1131,field_match,False,False
m1131,field_match_compressed,False,False
m1131,field_match_acyclic_compressed,False,False
m1131,full,False,False
m1132,audit_only,False,False
m1132,field_match,False,False
m1132,field_match_compressed,False,False
m1132,field_match_acyclic_compressed,False,False
m1132,full,False,False
m1133,audit_only,False,False
m1133,field_match,False,False
m1133,field_match_compressed,False,False
m1133,field_match_acyclic_compressed,False,False
m1133,full,False,False
m1134,audit_only,False,False
m1134,field_match,False,False
m1134,field_match_compressed,False,False
m1134,field_match_acyclic_compressed,False,False
m1134,full,False,False
m1135,audit_only,False,False
m1135,field_match,False,False
m1135,field_match_compressed,False,False
m1135,field_match_acyclic_compressed,False,False
m1135,full,False,False
m1136,audit_only,False,False
m1136,field_match,False,False
m1136,field_match_compressed,False,False
m1136,field_match_acyclic_compressed,False,False
m1136,full,False,False
m1137,audit_only,False,False
m1137,field_match,False,False
m1137,field_match_compressed,False,False
m1137,field_match_acyclic_compressed,False,False
m1137,full,False,False
m1138,audit_only,False,False
m1138,field_match,False,False
m1138,field_match_compressed,False,False
m1138,field_match_acyclic_compressed,False,False
m1138,full,False,False
m1139,audit_only,False,False
m1139,field_match,False,False
m1139,field_match_compressed,False,False
m1139,field_match_acyclic_compressed,False,False
m1139,full,False,False
m1140,audit_only,False,False
m1140,field_match,False,False
m1140,field_match_compressed,False,False
m1140,field_match_acyclic_compressed,False,False
m1140,full,False,False
m1141,audit_only,False,False
m1141,field_match,False,False
m1141,field_match_compressed,False,False
m1141,field_match_acyclic_compressed,False,False
m1141,full,False,False
m1142,audit_only,False,False
m1142,field_match,False,False
m1142,field_match_compressed,False,False
m1142,field_match_acyclic_compressed,False,False
m1142,full,False,False
m1143,audit_only,False,False
m1143,field_match,False,False
m1143,field_match_compressed,False,False
m1143,field_match_acyclic_compressed,False,False
m1143,full,False,False
m1144,audit_only,False,False
m1144,field_match,False,False
m1144,field_match_compressed,False,False
m1144,field_match_acyclic_compressed,False,False
m1144,full,False,False
m1145,audit_only,False,False
m1145,field_match,False,False
m1145,field_match_compressed,False,False
m1145,field_match_acyclic_compressed,False,False
m1145,full,False,False
m1146,audit_only,False,False
m1146,field_match,False,False
m1146,field_match_compressed,False,False
m1146,field_match_acyclic_compressed,False,False
m1146,full,False,False
m1147,audit_only,False,False
m1147,field_match,False,False
m1147,field_match_compressed,False,False
m1147,field_match_acyclic_compressed,False,False
m1147,full,False,False
m1148,audit_only,False,False
m1148,field_match,False,False
m1148,field_match_compressed,False,False
m1148,field_match_acyclic_compressed,False,False
m1148,full,False,False
m1149,audit_only,False,False
m1149,field_match,False,False
m1149,field_match_compressed,False,False
m1149,field_match_acyclic_compressed,False,False
m1149,full,False,False
m1150,audit_only,False,False
m1150,field_match,False,False
m1150,field_match_compressed,False,False
m1150,field_match_acyclic_compressed,False,False
m1150,full,False,False
m1151,audit_only,False,False
m1151,field_match,False,False
m1151,field_match_compressed,False,False
m1151,field_match_acyclic_compressed,False,False
m1151,full,False,False
m1152,audit_only,False,False
m1152,field_match,False,False
m1152,field_match_compressed,False,False
m1152,field_match_acyclic_compressed,False,False
m1152,full,False,False
m1153,audit_only,False,False
m1153,field_match,False,False
m1153,field_match_compressed,False,False
m1153,field_match_acyclic_compressed,False,False
m1153,full,False,False
m1154,audit_only,False,False
m1154,field_match,False,False
m1154,field_match_compressed,False,False
m1154,field_match_acyclic_compressed,False,False
m1154,full,False,False
m1155,audit_only,False,False
m1155,field_match,False,False
m1155,field_match_compressed,False,False
m1155,field_match_acyclic_compressed,False,False
m1155,full,False,False
m1156,audit_only,False,False
m1156,field_match,False,False
m1156,field_match_compressed,False,False
m1156,field_match_acyclic_compressed,False,False
m1156,full,False,False
m1157,audit_only,False,False
m1157,field_match,False,False
m1157,field_match_compressed,False,False
m1157,field_match_acyclic_compressed,False,False
m1157,full,False,False
m1158,audit_only,False,False
m1158,field_match,False,False
m1158,field_match_compressed,False,False
m1158,field_match_acyclic_compressed,False,False
m1158,full,False,False
m1159,audit_only,False,False
m1159,field_match,False,False
m1159,field_match_compressed,False,False
m1159,field_match_acyclic_compressed,False,False
m1159,full,False,False
m1160,audit_only,True,False
m1160,field_match,True,True
m1160,field_match_compressed,True,True
m1160,field_match_acyclic_compressed,True,True
m1160,full,True,True
m1161,audit_only,True,False
m1161,field_match,True,True
m1161,field_match_compressed,True,True
m1161,field_match_acyclic_compressed,True,True
m1161,full,True,True
m1162,audit_only,True,False
m1162,field_match,True,True
m1162,field_match_compressed,True,True
m1162,field_match_acyclic_compressed,True,True
m1162,full,True,True
m1163,audit_only,True,False
m1163,field_match,True,True
m1163,field_match_compressed,True,True
m1163,field_match_acyclic_compressed,True,True
m1163,full,True,True
m1164,audit_only,True,False
m1164,field_match,True,True
m1164,field_match_compressed,True,True
m1164,field_match_acyclic_compressed,True,True
m1164,full,True,True
m1165,audit_only,True,False
m1165,field_match,True,True
m1165,field_match_compressed,True,True
m1165,field_match_acyclic_compressed,True,True
m1165,full,True,True
m1166,audit_only,True,False
m1166,field_match,True,True
m1166,field_match_compressed,True,True
m1166,field_match_acyclic_compressed,True,True
m1166,full,True,True
m1167,audit_only,True,False
m1167,field_match,True,True
m1167,field_match_compressed,True,True
m1167,field_match_acyclic_compressed,True,True
m1167,full,True,True
m1168,audit_only,True,False
m1168,field_match,True,True
m1168,field_match_compressed,True,True
m1168,field_match_acyclic_compressed,True,True
m1168,full,True,True
m1169,audit_only,True,False
m1169,field_match,True,True
m1169,field_match_compressed,True,True
m1169,field_match_acyclic_compressed,True,True
m1169,full,True,True
m1170,audit_only,True,False
m1170,field_match,True,True
m1170,field_match_compressed,True,True
m1170,field_match_acyclic_compressed,True,True
m1170,full,True,True
m1171,audit_only,True,False
m1171,field_match,True,True
m1171,field_match_compressed,True,True
m1171,field_match_acyclic_compressed,True,True
m1171,full,True,True
m1172,audit_only,True,False
m1172,field_match,True,True
m1172,field_match_compressed,True,True
m1172,field_match_acyclic_compressed,True,True
m1172,full,True,True
m1173,audit_only,True,False
m1173,field_match,True,True
m1173,field_match_compressed,True,True
m1173,field_match_acyclic_compressed,True,True
m1173,full,True,True
m1174,audit_only,True,False
m1174,field_match,True,True
m1174,field_match_compressed,True,True
m1174,field_match_acyclic_compressed,True,True
m1174,full,True,True
m1175,audit_only,True,False
m1175,field_match,True,True
m1175,field_match_compressed,True,True
m1175,field_match_acyclic_compressed,True,True
m1175,full,True,True
m1176,audit_only,True,False
m1176,field_match,True,True
m1176,field_match_compressed,True,True
m1176,field_match_acyclic_compressed,True,True
m1176,full,True,True
m1177,audit_only,True,False
m1177,field_match,True,True
m1177,field_match_compressed,True,True
m1177,field_match_acyclic_compressed,True,True
m1177,full,True,True
m1178,audit_only,True,False
m1178,field_match,True,True
m1178,field_match_compressed,True,True
m1178,field_match_acyclic_compressed,True,True
m1178,full,True,True
m1179,audit_only,True,False
m1179,field_match,True,True
m1179,field_match_compressed,True,True
m1179,field_match_acyclic_compressed,True,True
m1179,full,True,True
m1180,audit_only,True,False
m1180,field_match,True,True
m1180,field_match_compressed,True,True
m1180,field_match_acyclic_compressed,True,True
m1180,full,True,True
m1181,audit_only,True,False
m1181,field_match,True,True
m1181,field_match_compressed,True,True
m1181,field_match_acyclic_compressed,True,True
m1181,full,True,True
m1182,audit_only,True,False
m1182,field_match,True,True
m1182,field_match_compressed,True,True
m1182,field_match_acyclic_compressed,True,True
m1182,full,True,True
m1183,audit_only,True,False
m1183,field_match,True,True
m1183,field_match_compressed,True,True
m1183,field_match_acyclic_compressed,True,True
m1183,full,True,True
m1184,audit_only,False,False
m1184,field_match,False,False
m1184,field_match_compressed,False,False
m1184,field_match_acyclic_compressed,False,False
m1184,full,False,False
m1185,audit_only,False,False
m1185,field_match,False,False
m1185,field_match_compressed,False,False
m1185,field_match_acyclic_compressed,False,False
m1185,full,False,False
m1186,audit_only,False,False
m1186,field_match,False,False
m1186,field_match_compressed,False,False
m1186,field_match_acyclic_compressed,False,False
m1186,full,False,False
m1187,audit_only,False,False
m1187,field_match,False,False
m1187,field_match_compressed,False,False
m1187,field_match_acyclic_compressed,False,False
m1187,full,False,False
m1188,audit_only,False,False
m1188,field_match,False,False
m1188,field_match_compressed,False,False
m1188,field_match_acyclic_compressed,False,False
m1188,full,False,False
m1189,audit_only,False,False
m1189,field_match,False,False
m1189,field_match_compressed,False,False
m1189,field_match_acyclic_compressed,False,False
m1189,full,False,False
m1190,audit_only,False,False
m1190,field_match,False,False
m1190,field_match_compressed,False,False
m1190,field_match_acyclic_compressed,False,False
m1190,full,False,False
m1191,audit_only,False,False
m1191,field_match,False,False
m1191,field_match_compressed,False,False
m1191,field_match_acyclic_compressed,False,False
m1191,full,False,False
m1192,audit_only,True,False
m1192,field_match,True,True
m1192,field_match_compressed,True,True
m1192,field_match_acyclic_compressed,True,True
m1192,full,True,True
m1193,audit_only,True,False
m1193,field_match,True,True
m1193,field_match_compressed,True,True
m1193,field_match_acyclic_compressed,True,True
m1193,full,True,True
m1194,audit_only,True,False
m1194,field_match,True,True
m1194,field_match_compressed,True,True
m1194,field_match_acyclic_compressed,True,True
m1194,full,True,True
m1195,audit_only,True,False
m1195,field_match,True,True
m1195,field_match_compressed,True,True
m1195,field_match_acyclic_compressed,True,True
m1195,full,True,True
m1196,audit_only,True,False
m1196,field_match,True,True
m1196,field_match_compressed,True,True
m1196,field_match_acyclic_compressed,True,True
m1196,full,True,True
m1197,audit_only,True,False
m1197,field_match,True,True
m1197,field_match_compressed,True,True
m1197,field_match_acyclic_compressed,True,True
m1197,full,True,True
m1198,audit_only,True,False
m1198,field_match,True,True
m1198,field_match_compressed,True,True
m1198,field_match_acyclic_compressed,True,True
m1198,full,True,True
m1199,audit_only,True,False
m1199,field_match,True,True
m1199,field_match_compressed,True,True
m1199,field_match_acyclic_compressed,True,True
m1199,full,True,True
m1200,audit_only,True,False
m1200,field_match,True,True
m1200,field_match_compressed,True,True
m1200,field_match_acyclic_compressed,True,True
m1200,full,True,True
m1201,audit_only,True,False
m1201,field_match,True,True
m1201,field_match_compressed,True,True
m1201,field_match_acyclic_compressed,True,True
m1201,full,True,True
m1202,audit_only,True,False
m1202,field_match,True,True
m1202,field_match_compressed,True,True
m1202,field_match_acyclic_compressed,True,True
m1202,full,True,True
m1203,audit_only,True,False
m1203,field_match,True,True
m1203,field_match_compressed,True,True
m1203,field_match_acyclic_compressed,True,True
m1203,full,True,True
m1204,audit_only,True,False
m1204,field_match,True,True
m1204,field_match_compressed,True,True
m1204,field_match_acyclic_compressed,True,True
m1204,full,True,True
m1205,audit_only,True,False
m1205,field_match,True,True
m1205,field_match_compressed,True,True
m1205,field_match_acyclic_compressed,True,True
m1205,full,True,True
m1206,audit_only,True,False
m1206,field_match,True,True
m1206,field_match_compressed,True,True
m1206,field_match_acyclic_compressed,True,True
m1206,full,True,True
m1207,audit_only,True,False
m1207,field_match,True,True
m1207,field_match_compressed,True,True
m1207,field_match_acyclic_compressed,True,True
m1207,full,True,True
m1208,audit_only,True,False
m1208,field_match,True,True
m1208,field_match_compressed,True,True
m1208,field_match_acyclic_compressed,True,True
m1208,full,True,True
m1209,audit_only,True,False
m1209,field_match,True,True
m1209,field_match_compressed,True,True
m1209,field_match_acyclic_compressed,True,True
m1209,full,True,True
m1210,audit_only,True,False
m1210,field_match,True,True
m1210,field_match_compressed,True,True
m1210,field_match_acyclic_compressed,True,True
m1210,full,True,True
m1211,audit_only,True,False
m1211,field_match,True,True
m1211,field_match_compressed,True,True
m1211,field_match_acyclic_compressed,True,True
m1211,full,True,True
m1212,audit_only,True,False
m1212,field_match,True,True
m1212,field_match_compressed,True,True
m1212,field_match_acyclic_compressed,True,True
m1212,full,True,True
m1213,audit_only,True,False
m1213,field_match,True,True
m1213,field_match_compressed,True,True
m1213,field_match_acyclic_compressed,True,True
m1213,full,True,True
m1214,audit_only,True,False
m1214,field_match,True,True
m1214,field_match_compressed,True,True
m1214,field_match_acyclic_compressed,True,True
m1214,full,True,True
m1215,audit_only,True,False
m1215,field_match,True,True
m1215,field_match_compressed,True,True
m1215,field_match_acyclic_compressed,True,True
m1215,full,True,True
m1216,audit_only,False,False
m1216,field_match,False,False
m1216,field_match_compressed,False,False
m1216,field_match_acyclic_compressed,False,False
m1216,full,False,False
m1217,audit_only,False,False
m1217,field_match,False,False
m1217,field_match_compressed,False,False
m1217,field_match_acyclic_compressed,False,False
m1217,full,False,False
m1218,audit_only,False,False
m1218,field_match,False,False
m1218,field_match_compressed,False,False
m1218,field_match_acyclic_compressed,False,False
m1218,full,False,False
m1219,audit_only,False,False
m1219,field_match,False,False
m1219,field_match_compressed,False,False
m1219,field_match_acyclic_compressed,False,False
m1219,full,False,False
m1220,audit_only,False,False
m1220,field_match,False,False
m1220,field_match_compressed,False,False
m1220,field_match_acyclic_compressed,False,False
m1220,full,False,False
m1221,audit_only,False,False
m1221,field_match,False,False
m1221,field_match_compressed,False,False
m1221,field_match_acyclic_compressed,False,False
m1221,full,False,False
m1222,audit_only,False,False
m1222,field_match,False,False
m1222,field_match_compressed,False,False
m1222,field_match_acyclic_compressed,False,False
m1222,full,False,False
m1223,audit_only,False,False
m1223,field_match,False,False
m1223,field_match_compressed,False,False
m1223,field_match_acyclic_compressed,False,False
m1223,full,False,False
m1224,audit_only,True,False
m1224,field_match,True,False
m1224,field_match_compressed,True,False
m1224,field_match_acyclic_compressed,True,True
m1224,full,True,True
m1225,audit_only,True,False
m1225,field_match,True,False
m1225,field_match_compressed,True,False
m1225,field_match_acyclic_compressed,True,True
m1225,full,True,True
m1226,audit_only,True,False
m1226,field_match,True,False
m1226,field_match_compressed,True,False
m1226,field_match_acyclic_compressed,True,True
m1226,full,True,True
m1227,audit_only,True,False
m1227,field_match,True,False
m1227,field_match_compressed,True,False
m1227,field_match_acyclic_compressed,True,True
m1227,full,True,True
m1228,audit_only,True,False
m1228,field_match,True,False
m1228,field_match_compressed,True,False
m1228,field_match_acyclic_compressed,True,True
m1228,full,True,True
m1229,audit_only,True,False
m1229,field_match,True,False
m1229,field_match_compressed,True,False
m1229,field_match_acyclic_compressed,True,True
m1229,full,True,True
m1230,audit_only,True,False
m1230,field_match,True,False
m1230,field_match_compressed,True,False
m1230,field_match_acyclic_compressed,True,True
m1230,full,True,True
m1231,audit_only,True,False
m1231,field_match,True,False
m1231,field_match_compressed,True,False
m1231,field_match_acyclic_compressed,True,True
m1231,full,True,True
m1232,audit_only,True,False
m1232,field_match,True,True
m1232,field_match_compressed,True,True
m1232,field_match_acyclic_compressed,True,True
m1232,full,True,True
m1233,audit_only,True,False
m1233,field_match,True,True
m1233,field_match_compressed,True,True
m1233,field_match_acyclic_compressed,True,True
m1233,full,True,True
m1234,audit_only,True,False
m1234,field_match,True,True
m1234,field_match_compressed,True,True
m1234,field_match_acyclic_compressed,True,True
m1234,full,True,True
m1235,audit_only,True,False
m1235,field_match,True,True
m1235,field_match_compressed,True,True
m1235,field_match_acyclic_compressed,True,True
m1235,full,True,True
m1236,audit_only,True,False
m1236,field_match,True,True
m1236,field_match_compressed,True,True
m1236,field_match_acyclic_compressed,True,True
m1236,full,True,True
m1237,audit_only,True,False
m1237,field_match,True,True
m1237,field_match_compressed,True,True
m1237,field_match_acyclic_compressed,True,True
m1237,full,True,True
m1238,audit_only,True,False
m1238,field_match,True,True
m1238,field_match_compressed,True,True
m1238,field_match_acyclic_compressed,True,True
m1238,full,True,True
m1239,audit_only,True,False
m1239,field_match,True,True
m1239,field_match_compressed,True,True
m1239,field_match_acyclic_compressed,True,True
m1239,full,True,True
m1240,audit_only,True,False
m1240,field_match,True,True
m1240,field_match_compressed,True,True
m1240,field_match_acyclic_compressed,True,True
m1240,full,True,True
m1241,audit_only,True,False
m1241,field_match,True,True
m1241,field_match_compressed,True,True
m1241,field_match_acyclic_compressed,True,True
m1241,full,True,True
m1242,audit_only,True,False
m1242,field_match,True,True
m1242,field_match_compressed,True,True
m1242,field_match_acyclic_compressed,True,True
m1242,full,True,True
m1243,audit_only,True,False
m1243,field_match,True,True
m1243,field_match_compressed,True,True
m1243,field_match_acyclic_compressed,True,True
m1243,full,True,True
m1244,audit_only,True,False
m1244,field_match,True,True
m1244,field_match_compressed,True,True
m1244,field_match_acyclic_compressed,True,True
m1244,full,True,True
m1245,audit_only,True,False
m1245,field_match,True,True
m1245,field_match_compressed,True,True
m1245,field_match_acyclic_compressed,True,True
m1245,full,True,True
m1246,audit_only,True,False
m1246,field_match,True,True
m1246,field_match_compressed,True,True
m1246,field_match_acyclic_compressed,True,True
m1246,full,True,True
m1247,audit_only,True,False
m1247,field_match,True,True
m1247,field_match_compressed,True,True
m1247,field_match_acyclic_compressed,True,True
m1247,full,True,True
m1248,audit_only,False,False
m1248,field_match,False,False
m1248,field_match_compressed,False,False
m1248,field_match_acyclic_compressed,False,False
m1248,full,False,False
m1249,audit_only,False,False
m1249,field_match,False,False
m1249,field_match_compressed,False,False
m1249,field_match_acyclic_compressed,False,False
m1249,full,False,False
m1250,audit_only,False,False
m1250,field_match,False,False
m1250,field_match_compressed,False,False
m1250,field_match_acyclic_compressed,False,False
m1250,full,False,False
m1251,audit_only,False,False
m1251,field_match,False,False
m1251,field_match_compressed,False,False
m1251,field_match_acyclic_compressed,False,False
m1251,full,False,False
m1252,audit_only,False,False
m1252,field_match,False,False
m1252,field_match_compressed,False,False
m1252,field_match_acyclic_compressed,False,False
m1252,full,False,False
m1253,audit_only,False,False
m1253,field_match,False,False
m1253,field_match_compressed,False,False
m1253,field_match_acyclic_compressed,False,False
m1253,full,False,False
m1254,audit_only,False,False
m1254,field_match,False,False
m1254,field_match_compressed,False,False
m1254,field_match_acyclic_compressed,False,False
m1254,full,False,False
m1255,audit_only,False,False
m1255,field_match,False,False
m1255,field_match_compressed,False,False
m1255,field_match_acyclic_compressed,False,False
m1255,full,False,False
m1256,audit_only,True,False
m1256,field_match,True,True
m1256,field_match_compressed,True,True
m1256,field_match_acyclic_compressed,True,True
m1256,full,True,True
m1257,audit_only,True,False
m1257,field_match,True,True
m1257,field_match_compressed,True,True
m1257,field_match_acyclic_compressed,True,True
m1257,full,True,True
m1258,audit_only,True,False
m1258,field_match,True,True
m1258,field_match_compressed,True,True
m1258,field_match_acyclic_compressed,True,True
m1258,full,True,True
m1259,audit_only,True,False
m1259,field_match,True,True
m1259,field_match_compressed,True,True
m1259,field_match_acyclic_compressed,True,True
m1259,full,True,True
m1260,audit_only,True,False
m1260,field_match,True,True
m1260,field_match_compressed,True,True
m1260,field_match_acyclic_compressed,True,True
m1260,full,True,True
m1261,audit_only,True,False
m1261,field_match,True,True
m1261,field_match_compressed,True,True
m1261,field_match_acyclic_compressed,True,True
m1261,full,True,True
m1262,audit_only,True,False
m1262,field_match,True,True
m1262,field_match_compressed,True,True
m1262,field_match_acyclic_compressed,True,True
m1262,full,True,True
m1263,audit_only,True,False
m1263,field_match,True,True
m1263,field_match_compressed,True,True
m1263,field_match_acyclic_compressed,True,True
m1263,full,True,True
m1264,audit_only,False,False
m1264,field_match,False,False
m1264,field_match_compressed,False,False
m1264,field_match_acyclic_compressed,False,False
m1264,full,False,False
m1265,audit_only,False,False
m1265,field_match,False,False
m1265,field_match_compressed,False,False
m1265,field_match_acyclic_compressed,False,False
m1265,full,False,False
m1266,audit_only,False,False
m1266,field_match,False,False
m1266,field_match_compressed,False,False
m1266,field_match_acyclic_compressed,False,False
m1266,full,False,False
m1267,audit_only,False,False
m1267,field_match,False,False
m1267,field_match_compressed,False,False
m1267,field_match_acyclic_compressed,False,False
m1267,full,False,False
m1268,audit_only,False,False
m1268,field_match,False,False
m1268,field_match_compressed,False,False
m1268,field_match_acyclic_compressed,False,False
m1268,full,False,False
m1269,audit_only,False,False
m1269,field_match,False,False
m1269,field_match_compressed,False,False
m1269,field_match_acyclic_compressed,False,False
m1269,full,False,False
m1270,audit_only,False,False
m1270,field_match,False,False
m1270,field_match_compressed,False,False
m1270,field_match_acyclic_compressed,False,False
m1270,full,False,False
m1271,audit_only,False,False
m1271,field_match,False,False
m1271,field_match_compressed,False,False
m1271,field_match_acyclic_compressed,False,False
m1271,full,False,False
m1272,audit_only,False,False
m1272,field_match,False,False
m1272,field_match_compressed,False,False
m1272,field_match_acyclic_compressed,False,False
m1272,full,False,False
m1273,audit_only,False,False
m1273,field_match,False,False
m1273,field_match_compressed,False,False
m1273,field_match_acyclic_compressed,False,False
m1273,full,False,False
m1274,audit_only,False,False
m1274,field_match,False,False
m1274,field_match_compressed,False,False
m1274,field_match_acyclic_compressed,False,False
m1274,full,False,False
m1275,audit_only,False,False
m1275,field_match,False,False
m1275,field_match_compressed,False,False
m1275,field_match_acyclic_compressed,False,False
m1275,full,False,False
m1276,audit_only,False,False
m1276,field_match,False,False
m1276,field_match_compressed,False,False
m1276,field_match_acyclic_compressed,False,False
m1276,full,False,False
m1277,audit_only,False,False
m1277,field_match,False,False
m1277,field_match_compressed,False,False
m1277,field_match_acyclic_compressed,False,False
m1277,full,False,False
m1278,audit_only,False,False
m1278,field_match,False,False
m1278,field_match_compressed,False,False
m1278,field_match_acyclic_compressed,False,False
m1278,full,False,False
m1279,audit_only,False,False
m1279,field_match,False,False
m1279,field_match_compressed,False,False
m1279,field_match_acyclic_compressed,False,False
m1279,full,False,False
m1280,audit_only,False,False
m1280,field_match,False,False
m1280,field_match_compressed,False,False
m1280,field_match_acyclic_compressed,False,False
m1280,full,False,False
m1281,audit_only,False,False
m1281,field_match,False,False
m1281,field_match_compressed,False,False
m1281,field_match_acyclic_compressed,False,False
m1281,full,False,False
m1282,audit_only,False,False
m1282,field_match,False,False
m1282,field_match_compressed,False,False
m1282,field_match_acyclic_compressed,False,False
m1282,full,False,False
m1283,audit_only,False,False
m1283,field_match,False,False
m1283,field_match_compressed,False,False
m1283,field_match_acyclic_compressed,False,False
m1283,full,False,False
m1284,audit_only,False,False
m1284,field_match,False,False
m1284,field_match_compressed,False,False
m1284,field_match_acyclic_compressed,False,False
m1284,full,False,False
m1285,audit_only,False,False
m1285,field_match,False,False
m1285,field_match_compressed,False,False
m1285,field_match_acyclic_compressed,False,False
m1285,full,False,False
m1286,audit_only,False,False
m1286,field_match,False,False
m1286,field_match_compressed,False,False
m1286,field_match_acyclic_compressed,False,False
m1286,full,False,False
m1287,audit_only,False,False
m1287,field_match,False,False
m1287,field_match_compressed,False,False
m1287,field_match_acyclic_compressed,False,False
m1287,full,False,False
m1288,audit_only,False,False
m1288,field_match,False,False
m1288,field_match_compressed,False,False
m1288,field_match_acyclic_compressed,False,False
m1288,full,False,False
m1289,audit_only,False,False
m1289,field_match,False,False
m1289,field_match_compressed,False,False
m1289,field_match_acyclic_compressed,False,False
m1289,full,False,False
m1290,audit_only,False,False
m1290,field_match,False,False
m1290,field_match_compressed,False,False
m1290,field_match_acyclic_compressed,False,False
m1290,full,False,False
m1291,audit_only,False,False
m1291,field_match,False,False
m1291,field_match_compressed,False,False
m1291,field_match_acyclic_compressed,False,False
m1291,full,False,False
m1292,audit_only,False,False
m1292,field_match,False,False
m1292,field_match_compressed,False,False
m1292,field_match_acyclic_compressed,False,False
m1292,full,False,False
m1293,audit_only,False,False
m1293,field_match,False,False
m1293,field_match_compressed,False,False
m1293,field_match_acyclic_compressed,False,False
m1293,full,False,False
m1294,audit_only,False,False
m1294,field_match,False,False
m1294,field_match_compressed,False,False
m1294,field_match_acyclic_compressed,False,False
m1294,full,False,False
m1295,audit_only,False,False
m1295,field_match,False,False
m1295,field_match_compressed,False,False
m1295,field_match_acyclic_compressed,False,False
m1295,full,False,False
m1296,audit_only,True,False
m1296,field_match,True,True
m1296,field_match_compressed,True,True
m1296,field_match_acyclic_compressed,True,True
m1296,full,True,True
m1297,audit_only,True,False
m1297,field_match,True,True
m1297,field_match_compressed,True,True
m1297,field_match_acyclic_compressed,True,True
m1297,full,True,True
m1298,audit_only,True,False
m1298,field_match,True,True
m1298,field_match_compressed,True,True
m1298,field_match_acyclic_compressed,True,True
m1298,full,True,True
m1299,audit_only,True,False
m1299,field_match,True,True
m1299,field_match_compressed,True,True
m1299,field_match_acyclic_compressed,True,True
m1299,full,True,True
m1300,audit_only,True,False
m1300,field_match,True,True
m1300,field_match_compressed,True,True
m1300,field_match_acyclic_compressed,True,True
m1300,full,True,True
m1301,audit_only,True,False
m1301,field_match,True,True
m1301,field_match_compressed,True,True
m1301,field_match_acyclic_compressed,True,True
m1301,full,True,True
m1302,audit_only,True,False
m1302,field_match,True,True
m1302,field_match_compressed,True,True
m1302,field_match_acyclic_compressed,True,True
m1302,full,True,True
m1303,audit_only,True,False
m1303,field_match,True,True
m1303,field_match_compressed,True,True
m1303,field_match_acyclic_compressed,True,True
m1303,full,True,True
m1304,audit_only,True,False
m1304,field_match,True,True
m1304,field_match_compressed,True,True
m1304,field_match_acyclic_compressed,True,True
m1304,full,True,True
m1305,audit_only,True,False
m1305,field_match,True,True
m1305,field_match_compressed,True,True
m1305,field_match_acyclic_compressed,True,True
m1305,full,True,True
m1306,audit_only,True,False
m1306,field_match,True,True
m1306,field_match_compressed,True,True
m1306,field_match_acyclic_compressed,True,True
m1306,full,True,True
m1307,audit_only,True,False
m1307,field_match,True,True
m1307,field_match_compressed,True,True
m1307,field_match_acyclic_compressed,True,True
m1307,full,True,True
m1308,audit_only,True,False
m1308,field_match,True,True
m1308,field_match_compressed,True,True
m1308,field_match_acyclic_compressed,True,True
m1308,full,True,True
m1309,audit_only,True,False
m1309,field_match,True,True
m1309,field_match_compressed,True,True
m1309,field_match_acyclic_compressed,True,True
m1309,full,True,True
m1310,audit_only,True,False
m1310,field_match,True,True
m1310,field_match_compressed,True,True
m1310,field_match_acyclic_compressed,True,True
m1310,full,True,True
m1311,audit_only,True,False
m1311,field_match,True,True
m1311,field_match_compressed,True,True
m1311,field_match_acyclic_compressed,True,True
m1311,full,True,True
m1312,audit_only,False,False
m1312,field_match,False,False
m1312,field_match_compressed,False,False
m1312,field_match_acyclic_compressed,False,False
m1312,full,False,False
m1313,audit_only,False,False
m1313,field_match,False,False
m1313,field_match_compressed,False,False
m1313,field_match_acyclic_compressed,False,False
m1313,full,False,False
m1314,audit_only,False,False
m1314,field_match,False,False
m1314,field_match_compressed,False,False
m1314,field_match_acyclic_compressed,False,False
m1314,full,False,False
m1315,audit_only,False,False
m1315,field_match,False,False
m1315,field_match_compressed,False,False
m1315,field_match_acyclic_compressed,False,False
m1315,full,False,False
m1316,audit_only,False,False
m1316,field_match,False,False
m1316,field_match_compressed,False,False
m1316,field_match_acyclic_compressed,False,False
m1316,full,False,False
m1317,audit_only,False,False
m1317,field_match,False,False
m1317,field_match_compressed,False,False
m1317,field_match_acyclic_compressed,False,False
m1317,full,False,False
m1318,audit_only,False,False
m1318,field_match,False,False
m1318,field_match_compressed,False,False
m1318,field_match_acyclic_compressed,False,False
m1318,full,False,False
m1319,audit_only,False,False
m1319,field_match,False,False
m1319,field_match_compressed,False,False
m1319,field_match_acyclic_compressed,False,False
m1319,full,False,False
m1320,audit_only,False,False
m1320,field_match,False,False
m1320,field_match_compressed,False,False
m1320,field_match_acyclic_compressed,False,False
m1320,full,False,False
m1321,audit_only,False,False
m1321,field_match,False,False
m1321,field_match_compressed,False,False
m1321,field_match_acyclic_compressed,False,False
m1321,full,False,False
m1322,audit_only,False,False
m1322,field_match,False,False
m1322,field_match_compressed,False,False
m1322,field_match_acyclic_compressed,False,False
m1322,full,False,False
m1323,audit_only,False,False
m1323,field_match,False,False
m1323,field_match_compressed,False,False
m1323,field_match_acyclic_compressed,False,False
m1323,full,False,False
m1324,audit_only,False,False
m1324,field_match,False,False
m1324,field_match_compressed,False,False
m1324,field_match_acyclic_compressed,False,False
m1324,full,False,False
m1325,audit_only,False,False
m1325,field_match,False,False
m1325,field_match_compressed,False,False
m1325,field_match_acyclic_compressed,False,False
m1325,full,False,False
m1326,audit_only,False,False
m1326,field_match,False,False
m1326,field_match_compressed,False,False
m1326,field_match_acyclic_compressed,False,False
m1326,full,False,False
m1327,audit_only,False,False
m1327,field_match,False,False
m1327,field_match_compressed,False,False
m1327,field_match_acyclic_compressed,False,False
m1327,full,False,False
m1328,audit_only,True,False
m1328,field_match,True,True
m1328,field_match_compressed,True,True
m1328,field_match_acyclic_compressed,True,True
m1328,full,True,True
m1329,audit_only,True,False
m1329,field_match,True,True
m1329,field_match_compressed,True,True
m1329,field_match_acyclic_compressed,True,True
m1329,full,True,True
m1330,audit_only,True,False
m1330,field_match,True,True
m1330,field_match_compressed,True,True
m1330,field_match_acyclic_compressed,True,True
m1330,full,True,True
m1331,audit_only,True,False
m1331,field_match,True,True
m1331,field_match_compressed,True,True
m1331,field_match_acyclic_compressed,True,True
m1331,full,True,True
m1332,audit_only,True,False
m1332,field_match,True,True
m1332,field_match_compressed,True,True
m1332,field_match_acyclic_compressed,True,True
m1332,full,True,True
m1333,audit_only,True,False
m1333,field_match,True,True
m1333,field_match_compressed,True,True
m1333,field_match_acyclic_compressed,True,True
m1333,full,True,True
m1334,audit_only,True,False
m1334,field_match,True,True
m1334,field_match_compressed,True,True
m1334,field_match_acyclic_compressed,True,True
m1334,full,True,True
m1335,audit_only,True,False
m1335,field_match,True,True
m1335,field_match_compressed,True,True
m1335,field_match_acyclic_compressed,True,True
m1335,full,True,True
m1336,audit_only,True,False
m1336,field_match,True,True
m1336,field_match_compressed,True,True
m1336,field_match_acyclic_compressed,True,True
m1336,full,True,True
m1337,audit_only,True,False
m1337,field_match,True,True
m1337,field_match_compressed,True,True
m1337,field_match_acyclic_compressed,True,True
m1337,full,True,True
m1338,audit_only,True,False
m1338,field_match,True,True
m1338,field_match_compressed,True,True
m1338,field_match_acyclic_compressed,True,True
m1338,full,True,True
m1339,audit_only,True,False
m1339,field_match,True,True
m1339,field_match_compressed,True,True
m1339,field_match_acyclic_compressed,True,True
m1339,full,True,True
m1340,audit_only,True,False
m1340,field_match,True,True
m1340,field_match_compressed,True,True
m1340,field_match_acyclic_compressed,True,True
m1340,full,True,True
m1341,audit_only,True,False
m1341,field_match,True,True
m1341,field_match_compressed,True,True
m1341,field_match_acyclic_compressed,True,True
m1341,full,True,True
m1342,audit_only,True,False
m1342,field_match,True,True
m1342,field_match_compressed,True,True
m1342,field_match_acyclic_compressed,True,True
m1342,full,True,True
m1343,audit_only,True,False
m1343,field_match,True,True
m1343,field_match_compressed,True,True
m1343,field_match_acyclic_compressed,True,True
m1343,full,True,True
m1344,audit_only,False,False
m1344,field_match,False,False
m1344,field_match_compressed,False,False
m1344,field_match_acyclic_compressed,False,False
m1344,full,False,False
m1345,audit_only,False,False
m1345,field_match,False,False
m1345,field_match_compressed,False,False
m1345,field_match_acyclic_compressed,False,False
m1345,full,False,False
m1346,audit_only,False,False
m1346,field_match,False,False
m1346,field_match_compressed,False,False
m1346,field_match_acyclic_compressed,False,False
m1346,full,False,False
m1347,audit_only,False,False
m1347,field_match,False,False
m1347,field_match_compressed,False,False
m1347,field_match_acyclic_compressed,False,False
m1347,full,False,False
m1348,audit_only,False,False
m1348,field_match,False,False
m1348,field_match_compressed,False,False
m1348,field_match_acyclic_compressed,False,False
m1348,full,False,False
m1349,audit_only,False,False
m1349,field_match,False,False
m1349,field_match_compressed,False,False
m1349,field_match_acyclic_compressed,False,False
m1349,full,False,False
m1350,audit_only,False,False
m1350,field_match,False,False
m1350,field_match_compressed,False,False
m1350,field_match_acyclic_compressed,False,False
m1350,full,False,False
m1351,audit_only,False,False
m1351,field_match,False,False
m1351,field_match_compressed,False,False
m1351,field_match_acyclic_compressed,False,False
m1351,full,False,False
m1352,audit_only,True,False
m1352,field_match,True,True
m1352,field_match_compressed,True,True
m1352,field_match_acyclic_compressed,True,True
m1352,full,True,True
m1353,audit_only,True,False
m1353,field_match,True,True
m1353,field_match_compressed,True,True
m1353,field_match_acyclic_compressed,True,True
m1353,full,True,True
m1354,audit_only,True,False
m1354,field_match,True,True
m1354,field_match_compressed,True,True
m1354,field_match_acyclic_compressed,True,True
m1354,full,True,True
m1355,audit_only,True,False
m1355,field_match,True,True
m1355,field_match_compressed,True,True
m1355,field_match_acyclic_compressed,True,True
m1355,full,True,True
m1356,audit_only,True,False
m1356,field_match,True,True
m1356,field_match_compressed,True,True
m1356,field_match_acyclic_compressed,True,True
m1356,full,True,True
m1357,audit_only,True,False
m1357,field_match,True,True
m1357,field_match_compressed,True,True
m1357,field_match_acyclic_compressed,True,True
m1357,full,True,True
m1358,audit_only,True,False
m1358,field_match,True,True
m1358,field_match_compressed,True,True
m1358,field_match_acyclic_compressed,True,True
m1358,full,True,True
m1359,audit_only,True,False
m1359,field_match,True,True
m1359,field_match_compressed,True,True
m1359,field_match_acyclic_compressed,True,True
m1359,full,True,True
m1360,audit_only,True,False
m1360,field_match,True,False
m1360,field_match_compressed,True,False
m1360,field_match_acyclic_compressed,True,True
m1360,full,True,True
m1361,audit_only,True,False
m1361,field_match,True,False
m1361,field_match_compressed,True,False
m1361,field_match_acyclic_compressed,True,True
m1361,full,True,True
m1362,audit_only,True,False
m1362,field_match,True,False
m1362,field_match_compressed,True,False
m1362,field_match_acyclic_compressed,True,True
m1362,full,True,True
m1363,audit_only,True,False
m1363,field_match,True,False
m1363,field_match_compressed,True,False
m1363,field_match_acyclic_compressed,True,True
m1363,full,True,True
m1364,audit_only,True,False
m1364,field_match,True,False
m1364,field_match_compressed,True,False
m1364,field_match_acyclic_compressed,True,True
m1364,full,True,True
m1365,audit_only,True,False
m1365,field_match,True,False
m1365,field_match_compressed,True,False
m1365,field_match_acyclic_compressed,True,True
m1365,full,True,True
m1366,audit_only,True,False
m1366,field_match,True,False
m1366,field_match_compressed,True,False
m1366,field_match_acyclic_compressed,True,True
m1366,full,True,True
m1367,audit_only,True,False
m1367,field_match,True,False
m1367,field_match_compressed,True,False
m1367,field_match_acyclic_compressed,True,True
m1367,full,True,True
m1368,audit_only,True,False
m1368,field_match,True,False
m1368,field_match_compressed,True,False
m1368,field_match_acyclic_compressed,True,False
m1368,full,True,False
m1369,audit_only,True,False
m1369,field_match,True,False
m1369,field_match_compressed,True,False
m1369,field_match_acyclic_compressed,True,False
m1369,full,True,False
m1370,audit_only,True,False
m1370,field_match,True,False
m1370,field_match_compressed,True,False
m1370,field_match_acyclic_compressed,True,False
m1370,full,True,False
m1371,audit_only,True,False
m1371,field_match,True,False
m1371,field_match_compressed,True,False
m1371,field_match_acyclic_compressed,True,False
m1371,full,True,False
m1372,audit_only,True,False
m1372,field_match,True,False
m1372,field_match_compressed,True,False
m1372,field_match_acyclic_compressed,True,False
m1372,full,True,False
m1373,audit_only,True,False
m1373,field_match,True,False
m1373,field_match_compressed,True,False
m1373,field_match_acyclic_compressed,True,False
m1373,full,True,False
m1374,audit_only,True,False
m1374,field_match,True,False
m1374,field_match_compressed,True,False
m1374,field_match_acyclic_compressed,True,False
m1374,full,True,False
m1375,audit_only,True,False
m1375,field_match,True,False
m1375,field_match_compressed,True,False
m1375,field_match_acyclic_compressed,True,False
m1375,full,True,False
m1376,audit_only,False,False
m1376,field_match,False,False
m1376,field_match_compressed,False,False
m1376,field_match_acyclic_compressed,False,False
m1376,full,False,False
m1377,audit_only,False,False
m1377,field_match,False,False
m1377,field_match_compressed,False,False
m1377,field_match_acyclic_compressed,False,False
m1377,full,False,False
m1378,audit_only,False,False
m1378,field_match,False,False
m1378,field_match_compressed,False,False
m1378,field_match_acyclic_compressed,False,False
m1378,full,False,False
m1379,audit_only,False,False
m1379,field_match,False,False
m1379,field_match_compressed,False,False
m1379,field_match_acyclic_compressed,False,False
m1379,full,False,False
m1380,audit_only,False,False
m1380,field_match,False,False
m1380,field_match_compressed,False,False
m1380,field_match_acyclic_compressed,False,False
m1380,full,False,False
m1381,audit_only,False,False
m1381,field_match,False,False
m1381,field_match_compressed,False,False
m1381,field_match_acyclic_compressed,False,False
m1381,full,False,False
m1382,audit_only,False,False
m1382,field_match,False,False
m1382,field_match_compressed,False,False
m1382,field_match_acyclic_compressed,False,False
m1382,full,False,False
m1383,audit_only,False,False
m1383,field_match,False,False
m1383,field_match_compressed,False,False
m1383,field_match_acyclic_compressed,False,False
m1383,full,False,False
m1384,audit_only,False,False
m1384,field_match,False,False
m1384,field_match_compressed,False,False
m1384,field_match_acyclic_compressed,False,False
m1384,full,False,False
m1385,audit_only,False,False
m1385,field_match,False,False
m1385,field_match_compressed,False,False
m1385,field_match_acyclic_compressed,False,False
m1385,full,False,False
m1386,audit_only,False,False
m1386,field_match,False,False
m1386,field_match_compressed,False,False
m1386,field_match_acyclic_compressed,False,False
m1386,full,False,False
m1387,audit_only,False,False
m1387,field_match,False,False
m1387,field_match_compressed,False,False
m1387,field_match_acyclic_compressed,False,False
m1387,full,False,False
m1388,audit_only,False,False
m1388,field_match,False,False
m1388,field_match_compressed,False,False
m1388,field_match_acyclic_compressed,False,False
m1388,full,False,False
m1389,audit_only,False,False
m1389,field_match,False,False
m1389,field_match_compressed,False,False
m1389,field_match_acyclic_compressed,False,False
m1389,full,False,False
m1390,audit_only,False,False
m1390,field_match,False,False
m1390,field_match_compressed,False,False
m1390,field_match_acyclic_compressed,False,False
m1390,full,False,False
m1391,audit_only,False,False
m1391,field_match,False,False
m1391,field_match_compressed,False,False
m1391,field_match_acyclic_compressed,False,False
m1391,full,False,False
m1392,audit_only,True,False
m1392,field_match,True,True
m1392,field_match_compressed,True,True
m1392,field_match_acyclic_compressed,True,True
m1392,full,True,True
m1393,audit_only,True,False
m1393,field_match,True,True
m1393,field_match_compressed,True,True
m1393,field_match_acyclic_compressed,True,True
m1393,full,True,True
m1394,audit_only,True,False
m1394,field_match,True,True
m1394,field_match_compressed,True,True
m1394,field_match_acyclic_compressed,True,True
m1394,full,True,True
m1395,audit_only,True,False
m1395,field_match,True,True
m1395,field_match_compressed,True,True
m1395,field_match_acyclic_compressed,True,True
m1395,full,True,True
m1396,audit_only,True,False
m1396,field_match,True,True
m1396,field_match_compressed,True,True
m1396,field_match_acyclic_compressed,True,True
m1396,full,True,True
m1397,audit_only,True,False
m1397,field_match,True,True
m1397,field_match_compressed,True,True
m1397,field_match_acyclic_compressed,True,True
m1397,full,True,True
m1398,audit_only,True,False
m1398,field_match,True,True
m1398,field_match_compressed,True,True
m1398,field_match_acyclic_compressed,True,True
m1398,full,True,True
m1399,audit_only,True,False
m1399,field_match,True,True
m1399,field_match_compressed,True,True
m1399,field_match_acyclic_compressed,True,True
m1399,full,True,True
m1400,audit_only,False,False
m1400,field_match,False,False
m1400,field_match_compressed,False,False
m1400,field_match_acyclic_compressed,False,False
m1400,full,False,False
m1401,audit_only,False,False
m1401,field_match,False,False
m1401,field_match_compressed,False,False
m1401,field_match_acyclic_compressed,False,False
m1401,full,False,False
m1402,audit_only,False,False
m1402,field_match,False,False
m1402,field_match_compressed,False,False
m1402,field_match_acyclic_compressed,False,False
m1402,full,False,False
m1403,audit_only,False,False
m1403,field_match,False,False
m1403,field_match_compressed,False,False
m1403,field_match_acyclic_compressed,False,False
m1403,full,False,False
m1404,audit_only,False,False
m1404,field_match,False,False
m1404,field_match_compressed,False,False
m1404,field_match_acyclic_compressed,False,False
m1404,full,False,False
m1405,audit_only,False,False
m1405,field_match,False,False
m1405,field_match_compressed,False,False
m1405,field_match_acyclic_compressed,False,False
m1405,full,False,False
m1406,audit_only,False,False
m1406,field_match,False,False
m1406,field_match_compressed,False,False
m1406,field_match_acyclic_compressed,False,False
m1406,full,False,False
m1407,audit_only,False,False
m1407,field_match,False,False
m1407,field_match_compressed,False,False
m1407,field_match_acyclic_compressed,False,False
m1407,full,False,False
m1408,audit_only,False,False
m1408,field_match,False,False
m1408,field_match_compressed,False,False
m1408,field_match_acyclic_compressed,False,False
m1408,full,False,False
m1409,audit_only,False,False
m1409,field_match,False,False
m1409,field_match_compressed,False,False
m1409,field_match_acyclic_compressed,False,False
m1409,full,False,False
m1410,audit_only,False,False
m1410,field_match,False,False
m1410,field_match_compressed,False,False
m1410,field_match_acyclic_compressed,False,False
m1410,full,False,False
m1411,audit_only,False,False
m1411,field_match,False,False
m1411,field_match_compressed,False,False
m1411,field_match_acyclic_compressed,False,False
m1411,full,False,False
m1412,audit_only,False,False
m1412,field_match,False,False
m1412,field_match_compressed,False,False
m1412,field_match_acyclic_compressed,False,False
m1412,full,False,False
m1413,audit_only,False,False
m1413,field_match,False,False
m1413,field_match_compressed,False,False
m1413,field_match_acyclic_compressed,False,False
m1413,full,False,False
m1414,audit_only,False,False
m1414,field_match,False,False
m1414,field_match_compressed,False,False
m1414,field_match_acyclic_compressed,False,False
m1414,full,False,False
m1415,audit_only,False,False
m1415,field_match,False,False
m1415,field_match_compressed,False,False
m1415,field_match_acyclic_compressed,False,False
m1415,full,False,False
m1416,audit_only,False,False
m1416,field_match,False,False
m1416,field_match_compressed,False,False
m1416,field_match_acyclic_compressed,False,False
m1416,full,False,False
m1417,audit_only,False,False
m1417,field_match,False,False
m1417,field_match_compressed,False,False
m1417,field_match_acyclic_compressed,False,False
m1417,full,False,False
m1418,audit_only,False,False
m1418,field_match,False,False
m1418,field_match_compressed,False,False
m1418,field_match_acyclic_compressed,False,False
m1418,full,False,False
m1419,audit_only,False,False
m1419,field_match,False,False
m1419,field_match_compressed,False,False
m1419,field_match_acyclic_compressed,False,False
m1419,full,False,False
m1420,audit_only,False,False
m1420,field_match,False,False
m1420,field_match_compressed,False,False
m1420,field_match_acyclic_compressed,False,False
m1420,full,False,False
m1421,audit_only,False,False
m1421,field_match,False,False
m1421,field_match_compressed,False,False
m1421,field_match_acyclic_compressed,False,False
m1421,full,False,False
m1422,audit_only,False,False
m1422,field_match,False,False
m1422,field_match_compressed,False,False
m1422,field_match_acyclic_compressed,False,False
m1422,full,False,False
m1423,audit_only,False,False
m1423,field_match,False,False
m1423,field_match_compressed,False,False
m1423,field_match_acyclic_compressed,False,False
m1423,full,False,False
m1424,audit_only,False,False
m1424,field_match,False,False
m1424,field_match_compressed,False,False
m1424,field_match_acyclic_compressed,False,False
m1424,full,False,False
m1425,audit_only,False,False
m1425,field_match,False,False
m1425,field_match_compressed,False,False
m1425,field_match_acyclic_compressed,False,False
m1425,full,False,False
m1426,audit_only,False,False
m1426,field_match,False,False
m1426,field_match_compressed,False,False
m1426,field_match_acyclic_compressed,False,False
m1426,full,False,False
m1427,audit_only,False,False
m1427,field_match,False,False
m1427,field_match_compressed,False,False
m1427,field_match_acyclic_compressed,False,False
m1427,full,False,False
m1428,audit_only,False,False
m1428,field_match,False,False
m1428,field_match_compressed,False,False
m1428,field_match_acyclic_compressed,False,False
m1428,full,False,False
m1429,audit_only,False,False
m1429,field_match,False,False
m1429,field_match_compressed,False,False
m1429,field_match_acyclic_compressed,False,False
m1429,full,False,False
m1430,audit_only,False,False
m1430,field_match,False,False
m1430,field_match_compressed,False,False
m1430,field_match_acyclic_compressed,False,False
m1430,full,False,False
m1431,audit_only,False,False
m1431,field_match,False,False
m1431,field_match_compressed,False,False
m1431,field_match_acyclic_compressed,False,False
m1431,full,False,False
m1432,audit_only,False,False
m1432,field_match,False,False
m1432,field_match_compressed,False,False
m1432,field_match_acyclic_compressed,False,False
m1432,full,False,False
m1433,audit_only,False,False
m1433,field_match,False,False
m1433,field_match_compressed,False,False
m1433,field_match_acyclic_compressed,False,False
m1433,full,False,False
m1434,audit_only,False,False
m1434,field_match,False,False
m1434,field_match_compressed,False,False
m1434,field_match_acyclic_compressed,False,False
m1434,full,False,False
m1435,audit_only,False,False
m1435,field_match,False,False
m1435,field_match_compressed,False,False
m1435,field_match_acyclic_compressed,False,False
m1435,full,False,False
m1436,audit_only,False,False
m1436,field_match,False,False
m1436,field_match_compressed,False,False
m1436,field_match_acyclic_compressed,False,False
m1436,full,False,False
m1437,audit_only,False,False
m1437,field_match,False,False
m1437,field_match_compressed,False,False
m1437,field_match_acyclic_compressed,False,False
m1437,full,False,False
m1438,audit_only,False,False
m1438,field_match,False,False
m1438,field_match_compressed,False,False
m1438,field_match_acyclic_compressed,False,False
m1438,full,False,False
m1439,audit_only,False,False
m1439,field_match,False,False
m1439,field_match_compressed,False,False
m1439,field_match_acyclic_compressed,False,False
m1439,full,False,False
m1440,audit_only,False,False
m1440,field_match,False,False
m1440,field_match_compressed,False,False
m1440,field_match_acyclic_compressed,False,False
m1440,full,False,False
m1441,audit_only,False,False
m1441,field_match,False,False
m1441,field_match_compressed,False,False
m1441,field_match_acyclic_compressed,False,False
m1441,full,False,False
m1442,audit_only,False,False
m1442,field_match,False,False
m1442,field_match_compressed,False,False
m1442,field_match_acyclic_compressed,False,False
m1442,full,False,False
m1443,audit_only,False,False
m1443,field_match,False,False
m1443,field_match_compressed,False,False
m1443,field_match_acyclic_compressed,False,False
m1443,full,False,False
m1444,audit_only,False,False
m1444,field_match,False,False
m1444,field_match_compressed,False,False
m1444,field_match_acyclic_compressed,False,False
m1444,full,False,False
m1445,audit_only,False,False
m1445,field_match,False,False
m1445,field_match_compressed,False,False
m1445,field_match_acyclic_compressed,False,False
m1445,full,False,False
m1446,audit_only,False,False
m1446,field_match,False,False
m1446,field_match_compressed,False,False
m1446,field_match_acyclic_compressed,False,False
m1446,full,False,False
m1447,audit_only,False,False
m1447,field_match,False,False
m1447,field_match_compressed,False,False
m1447,field_match_acyclic_compressed,False,False
m1447,full,False,False
m1448,audit_only,False,False
m1448,field_match,False,False
m1448,field_match_compressed,False,False
m1448,field_match_acyclic_compressed,False,False
m1448,full,False,False
m1449,audit_only,False,False
m1449,field_match,False,False
m1449,field_match_compressed,False,False
m1449,field_match_acyclic_compressed,False,False
m1449,full,False,False
m1450,audit_only,False,False
m1450,field_match,False,False
m1450,field_match_compressed,False,False
m1450,field_match_acyclic_compressed,False,False
m1450,full,False,False
m1451,audit_only,False,False
m1451,field_match,False,False
m1451,field_match_compressed,False,False
m1451,field_match_acyclic_compressed,False,False
m1451,full,False,False
m1452,audit_only,False,False
m1452,field_match,False,False
m1452,field_match_compressed,False,False
m1452,field_match_acyclic_compressed,False,False
m1452,full,False,False
m1453,audit_only,False,False
m1453,field_match,False,False
m1453,field_match_compressed,False,False
m1453,field_match_acyclic_compressed,False,False
m1453,full,False,False
m1454,audit_only,False,False
m1454,field_match,False,False
m1454,field_match_compressed,False,False
m1454,field_match_acyclic_compressed,False,False
m1454,full,False,False
m1455,audit_only,False,False
m1455,field_match,False,False
m1455,field_match_compressed,False,False
m1455,field_match_acyclic_compressed,False,False
m1455,full,False,False
m1456,audit_only,False,False
m1456,field_match,False,False
m1456,field_match_compressed,False,False
m1456,field_match_acyclic_compressed,False,False
m1456,full,False,False
m1457,audit_only,False,False
m1457,field_match,False,False
m1457,field_match_compressed,False,False
m1457,field_match_acyclic_compressed,False,False
m1457,full,False,False
m1458,audit_only,False,False
m1458,field_match,False,False
m1458,field_match_compressed,False,False
m1458,field_match_acyclic_compressed,False,False
m1458,full,False,False
m1459,audit_only,False,False
m1459,field_match,False,False
m1459,field_match_compressed,False,False
m1459,field_match_acyclic_compressed,False,False
m1459,full,False,False
m1460,audit_only,False,False
m1460,field_match,False,False
m1460,field_match_compressed,False,False
m1460,field_match_acyclic_compressed,False,False
m1460,full,False,False
m1461,audit_only,False,False
m1461,field_match,False,False
m1461,field_match_compressed,False,False
m1461,field_match_acyclic_compressed,False,False
m1461,full,False,False
m1462,audit_only,False,False
m1462,field_match,False,False
m1462,field_match_compressed,False,False
m1462,field_match_acyclic_compressed,False,False
m1462,full,False,False
m1463,audit_only,False,False
m1463,field_match,False,False
m1463,field_match_compressed,False,False
m1463,field_match_acyclic_compressed,False,False
m1463,full,False,False
m1464,audit_only,False,False
m1464,field_match,False,False
m1464,field_match_compressed,False,False
m1464,field_match_acyclic_compressed,False,False
m1464,full,False,False
m1465,audit_only,False,False
m1465,field_match,False,False
m1465,field_match_compressed,False,False
m1465,field_match_acyclic_compressed,False,False
m1465,full,False,False
m1466,audit_only,False,False
m1466,field_match,False,False
m1466,field_match_compressed,False,False
m1466,field_match_acyclic_compressed,False,False
m1466,full,False,False
m1467,audit_only,False,False
m1467,field_match,False,False
m1467,field_match_compressed,False,False
m1467,field_match_acyclic_compressed,False,False
m1467,full,False,False
m1468,audit_only,False,False
m1468,field_match,False,False
m1468,field_match_compressed,False,False
m1468,field_match_acyclic_compressed,False,False
m1468,full,False,False
m1469,audit_only,False,False
m1469,field_match,False,False
m1469,field_match_compressed,False,False
m1469,field_match_acyclic_compressed,False,False
m1469,full,False,False
m1470,audit_only,False,False
m1470,field_match,False,False
m1470,field_match_compressed,False,False
m1470,field_match_acyclic_compressed,False,False
m1470,full,False,False
m1471,audit_only,False,False
m1471,field_match,False,False
m1471,field_match_compressed,False,False
m1471,field_match_acyclic_compressed,False,False
m1471,full,False,False
m1472,audit_only,False,False
m1472,field_match,False,False
m1472,field_match_compressed,False,False
m1472,field_match_acyclic_compressed,False,False
m1472,full,False,False
m1473,audit_only,False,False
m1473,field_match,False,False
m1473,field_match_compressed,False,False
m1473,field_match_acyclic_compressed,False,False
m1473,full,False,False
m1474,audit_only,False,False
m1474,field_match,False,False
m1474,field_match_compressed,False,False
m1474,field_match_acyclic_compressed,False,False
m1474,full,False,False
m1475,audit_only,False,False
m1475,field_match,False,False
m1475,field_match_compressed,False,False
m1475,field_match_acyclic_compressed,False,False
m1475,full,False,False
m1476,audit_only,False,False
m1476,field_match,False,False
m1476,field_match_compressed,False,False
m1476,field_match_acyclic_compressed,False,False
m1476,full,False,False
m1477,audit_only,False,False
m1477,field_match,False,False
m1477,field_match_compressed,False,False
m1477,field_match_acyclic_compressed,False,False
m1477,full,False,False
m1478,audit_only,False,False
m1478,field_match,False,False
m1478,field_match_compressed,False,False
m1478,field_match_acyclic_compressed,False,False
m1478,full,False,False
m1479,audit_only,False,False
m1479,field_match,False,False
m1479,field_match_compressed,False,False
m1479,field_match_acyclic_compressed,False,False
m1479,full,False,False
m1480,audit_only,False,False
m1480,field_match,False,False
m1480,field_match_compressed,False,False
m1480,field_match_acyclic_compressed,False,False
m1480,full,False,False
m1481,audit_only,False,False
m1481,field_match,False,False
m1481,field_match_compressed,False,False
m1481,field_match_acyclic_compressed,False,False
m1481,full,False,False
m1482,audit_only,False,False
m1482,field_match,False,False
m1482,field_match_compressed,False,False
m1482,field_match_acyclic_compressed,False,False
m1482,full,False,False
m1483,audit_only,False,False
m1483,field_match,False,False
m1483,field_match_compressed,False,False
m1483,field_match_acyclic_compressed,False,False
m1483,full,False,False
m1484,audit_only,False,False
m1484,field_match,False,False
m1484,field_match_compressed,False,False
m1484,field_match_acyclic_compressed,False,False
m1484,full,False,False
m1485,audit_only,False,False
m1485,field_match,False,False
m1485,field_match_compressed,False,False
m1485,field_match_acyclic_compressed,False,False
m1485,full,False,False
m1486,audit_only,False,False
m1486,field_match,False,False
m1486,field_match_compressed,False,False
m1486,field_match_acyclic_compressed,False,False
m1486,full,False,False
m1487,audit_only,False,False
m1487,field_match,False,False
m1487,field_match_compressed,False,False
m1487,field_match_acyclic_compressed,False,False
m1487,full,False,False
m1488,audit_only,False,False
m1488,field_match,False,False
m1488,field_match_compressed,False,False
m1488,field_match_acyclic_compressed,False,False
m1488,full,False,False
m1489,audit_only,False,False
m1489,field_match,False,False
m1489,field_match_compressed,False,False
m1489,field_match_acyclic_compressed,False,False
m1489,full,False,False
m1490,audit_only,False,False
m1490,field_match,False,False
m1490,field_match_compressed,False,False
m1490,field_match_acyclic_compressed,False,False
m1490,full,False,False
m1491,audit_only,False,False
m1491,field_match,False,False
m1491,field_match_compressed,False,False
m1491,field_match_acyclic_compressed,False,False
m1491,full,False,False
m1492,audit_only,False,False
m1492,field_match,False,False
m1492,field_match_compressed,False,False
m1492,field_match_acyclic_compressed,False,False
m1492,full,False,False
m1493,audit_only,False,False
m1493,field_match,False,False
m1493,field_match_compressed,False,False
m1493,field_match_acyclic_compressed,False,False
m1493,full,False,False
m1494,audit_only,False,False
m1494,field_match,False,False
m1494,field_match_compressed,False,False
m1494,field_match_acyclic_compressed,False,False
m1494,full,False,False
m1495,audit_only,False,False
m1495,field_match,False,False
m1495,field_match_compressed,False,False
m1495,field_match_acyclic_compressed,False,False
m1495,full,False,False
m1496,audit_only,False,False
m1496,field_match,False,False
m1496,field_match_compressed,False,False
m1496,field_match_acyclic_compressed,False,False
m1496,full,False,False
m1497,audit_only,False,False
m1497,field_match,False,False
m1497,field_match_compressed,False,False
m1497,field_match_acyclic_compressed,False,False
m1497,full,False,False
m1498,audit_only,False,False
m1498,field_match,False,False
m1498,field_match_compressed,False,False
m1498,field_match_acyclic_compressed,False,False
m1498,full,False,False
m1499,audit_only,False,False
m1499,field_match,False,False
m1499,field_match_compressed,False,False
m1499,field_match_acyclic_compressed,False,False
m1499,full,False,False
m1500,audit_only,False,False
m1500,field_match,False,False
m1500,field_match_compressed,False,False
m1500,field_match_acyclic_compressed,False,False
m1500,full,False,False
m1501,audit_only,False,False
m1501,field_match,False,False
m1501,field_match_compressed,False,False
m1501,field_match_acyclic_compressed,False,False
m1501,full,False,False
m1502,audit_only,False,False
m1502,field_match,False,False
m1502,field_match_compressed,False,False
m1502,field_match_acyclic_compressed,False,False
m1502,full,False,False
m1503,audit_only,False,False
m1503,field_match,False,False
m1503,field_match_compressed,False,False
m1503,field_match_acyclic_compressed,False,False
m1503,full,False,False
m1504,audit_only,False,False
m1504,field_match,False,False
m1504,field_match_compressed,False,False
m1504,field_match_acyclic_compressed,False,False
m1504,full,False,False
m1505,audit_only,False,False
m1505,field_match,False,False
m1505,field_match_compressed,False,False
m1505,field_match_acyclic_compressed,False,False
m1505,full,False,False
m1506,audit_only,False,False
m1506,field_match,False,False
m1506,field_match_compressed,False,False
m1506,field_match_acyclic_compressed,False,False
m1506,full,False,False
m1507,audit_only,False,False
m1507,field_match,False,False
m1507,field_match_compressed,False,False
m1507,field_match_acyclic_compressed,False,False
m1507,full,False,False
m1508,audit_only,False,False
m1508,field_match,False,False
m1508,field_match_compressed,False,False
m1508,field_match_acyclic_compressed,False,False
m1508,full,False,False
m1509,audit_only,False,False
m1509,field_match,False,False
m1509,field_match_compressed,False,False
m1509,field_match_acyclic_compressed,False,False
m1509,full,False,False
m1510,audit_only,False,False
m1510,field_match,False,False
m1510,field_match_compressed,False,False
m1510,field_match_acyclic_compressed,False,False
m1510,full,False,False
m1511,audit_only,False,False
m1511,field_match,False,False
m1511,field_match_compressed,False,False
m1511,field_match_acyclic_compressed,False,False
m1511,full,False,False
m1512,audit_only,False,False
m1512,field_match,False,False
m1512,field_match_compressed,False,False
m1512,field_match_acyclic_compressed,False,False
m1512,full,False,False
m1513,audit_only,False,False
m1513,field_match,False,False
m1513,field_match_compressed,False,False
m1513,field_match_acyclic_compressed,False,False
m1513,full,False,False
m1514,audit_only,False,False
m1514,field_match,False,False
m1514,field_match_compressed,False,False
m1514,field_match_acyclic_compressed,False,False
m1514,full,False,False
m1515,audit_only,False,False
m1515,field_match,False,False
m1515,field_match_compressed,False,False
m1515,field_match_acyclic_compressed,False,False
m1515,full,False,False
m1516,audit_only,False,False
m1516,field_match,False,False
m1516,field_match_compressed,False,False
m1516,field_match_acyclic_compressed,False,False
m1516,full,False,False
m1517,audit_only,False,False
m1517,field_match,False,False
m1517,field_match_compressed,False,False
m1517,field_match_acyclic_compressed,False,False
m1517,full,False,False
m1518,audit_only,False,False
m1518,field_match,False,False
m1518,field_match_compressed,False,False
m1518,field_match_acyclic_compressed,False,False
m1518,full,False,False
m1519,audit_only,False,False
m1519,field_match,False,False
m1519,field_match_compressed,False,False
m1519,field_match_acyclic_compressed,False,False
m1519,full,False,False
m1520,audit_only,False,False
m1520,field_match,False,False
m1520,field_match_compressed,False,False
m1520,field_match_acyclic_compressed,False,False
m1520,full,False,False
m1521,audit_only,False,False
m1521,field_match,False,False
m1521,field_match_compressed,False,False
m1521,field_match_acyclic_compressed,False,False
m1521,full,False,False
m1522,audit_only,False,False
m1522,field_match,False,False
m1522,field_match_compressed,False,False
m1522,field_match_acyclic_compressed,False,False
m1522,full,False,False
m1523,audit_only,False,False
m1523,field_match,False,False
m1523,field_match_compressed,False,False
m1523,field_match_acyclic_compressed,False,False
m1523,full,False,False
m1524,audit_only,False,False
m1524,field_match,False,False
m1524,field_match_compressed,False,False
m1524,field_match_acyclic_compressed,False,False
m1524,full,False,False
m1525,audit_only,False,False
m1525,field_match,False,False
m1525,field_match_compressed,False,False
m1525,field_match_acyclic_compressed,False,False
m1525,full,False,False
m1526,audit_only,False,False
m1526,field_match,False,False
m1526,field_match_compressed,False,False
m1526,field_match_acyclic_compressed,False,False
m1526,full,False,False
m1527,audit_only,False,False
m1527,field_match,False,False
m1527,field_match_compressed,False,False
m1527,field_match_acyclic_compressed,False,False
m1527,full,False,False
m1528,audit_only,False,False
m1528,field_match,False,False
m1528,field_match_compressed,False,False
m1528,field_match_acyclic_compressed,False,False
m1528,full,False,False
m1529,audit_only,False,False
m1529,field_match,False,False
m1529,field_match_compressed,False,False
m1529,field_match_acyclic_compressed,False,False
m1529,full,False,False
m1530,audit_only,False,False
m1530,field_match,False,False
m1530,field_match_compressed,False,False
m1530,field_match_acyclic_compressed,False,False
m1530,full,False,False
m1531,audit_only,False,False
m1531,field_match,False,False
m1531,field_match_compressed,False,False
m1531,field_match_acyclic_compressed,False,False
m1531,full,False,False
m1532,audit_only,False,False
m1532,field_match,False,False
m1532,field_match_compressed,False,False
m1532,field_match_acyclic_compressed,False,False
m1532,full,False,False
m1533,audit_only,False,False
m1533,field_match,False,False
m1533,field_match_compressed,False,False
m1533,field_match_acyclic_compressed,False,False
m1533,full,False,False
m1534,audit_only,False,False
m1534,field_match,False,False
m1534,field_match_compressed,False,False
m1534,field_match_acyclic_compressed,False,False
m1534,full,False,False
m1535,audit_only,False,False
m1535,field_match,False,False
m1535,field_match_compressed,False,False
m1535,field_match_acyclic_compressed,False,False
m1535,full,False,False
m1536,audit_only,False,False
m1536,field_match,False,False
m1536,field_match_compressed,False,False
m1536,field_match_acyclic_compressed,False,False
m1536,full,False,False
m1537,audit_only,False,False
m1537,field_match,False,False
m1537,field_match_compressed,False,False
m1537,field_match_acyclic_compressed,False,False
m1537,full,False,False
m1538,audit_only,False,False
m1538,field_match,False,False
m1538,field_match_compressed,False,False
m1538,field_match_acyclic_compressed,False,False
m1538,full,False,False
m1539,audit_only,False,False
m1539,field_match,False,False
m1539,field_match_compressed,False,False
m1539,field_match_acyclic_compressed,False,False
m1539,full,False,False
m1540,audit_only,False,False
m1540,field_match,False,False
m1540,field_match_compressed,False,False
m1540,field_match_acyclic_compressed,False,False
m1540,full,False,False
m1541,audit_only,False,False
m1541,field_match,False,False
m1541,field_match_compressed,False,False
m1541,field_match_acyclic_compressed,False,False
m1541,full,False,False
m1542,audit_only,False,False
m1542,field_match,False,False
m1542,field_match_compressed,False,False
m1542,field_match_acyclic_compressed,False,False
m1542,full,False,False
m1543,audit_only,False,False
m1543,field_match,False,False
m1543,field_match_compressed,False,False
m1543,field_match_acyclic_compressed,False,False
m1543,full,False,False
m1544,audit_only,True,False
m1544,field_match,True,True
m1544,field_match_compressed,True,True
m1544,field_match_acyclic_compressed,True,True
m1544,full,True,True
m1545,audit_only,True,False
m1545,field_match,True,True
m1545,field_match_compressed,True,True
m1545,field_match_acyclic_compressed,True,True
m1545,full,True,True
m1546,audit_only,True,False
m1546,field_match,True,True
m1546,field_match_compressed,True,True
m1546,field_match_acyclic_compressed,True,True
m1546,full,True,True
m1547,audit_only,True,False
m1547,field_match,True,True
m1547,field_match_compressed,True,True
m1547,field_match_acyclic_compressed,True,True
m1547,full,True,True
m1548,audit_only,True,False
m1548,field_match,True,True
m1548,field_match_compressed,True,True
m1548,field_match_acyclic_compressed,True,True
m1548,full,True,True
m1549,audit_only,True,False
m1549,field_match,True,True
m1549,field_match_compressed,True,True
m1549,field_match_acyclic_compressed,True,True
m1549,full,True,True
m1550,audit_only,True,False
m1550,field_match,True,True
m1550,field_match_compressed,True,True
m1550,field_match_acyclic_compressed,True,True
m1550,full,True,True
m1551,audit_only,True,False
m1551,field_match,True,True
m1551,field_match_compressed,True,True
m1551,field_match_acyclic_compressed,True,True
m1551,full,True,True
m1552,audit_only,False,False
m1552,field_match,False,False
m1552,field_match_compressed,False,False
m1552,field_match_acyclic_compressed,False,False
m1552,full,False,False
m1553,audit_only,False,False
m1553,field_match,False,False
m1553,field_match_compressed,False,False
m1553,field_match_acyclic_compressed,False,False
m1553,full,False,False
m1554,audit_only,False,False
m1554,field_match,False,False
m1554,field_match_compressed,False,False
m1554,field_match_acyclic_compressed,False,False
m1554,full,False,False
m1555,audit_only,False,False
m1555,field_match,False,False
m1555,field_match_compressed,False,False
m1555,field_match_acyclic_compressed,False,False
m1555,full,False,False
m1556,audit_only,False,False
m1556,field_match,False,False
m1556,field_match_compressed,False,False
m1556,field_match_acyclic_compressed,False,False
m1556,full,False,False
m1557,audit_only,False,False
m1557,field_match,False,False
m1557,field_match_compressed,False,False
m1557,field_match_acyclic_compressed,False,False
m1557,full,False,False
m1558,audit_only,False,False
m1558,field_match,False,False
m1558,field_match_compressed,False,False
m1558,field_match_acyclic_compressed,False,False
m1558,full,False,False
m1559,audit_only,False,False
m1559,field_match,False,False
m1559,field_match_compressed,False,False
m1559,field_match_acyclic_compressed,False,False
m1559,full,False,False
m1560,audit_only,True,False
m1560,field_match,True,True
m1560,field_match_compressed,True,True
m1560,field_match_acyclic_compressed,True,True
m1560,full,True,True
m1561,audit_only,True,False
m1561,field_match,True,True
m1561,field_match_compressed,True,True
m1561,field_match_acyclic_compressed,True,True
m1561,full,True,True
m1562,audit_only,True,False
m1562,field_match,True,True
m1562,field_match_compressed,True,True
m1562,field_match_acyclic_compressed,True,True
m1562,full,True,True
m1563,audit_only,True,False
m1563,field_match,True,True
m1563,field_match_compressed,True,True
m1563,field_match_acyclic_compressed,True,True
m1563,full,True,True
m1564,audit_only,True,False
m1564,field_match,True,True
m1564,field_match_compressed,True,True
m1564,field_match_acyclic_compressed,True,True
m1564,full,True,True
m1565,audit_only,True,False
m1565,field_match,True,True
m1565,field_match_compressed,True,True
m1565,field_match_acyclic_compressed,True,True
m1565,full,True,True
m1566,audit_only,True,False
m1566,field_match,True,True
m1566,field_match_compressed,True,True
m1566,field_match_acyclic_compressed,True,True
m1566,full,True,True
m1567,audit_only,True,False
m1567,field_match,True,True
m1567,field_match_compressed,True,True
m1567,field_match_acyclic_compressed,True,True
m1567,full,True,True
m1568,audit_only,False,False
m1568,field_match,False,False
m1568,field_match_compressed,False,False
m1568,field_match_acyclic_compressed,False,False
m1568,full,False,False
m1569,audit_only,False,False
m1569,field_match,False,False
m1569,field_match_compressed,False,False
m1569,field_match_acyclic_compressed,False,False
m1569,full,False,False
m1570,audit_only,False,False
m1570,field_match,False,False
m1570,field_match_compressed,False,False
m1570,field_match_acyclic_compressed,False,False
m1570,full,False,False
m1571,audit_only,False,False
m1571,field_match,False,False
m1571,field_match_compressed,False,False
m1571,field_match_acyclic_compressed,False,False
m1571,full,False,False
m1572,audit_only,False,False
m1572,field_match,False,False
m1572,field_match_compressed,False,False
m1572,field_match_acyclic_compressed,False,False
m1572,full,False,False
m1573,audit_only,False,False
m1573,field_match,False,False
m1573,field_match_compressed,False,False
m1573,field_match_acyclic_compressed,False,False
m1573,full,False,False
m1574,audit_only,False,False
m1574,field_match,False,False
m1574,field_match_compressed,False,False
m1574,field_match_acyclic_compressed,False,False
m1574,full,False,False
m1575,audit_only,False,False
m1575,field_match,False,False
m1575,field_match_compressed,False,False
m1575,field_match_acyclic_compressed,False,False
m1575,full,False,False
m1576,audit_only,True,False
m1576,field_match,True,True
m1576,field_match_compressed,True,True
m1576,field_match_acyclic_compressed,True,True
m1576,full,True,True
m1577,audit_only,True,False
m1577,field_match,True,True
m1577,field_match_compressed,True,True
m1577,field_match_acyclic_compressed,True,True
m1577,full,True,True
m1578,audit_only,True,False
m1578,field_match,True,True
m1578,field_match_compressed,True,True
m1578,field_match_acyclic_compressed,True,True
m1578,full,True,True
m1579,audit_only,True,False
m1579,field_match,True,True
m1579,field_match_compressed,True,True
m1579,field_match_acyclic_compressed,True,True
m1579,full,True,True
m1580,audit_only,True,False
m1580,field_match,True,True
m1580,field_match_compressed,True,True
m1580,field_match_acyclic_compressed,True,True
m1580,full,True,True
m1581,audit_only,True,False
m1581,field_match,True,True
m1581,field_match_compressed,True,True
m1581,field_match_acyclic_compressed,True,True
m1581,full,True,True
m1582,audit_only,True,False
m1582,field_match,True,True
m1582,field_match_compressed,True,True
m1582,field_match_acyclic_compressed,True,True
m1582,full,True,True
m1583,audit_only,True,False
m1583,field_match,True,True
m1583,field_match_compressed,True,True
m1583,field_match_acyclic_compressed,True,True
m1583,full,True,True
m1584,audit_only,False,False
m1584,field_match,False,False
m1584,field_match_compressed,False,False
m1584,field_match_acyclic_compressed,False,False
m1584,full,False,False
m1585,audit_only,False,False
m1585,field_match,False,False
m1585,field_match_compressed,False,False
m1585,field_match_acyclic_compressed,False,False
m1585,full,False,False
m1586,audit_only,False,False
m1586,field_match,False,False
m1586,field_match_compressed,False,False
m1586,field_match_acyclic_compressed,False,False
m1586,full,False,False
m1587,audit_only,False,False
m1587,field_match,False,False
m1587,field_match_compressed,False,False
m1587,field_match_acyclic_compressed,False,False
m1587,full,False,False
m1588,audit_only,False,False
m1588,field_match,False,False
m1588,field_match_compressed,False,False
m1588,field_match_acyclic_compressed,False,False
m1588,full,False,False
m1589,audit_only,False,False
m1589,field_match,False,False
m1589,field_match_compressed,False,False
m1589,field_match_acyclic_compressed,False,False
m1589,full,False,False
m1590,audit_only,False,False
m1590,field_match,False,False
m1590,field_match_compressed,False,False
m1590,field_match_acyclic_compressed,False,False
m1590,full,False,False
m1591,audit_only,False,False
m1591,field_match,False,False
m1591,field_match_compressed,False,False
m1591,field_match_acyclic_compressed,False,False
m1591,full,False,False
m1592,audit_only,True,False
m1592,field_match,True,False
m1592,field_match_compressed,True,False
m1592,field_match_acyclic_compressed,True,True
m1592,full,True,True
m1593,audit_only,True,False
m1593,field_match,True,False
m1593,field_match_compressed,True,False
m1593,field_match_acyclic_compressed,True,True
m1593,full,True,True
m1594,audit_only,True,False
m1594,field_match,True,False
m1594,field_match_compressed,True,False
m1594,field_match_acyclic_compressed,True,True
m1594,full,True,True
m1595,audit_only,True,False
m1595,field_match,True,False
m1595,field_match_compressed,True,False
m1595,field_match_acyclic_compressed,True,True
m1595,full,True,True
m1596,audit_only,True,False
m1596,field_match,True,False
m1596,field_match_compressed,True,False
m1596,field_match_acyclic_compressed,True,True
m1596,full,True,True
m1597,audit_only,True,False
m1597,field_match,True,False
m1597,field_match_compressed,True,False
m1597,field_match_acyclic_compressed,True,True
m1597,full,True,True
m1598,audit_only,True,False
m1598,field_match,True,False
m1598,field_match_compressed,True,False
m1598,field_match_acyclic_compressed,True,True
m1598,full,True,True
m1599,audit_only,True,False
m1599,field_match,True,False
m1599,field_match_compressed,True,False
m1599,field_match_acyclic_compressed,True,True
m1599,full,True,True
m1600,audit_only,False,False
m1600,field_match,False,False
m1600,field_match_compressed,False,False
m1600,field_match_acyclic_compressed,False,False
m1600,full,False,False
m1601,audit_only,False,False
m1601,field_match,False,False
m1601,field_match_compressed,False,False
m1601,field_match_acyclic_compressed,False,False
m1601,full,False,False
m1602,audit_only,False,False
m1602,field_match,False,False
m1602,field_match_compressed,False,False
m1602,field_match_acyclic_compressed,False,False
m1602,full,False,False
m1603,audit_only,False,False
m1603,field_match,False,False
m1603,field_match_compressed,False,False
m1603,field_match_acyclic_compressed,False,False
m1603,full,False,False
m1604,audit_only,False,False
m1604,field_match,False,False
m1604,field_match_compressed,False,False
m1604,field_match_acyclic_compressed,False,False
m1604,full,False,False
m1605,audit_only,False,False
m1605,field_match,False,False
m1605,field_match_compressed,False,False
m1605,field_match_acyclic_compressed,False,False
m1605,full,False,False
m1606,audit_only,False,False
m1606,field_match,False,False
m1606,field_match_compressed,False,False
m1606,field_match_acyclic_compressed,False,False
m1606,full,False,False
m1607,audit_only,False,False
m1607,field_match,False,False
m1607,field_match_compressed,False,False
m1607,field_match_acyclic_compressed,False,False
m1607,full,False,False
m1608,audit_only,False,False
m1608,field_match,False,False
m1608,field_match_compressed,False,False
m1608,field_match_acyclic_compressed,False,False
m1608,full,False,False
m1609,audit_only,False,False
m1609,field_match,False,False
m1609,field_match_compressed,False,False
m1609,field_match_acyclic_compressed,False,False
m1609,full,False,False
m1610,audit_only,False,False
m1610,field_match,False,False
m1610,field_match_compressed,False,False
m1610,field_match_acyclic_compressed,False,False
m1610,full,False,False
m1611,audit_only,False,False
m1611,field_match,False,False
m1611,field_match_compressed,False,False
m1611,field_match_acyclic_compressed,False,False
m1611,full,False,False
m1612,audit_only,False,False
m1612,field_match,False,False
m1612,field_match_compressed,False,False
m1612,field_match_acyclic_compressed,False,False
m1612,full,False,False
m1613,audit_only,False,False
m1613,field_match,False,False
m1613,field_match_compressed,False,False
m1613,field_match_acyclic_compressed,False,False
m1613,full,False,False
m1614,audit_only,False,False
m1614,field_match,False,False
m1614,field_match_compressed,False,False
m1614,field_match_acyclic_compressed,False,False
m1614,full,False,False
m1615,audit_only,False,False
m1615,field_match,False,False
m1615,field_match_compressed,False,False
m1615,field_match_acyclic_compressed,False,False
m1615,full,False,False
m1616,audit_only,False,False
m1616,field_match,False,False
m1616,field_match_compressed,False,False
m1616,field_match_acyclic_compressed,False,False
m1616,full,False,False
m1617,audit_only,False,False
m1617,field_match,False,False
m1617,field_match_compressed,False,False
m1617,field_match_acyclic_compressed,False,False
m1617,full,False,False
m1618,audit_only,False,False
m1618,field_match,False,False
m1618,field_match_compressed,False,False
m1618,field_match_acyclic_compressed,False,False
m1618,full,False,False
m1619,audit_only,False,False
m1619,field_match,False,False
m1619,field_match_compressed,False,False
m1619,field_match_acyclic_compressed,False,False
m1619,full,False,False
m1620,audit_only,False,False
m1620,field_match,False,False
m1620,field_match_compressed,False,False
m1620,field_match_acyclic_compressed,False,False
m1620,full,False,False
m1621,audit_only,False,False
m1621,field_match,False,False
m1621,field_match_compressed,False,False
m1621,field_match_acyclic_compressed,False,False
m1621,full,False,False
m1622,audit_only,False,False
m1622,field_match,False,False
m1622,field_match_compressed,False,False
m1622,field_match_acyclic_compressed,False,False
m1622,full,False,False
m1623,audit_only,False,False
m1623,field_match,False,False
m1623,field_match_compressed,False,False
m1623,field_match_acyclic_compressed,False,False
m1623,full,False,False
m1624,audit_only,False,False
m1624,field_match,False,False
m1624,field_match_compressed,False,False
m1624,field_match_acyclic_compressed,False,False
m1624,full,False,False
m1625,audit_only,False,False
m1625,field_match,False,False
m1625,field_match_compressed,False,False
m1625,field_match_acyclic_compressed,False,False
m1625,full,False,False
m1626,audit_only,False,False
m1626,field_match,False,False
m1626,field_match_compressed,False,False
m1626,field_match_acyclic_compressed,False,False
m1626,full,False,False
m1627,audit_only,False,False
m1627,field_match,False,False
m1627,field_match_compressed,False,False
m1627,field_match_acyclic_compressed,False,False
m1627,full,False,False
m1628,audit_only,False,False
m1628,field_match,False,False
m1628,field_match_compressed,False,False
m1628,field_match_acyclic_compressed,False,False
m1628,full,False,False
m1629,audit_only,False,False
m1629,field_match,False,False
m1629,field_match_compressed,False,False
m1629,field_match_acyclic_compressed,False,False
m1629,full,False,False
m1630,audit_only,False,False
m1630,field_match,False,False
m1630,field_match_compressed,False,False
m1630,field_match_acyclic_compressed,False,False
m1630,full,False,False
m1631,audit_only,False,False
m1631,field_match,False,False
m1631,field_match_compressed,False,False
m1631,field_match_acyclic_compressed,False,False
m1631,full,False,False
m1632,audit_only,False,False
m1632,field_match,False,False
m1632,field_match_compressed,False,False
m1632,field_match_acyclic_compressed,False,False
m1632,full,False,False
m1633,audit_only,False,False
m1633,field_match,False,False
m1633,field_match_compressed,False,False
m1633,field_match_acyclic_compressed,False,False
m1633,full,False,False
m1634,audit_only,False,False
m1634,field_match,False,False
m1634,field_match_compressed,False,False
m1634,field_match_acyclic_compressed,False,False
m1634,full,False,False
m1635,audit_only,False,False
m1635,field_match,False,False
m1635,field_match_compressed,False,False
m1635,field_match_acyclic_compressed,False,False
m1635,full,False,False
m1636,audit_only,False,False
m1636,field_match,False,False
m1636,field_match_compressed,False,False
m1636,field_match_acyclic_compressed,False,False
m1636,full,False,False
m1637,audit_only,False,False
m1637,field_match,False,False
m1637,field_match_compressed,False,False
m1637,field_match_acyclic_compressed,False,False
m1637,full,False,False
m1638,audit_only,False,False
m1638,field_match,False,False
m1638,field_match_compressed,False,False
m1638,field_match_acyclic_compressed,False,False
m1638,full,False,False
m1639,audit_only,False,False
m1639,field_match,False,False
m1639,field_match_compressed,False,False
m1639,field_match_acyclic_compressed,False,False
m1639,full,False,False
m1640,audit_only,False,False
m1640,field_match,False,False
m1640,field_match_compressed,False,False
m1640,field_match_acyclic_compressed,False,False
m1640,full,False,False
m1641,audit_only,False,False
m1641,field_match,False,False
m1641,field_match_compressed,False,False
m1641,field_match_acyclic_compressed,False,False
m1641,full,False,False
m1642,audit_only,False,False
m1642,field_match,False,False
m1642,field_match_compressed,False,False
m1642,field_match_acyclic_compressed,False,False
m1642,full,False,False
m1643,audit_only,False,False
m1643,field_match,False,False
m1643,field_match_compressed,False,False
m1643,field_match_acyclic_compressed,False,False
m1643,full,False,False
m1644,audit_only,False,False
m1644,field_match,False,False
m1644,field_match_compressed,False,False
m1644,field_match_acyclic_compressed,False,False
m1644,full,False,False
m1645,audit_only,False,False
m1645,field_match,False,False
m1645,field_match_compressed,False,False
m1645,field_match_acyclic_compressed,False,False
m1645,full,False,False
m1646,audit_only,False,False
m1646,field_match,False,False
m1646,field_match_compressed,False,False
m1646,field_match_acyclic_compressed,False,False
m1646,full,False,False
m1647,audit_only,False,False
m1647,field_match,False,False
m1647,field_match_compressed,False,False
m1647,field_match_acyclic_compressed,False,False
m1647,full,False,False
m1648,audit_only,False,False
m1648,field_match,False,False
m1648,field_match_compressed,False,False
m1648,field_match_acyclic_compressed,False,False
m1648,full,False,False
m1649,audit_only,False,False
m1649,field_match,False,False
m1649,field_match_compressed,False,False
m1649,field_match_acyclic_compressed,False,False
m1649,full,False,False
m1650,audit_only,False,False
m1650,field_match,False,False
m1650,field_match_compressed,False,False
m1650,field_match_acyclic_compressed,False,False
m1650,full,False,False
m1651,audit_only,False,False
m1651,field_match,False,False
m1651,field_match_compressed,False,False
m1651,field_match_acyclic_compressed,False,False
m1651,full,False,False
m1652,audit_only,False,False
m1652,field_match,False,False
m1652,field_match_compressed,False,False
m1652,field_match_acyclic_compressed,False,False
m1652,full,False,False
m1653,audit_only,False,False
m1653,field_match,False,False
m1653,field_match_compressed,False,False
m1653,field_match_acyclic_compressed,False,False
m1653,full,False,False
m1654,audit_only,False,False
m1654,field_match,False,False
m1654,field_match_compressed,False,False
m1654,field_match_acyclic_compressed,False,False
m1654,full,False,False
m1655,audit_only,False,False
m1655,field_match,False,False
m1655,field_match_compressed,False,False
m1655,field_match_acyclic_compressed,False,False
m1655,full,False,False
m1656,audit_only,False,False
m1656,field_match,False,False
m1656,field_match_compressed,False,False
m1656,field_match_acyclic_compressed,False,False
m1656,full,False,False
m1657,audit_only,False,False
m1657,field_match,False,False
m1657,field_match_compressed,False,False
m1657,field_match_acyclic_compressed,False,False
m1657,full,False,False
m1658,audit_only,False,False
m1658,field_match,False,False
m1658,field_match_compressed,False,False
m1658,field_match_acyclic_compressed,False,False
m1658,full,False,False
m1659,audit_only,False,False
m1659,field_match,False,False
m1659,field_match_compressed,False,False
m1659,field_match_acyclic_compressed,False,False
m1659,full,False,False
m1660,audit_only,False,False
m1660,field_match,False,False
m1660,field_match_compressed,False,False
m1660,field_match_acyclic_compressed,False,False
m1660,full,False,False
m1661,audit_only,False,False
m1661,field_match,False,False
m1661,field_match_compressed,False,False
m1661,field_match_acyclic_compressed,False,False
m1661,full,False,False
m1662,audit_only,False,False
m1662,field_match,False,False
m1662,field_match_compressed,False,False
m1662,field_match_acyclic_compressed,False,False
m1662,full,False,False
m1663,audit_only,False,False
m1663,field_match,False,False
m1663,field_match_compressed,False,False
m1663,field_match_acyclic_compressed,False,False
m1663,full,False,False
m1664,audit_only,False,False
m1664,field_match,False,False
m1664,field_match_compressed,False,False
m1664,field_match_acyclic_compressed,False,False
m1664,full,False,False
m1665,audit_only,False,False
m1665,field_match,False,False
m1665,field_match_compressed,False,False
m1665,field_match_acyclic_compressed,False,False
m1665,full,False,False
m1666,audit_only,False,False
m1666,field_match,False,False
m1666,field_match_compressed,False,False
m1666,field_match_acyclic_compressed,False,False
m1666,full,False,False
m1667,audit_only,False,False
m1667,field_match,False,False
m1667,field_match_compressed,False,False
m1667,field_match_acyclic_compressed,False,False
m1667,full,False,False
m1668,audit_only,False,False
m1668,field_match,False,False
m1668,field_match_compressed,False,False
m1668,field_match_acyclic_compressed,False,False
m1668,full,False,False
m1669,audit_only,False,False
m1669,field_match,False,False
m1669,field_match_compressed,False,False
m1669,field_match_acyclic_compressed,False,False
m1669,full,False,False
m1670,audit_only,False,False
m1670,field_match,False,False
m1670,field_match_compressed,False,False
m1670,field_match_acyclic_compressed,False,False
m1670,full,False,False
m1671,audit_only,False,False
m1671,field_match,False,False
m1671,field_match_compressed,False,False
m1671,field_match_acyclic_compressed,False,False
m1671,full,False,False
m1672,audit_only,False,False
m1672,field_match,False,False
m1672,field_match_compressed,False,False
m1672,field_match_acyclic_compressed,False,False
m1672,full,False,False
m1673,audit_only,False,False
m1673,field_match,False,False
m1673,field_match_compressed,False,False
m1673,field_match_acyclic_compressed,False,False
m1673,full,False,False
m1674,audit_only,False,False
m1674,field_match,False,False
m1674,field_match_compressed,False,False
m1674,field_match_acyclic_compressed,False,False
m1674,full,False,False
m1675,audit_only,False,False
m1675,field_match,False,False
m1675,field_match_compressed,False,False
m1675,field_match_acyclic_compressed,False,False
m1675,full,False,False
m1676,audit_only,False,False
m1676,field_match,False,False
m1676,field_match_compressed,False,False
m1676,field_match_acyclic_compressed,False,False
m1676,full,False,False
m1677,audit_only,False,False
m1677,field_match,False,False
m1677,field_match_compressed,False,False
m1677,field_match_acyclic_compressed,False,False
m1677,full,False,False
m1678,audit_only,False,False
m1678,field_match,False,False
m1678,field_match_compressed,False,False
m1678,field_match_acyclic_compressed,False,False
m1678,full,False,False
m1679,audit_only,False,False
m1679,field_match,False,False
m1679,field_match_compressed,False,False
m1679,field_match_acyclic_compressed,False,False
m1679,full,False,False
m1680,audit_only,False,False
m1680,field_match,False,False
m1680,field_match_compressed,False,False
m1680,field_match_acyclic_compressed,False,False
m1680,full,False,False
m1681,audit_only,False,False
m1681,field_match,False,False
m1681,field_match_compressed,False,False
m1681,field_match_acyclic_compressed,False,False
m1681,full,False,False
m1682,audit_only,False,False
m1682,field_match,False,False
m1682,field_match_compressed,False,False
m1682,field_match_acyclic_compressed,False,False
m1682,full,False,False
m1683,audit_only,False,False
m1683,field_match,False,False
m1683,field_match_compressed,False,False
m1683,field_match_acyclic_compressed,False,False
m1683,full,False,False
m1684,audit_only,False,False
m1684,field_match,False,False
m1684,field_match_compressed,False,False
m1684,field_match_acyclic_compressed,False,False
m1684,full,False,False
m1685,audit_only,False,False
m1685,field_match,False,False
m1685,field_match_compressed,False,False
m1685,field_match_acyclic_compressed,False,False
m1685,full,False,False
m1686,audit_only,False,False
m1686,field_match,False,False
m1686,field_match_compressed,False,False
m1686,field_match_acyclic_compressed,False,False
m1686,full,False,False
m1687,audit_only,False,False
m1687,field_match,False,False
m1687,field_match_compressed,False,False
m1687,field_match_acyclic_compressed,False,False
m1687,full,False,False
m1688,audit_only,False,False
m1688,field_match,False,False
m1688,field_match_compressed,False,False
m1688,field_match_acyclic_compressed,False,False
m1688,full,False,False
m1689,audit_only,False,False
m1689,field_match,False,False
m1689,field_match_compressed,False,False
m1689,field_match_acyclic_compressed,False,False
m1689,full,False,False
m1690,audit_only,False,False
m1690,field_match,False,False
m1690,field_match_compressed,False,False
m1690,field_match_acyclic_compressed,False,False
m1690,full,False,False
m1691,audit_only,False,False
m1691,field_match,False,False
m1691,field_match_compressed,False,False
m1691,field_match_acyclic_compressed,False,False
m1691,full,False,False
m1692,audit_only,False,False
m1692,field_match,False,False
m1692,field_match_compressed,False,False
m1692,field_match_acyclic_compressed,False,False
m1692,full,False,False
m1693,audit_only,False,False
m1693,field_match,False,False
m1693,field_match_compressed,False,False
m1693,field_match_acyclic_compressed,False,False
m1693,full,False,False
m1694,audit_only,False,False
m1694,field_match,False,False
m1694,field_match_compressed,False,False
m1694,field_match_acyclic_compressed,False,False
m1694,full,False,False
m1695,audit_only,False,False
m1695,field_match,False,False
m1695,field_match_compressed,False,False
m1695,field_match_acyclic_compressed,False,False
m1695,full,False,False
m1696,audit_only,False,False
m1696,field_match,False,False
m1696,field_match_compressed,False,False
m1696,field_match_acyclic_compressed,False,False
m1696,full,False,False
m1697,audit_only,False,False
m1697,field_match,False,False
m1697,field_match_compressed,False,False
m1697,field_match_acyclic_compressed,False,False
m1697,full,False,False
m1698,audit_only,False,False
m1698,field_match,False,False
m1698,field_match_compressed,False,False
m1698,field_match_acyclic_compressed,False,False
m1698,full,False,False
m1699,audit_only,False,False
m1699,field_match,False,False
m1699,field_match_compressed,False,False
m1699,field_match_acyclic_compressed,False,False
m1699,full,False,False
m1700,audit_only,False,False
m1700,field_match,False,False
m1700,field_match_compressed,False,False
m1700,field_match_acyclic_compressed,False,False
m1700,full,False,False
m1701,audit_only,False,False
m1701,field_match,False,False
m1701,field_match_compressed,False,False
m1701,field_match_acyclic_compressed,False,False
m1701,full,False,False
m1702,audit_only,False,False
m1702,field_match,False,False
m1702,field_match_compressed,False,False
m1702,field_match_acyclic_compressed,False,False
m1702,full,False,False
m1703,audit_only,False,False
m1703,field_match,False,False
m1703,field_match_compressed,False,False
m1703,field_match_acyclic_compressed,False,False
m1703,full,False,False
m1704,audit_only,False,False
m1704,field_match,False,False
m1704,field_match_compressed,False,False
m1704,field_match_acyclic_compressed,False,False
m1704,full,False,False
m1705,audit_only,False,False
m1705,field_match,False,False
m1705,field_match_compressed,False,False
m1705,field_match_acyclic_compressed,False,False
m1705,full,False,False
m1706,audit_only,False,False
m1706,field_match,False,False
m1706,field_match_compressed,False,False
m1706,field_match_acyclic_compressed,False,False
m1706,full,False,False
m1707,audit_only,False,False
m1707,field_match,False,False
m1707,field_match_compressed,False,False
m1707,field_match_acyclic_compressed,False,False
m1707,full,False,False
m1708,audit_only,False,False
m1708,field_match,False,False
m1708,field_match_compressed,False,False
m1708,field_match_acyclic_compressed,False,False
m1708,full,False,False
m1709,audit_only,False,False
m1709,field_match,False,False
m1709,field_match_compressed,False,False
m1709,field_match_acyclic_compressed,False,False
m1709,full,False,False
m1710,audit_only,False,False
m1710,field_match,False,False
m1710,field_match_compressed,False,False
m1710,field_match_acyclic_compressed,False,False
m1710,full,False,False
m1711,audit_only,False,False
m1711,field_match,False,False
m1711,field_match_compressed,False,False
m1711,field_match_acyclic_compressed,False,False
m1711,full,False,False
m1712,audit_only,False,False
m1712,field_match,False,False
m1712,field_match_compressed,False,False
m1712,field_match_acyclic_compressed,False,False
m1712,full,False,False
m1713,audit_only,False,False
m1713,field_match,False,False
m1713,field_match_compressed,False,False
m1713,field_match_acyclic_compressed,False,False
m1713,full,False,False
m1714,audit_only,False,False
m1714,field_match,False,False
m1714,field_match_compressed,False,False
m1714,field_match_acyclic_compressed,False,False
m1714,full,False,False
m1715,audit_only,False,False
m1715,field_match,False,False
m1715,field_match_compressed,False,False
m1715,field_match_acyclic_compressed,False,False
m1715,full,False,False
m1716,audit_only,False,False
m1716,field_match,False,False
m1716,field_match_compressed,False,False
m1716,field_match_acyclic_compressed,False,False
m1716,full,False,False
m1717,audit_only,False,False
m1717,field_match,False,False
m1717,field_match_compressed,False,False
m1717,field_match_acyclic_compressed,False,False
m1717,full,False,False
m1718,audit_only,False,False
m1718,field_match,False,False
m1718,field_match_compressed,False,False
m1718,field_match_acyclic_compressed,False,False
m1718,full,False,False
m1719,audit_only,False,False
m1719,field_match,False,False
m1719,field_match_compressed,False,False
m1719,field_match_acyclic_compressed,False,False
m1719,full,False,False
m1720,audit_only,False,False
m1720,field_match,False,False
m1720,field_match_compressed,False,False
m1720,field_match_acyclic_compressed,False,False
m1720,full,False,False
m1721,audit_only,False,False
m1721,field_match,False,False
m1721,field_match_compressed,False,False
m1721,field_match_acyclic_compressed,False,False
m1721,full,False,False
m1722,audit_only,False,False
m1722,field_match,False,False
m1722,field_match_compressed,False,False
m1722,field_match_acyclic_compressed,False,False
m1722,full,False,False
m1723,audit_only,False,False
m1723,field_match,False,False
m1723,field_match_compressed,False,False
m1723,field_match_acyclic_compressed,False,False
m1723,full,False,False
m1724,audit_only,False,False
m1724,field_match,False,False
m1724,field_match_compressed,False,False
m1724,field_match_acyclic_compressed,False,False
m1724,full,False,False
m1725,audit_only,False,False
m1725,field_match,False,False
m1725,field_match_compressed,False,False
m1725,field_match_acyclic_compressed,False,False
m1725,full,False,False
m1726,audit_only,False,False
m1726,field_match,False,False
m1726,field_match_compressed,False,False
m1726,field_match_acyclic_compressed,False,False
m1726,full,False,False
m1727,audit_only,False,False
m1727,field_match,False,False
m1727,field_match_compressed,False,False
m1727,field_match_acyclic_compressed,False,False
m1727,full,False,False
