id,base_id,view,method,nodes,cooperative_nodes,before_joint,after_joint,accepted,accepted_events,rejected_events,net_added,net_removed,replay_valid,export_valid,independent_graph_valid,makespan,speedup,utilization,before_schema_valid,before_closed,before_goal_reachable,before_acyclic,before_synchronization_complete,before_resource_ordered,after_schema_valid,after_closed,after_goal_reachable,after_acyclic,after_synchronization_complete,after_resource_ordered,state_closure_accepted_events,synchronization_accepted_events,resource_mutex_accepted_events,compression_accepted_events,serial_duration,duration_reduction
A01__intact,A01,intact,full,7,1,True,True,True,4,0,0,0,True,True,True,12.0,1.1666666666666667,0.7083333333333334,True,True,True,True,True,True,True,True,True,True,True,True,0,4,0,0,14.0,0.1428571428571429
A01__intact,A01,intact,no_state,7,1,True,True,True,4,0,0,0,True,True,True,12.0,1.1666666666666667,0.7083333333333334,True,True,True,True,True,True,True,True,True,True,True,True,0,4,0,0,14.0,0.1428571428571429
A01__intact,A01,intact,no_sync,7,1,True,True,True,0,0,0,0,True,True,True,12.0,1.1666666666666667,0.7083333333333334,True,True,True,True,True,True,True,True,True,True,True,True,0,0,0,0,14.0,0.1428571428571429
A01__intact,A01,intact,no_resource,7,1,True,True,True,4,0,0,0,True,True,True,12.0,1.1666666666666667,0.7083333333333334,True,True,True,True,True,True,True,True,True,True,True,True,0,4,0,0,14.0,0.1428571428571429
A01__intact,A01,intact,no_compression,7,1,True,True,True,4,0,0,0,True,True,True,12.0,1.1666666666666667,0.7083333333333334,True,True,True,True,True,True,True,True,True,True,True,True,0,4,0,0,14.0,0.1428571428571429
A01__intact,A01,intact,no_executor,7,1,True,True,False,4,0,0,0,True,,,,,,True,True,True,True,True,True,True,True,True,True,True,True,0,4,0,0,,
A01__nodes_only,A01,nodes_only,full,7,1,False,True,True,11,0,11,0,True,True,True,12.0,1.1666666666666667,0.7083333333333334,True,False,False,True,True,False,True,True,True,True,True,True,7,2,2,0,14.0,0.1428571428571429
A01__nodes_only,A01,nodes_only,no_state,7,1,False,False,False,19,0,19,0,True,,,,,,True,False,False,True,True,False,True,False,False,True,True,True,0,0,19,0,,
A01__nodes_only,A01,nodes_only,no_sync,7,1,False,False,False,9,0,9,0,True,,,,,,True,False,False,True,True,False,True,True,True,True,False,True,7,0,2,0,,
A01__nodes_only,A01,nodes_only,no_resource,7,1,False,False,False,9,0,9,0,True,,,,,,True,False,False,True,True,False,True,True,True,True,True,False,7,2,0,0,,
A01__nodes_only,A01,nodes_only,no_compression,7,1,False,True,True,11,0,11,0,True,True,True,12.0,1.1666666666666667,0.7083333333333334,True,False,False,True,True,False,True,True,True,True,True,True,7,2,2,0,14.0,0.1428571428571429
A01__nodes_only,A01,nodes_only,no_executor,7,1,False,True,False,11,0,11,0,True,,,,,,True,False,False,True,True,False,True,True,True,True,True,True,7,2,2,0,,
A01__state_only,A01,state_only,full,7,1,False,True,True,4,0,4,0,True,True,True,12.0,1.1666666666666667,0.7083333333333334,True,True,True,True,False,False,True,True,True,True,True,True,0,2,2,0,14.0,0.1428571428571429
A01__state_only,A01,state_only,no_state,7,1,False,True,True,4,0,4,0,True,True,True,12.0,1.1666666666666667,0.7083333333333334,True,True,True,True,False,False,True,True,True,True,True,True,0,2,2,0,14.0,0.1428571428571429
A01__state_only,A01,state_only,no_sync,7,1,False,False,False,2,0,2,0,True,,,,,,True,True,True,True,False,False,True,True,True,True,False,True,0,0,2,0,,
A01__state_only,A01,state_only,no_resource,7,1,False,False,False,2,0,2,0,True,,,,,,True,True,True,True,False,False,True,True,True,True,True,False,0,2,0,0,,
A01__state_only,A01,state_only,no_compression,7,1,False,True,True,4,0,4,0,True,True,True,12.0,1.1666666666666667,0.7083333333333334,True,True,True,True,False,False,True,True,True,True,True,True,0,2,2,0,14.0,0.1428571428571429
A01__state_only,A01,state_only,no_executor,7,1,False,True,False,4,0,4,0,True,,,,,,True,True,True,True,False,False,True,True,True,True,True,True,0,2,2,0,,
A01__linear_order,A01,linear_order,full,7,1,False,True,True,14,1,9,5,True,True,True,12.0,1.1666666666666667,0.7083333333333334,True,False,False,True,True,True,True,True,True,True,True,True,7,2,0,5,14.0,0.1428571428571429
A01__linear_order,A01,linear_order,no_state,7,1,False,False,False,0,6,0,0,True,,,,,,True,False,False,True,True,True,True,False,False,True,True,True,0,0,0,0,,
A01__linear_order,A01,linear_order,no_sync,7,1,False,False,False,12,1,7,5,True,,,,,,True,False,False,True,True,True,True,True,True,True,False,True,7,0,0,5,,
A01__linear_order,A01,linear_order,no_resource,7,1,False,True,True,14,1,9,5,True,True,True,12.0,1.1666666666666667,0.7083333333333334,True,False,False,True,True,True,True,True,True,True,True,True,7,2,0,5,14.0,0.1428571428571429
A01__linear_order,A01,linear_order,no_compression,7,1,False,True,True,9,0,9,0,True,True,True,14.0,1.0,0.6071428571428571,True,False,False,True,True,True,True,True,True,True,True,True,7,2,0,0,14.0,0.0
A01__linear_order,A01,linear_order,no_executor,7,1,False,True,False,14,1,9,5,True,,,,,,True,False,False,True,True,True,True,True,True,True,True,True,7,2,0,5,,
A02__intact,A02,intact,full,9,0,True,True,True,0,0,0,0,True,True,True,19.0,1.1578947368421053,0.5789473684210527,True,True,True,True,True,True,True,True,True,True,True,True,0,0,0,0,22.0,0.13636363636363635
A02__intact,A02,intact,no_state,9,0,True,True,True,0,0,0,0,True,True,True,19.0,1.1578947368421053,0.5789473684210527,True,True,True,True,True,True,True,True,True,True,True,True,0,0,0,0,22.0,0.13636363636363635
A02__intact,A02,intact,no_sync,9,0,True,True,True,0,0,0,0,True,True,True,19.0,1.1578947368421053,0.5789473684210527,True,True,True,True,True,True,True,True,True,True,True,True,0,0,0,0,22.0,0.13636363636363635
A02__intact,A02,intact,no_resource,9,0,True,True,True,0,0,0,0,True,True,True,19.0,1.1578947368421053,0.5789473684210527,True,True,True,True,True,True,True,True,True,True,True,True,0,0,0,0,22.0,0.13636363636363635
A02__intact,A02,intact,no_compression,9,0,True,True,True,0,0,0,0,True,True,True,19.0,1.1578947368421053,0.5789473684210527,True,True,True,True,True,True,True,True,True,True,True,True,0,0,0,0,22.0,0.13636363636363635
A02__intact,A02,intact,no_executor,9,0,True,True,False,0,0,0,0,True,,,,,,True,True,True,True,True,True,True,True,True,True,True,True,0,0,0,0,,
A02__nodes_only,A02,nodes_only,full,9,0,False,True,True,9,0,9,0,True,True,True,19.0,1.1578947368421053,0.5789473684210527,True,False,False,True,True,False,True,True,True,True,True,True,9,0,0,0,22.0,0.13636363636363635
A02__nodes_only,A02,nodes_only,no_state,9,0,False,False,False,15,0,15,0,True,,,,,,True,False,False,True,True,False,True,False,False,True,True,True,0,0,15,0,,
A02__nodes_only,A02,nodes_only,no_sync,9,0,False,True,True,9,0,9,0,True,True,True,19.0,1.1578947368421053,0.5789473684210527,True,False,False,True,True,False,True,True,True,True,True,True,9,0,0,0,22.0,0.13636363636363635
A02__nodes_only,A02,nodes_only,no_resource,9,0,False,True,True,9,0,9,0,True,True,True,19.0,1.1578947368421053,0.5789473684210527,True,False,False,True,True,False,True,True,True,True,True,True,9,0,0,0,22.0,0.13636363636363635
A02__nodes_only,A02,nodes_only,no_compression,9,0,False,True,True,9,0,9,0,True,True,True,19.0,1.1578947368421053,0.5789473684210527,True,False,False,True,True,False,True,True,True,True,True,True,9,0,0,0,22.0,0.13636363636363635
A02__nodes_only,A02,nodes_only,no_executor,9,0,False,True,False,9,0,9,0,True,,,,,,True,False,False,True,True,False,True,True,True,True,True,True,9,0,0,0,,
A02__state_only,A02,state_only,full,9,0,True,True,True,0,0,0,0,True,True,True,19.0,1.1578947368421053,0.5789473684210527,True,True,True,True,True,True,True,True,True,True,True,True,0,0,0,0,22.0,0.13636363636363635
A02__state_only,A02,state_only,no_state,9,0,True,True,True,0,0,0,0,True,True,True,19.0,1.1578947368421053,0.5789473684210527,True,True,True,True,True,True,True,True,True,True,True,True,0,0,0,0,22.0,0.13636363636363635
A02__state_only,A02,state_only,no_sync,9,0,True,True,True,0,0,0,0,True,True,True,19.0,1.1578947368421053,0.5789473684210527,True,True,True,True,True,True,True,True,True,True,True,True,0,0,0,0,22.0,0.13636363636363635
A02__state_only,A02,state_only,no_resource,9,0,True,True,True,0,0,0,0,True,True,True,19.0,1.1578947368421053,0.5789473684210527,True,True,True,True,True,True,True,True,True,True,True,True,0,0,0,0,22.0,0.13636363636363635
A02__state_only,A02,state_only,no_compression,9,0,True,True,True,0,0,0,0,True,True,True,19.0,1.1578947368421053,0.5789473684210527,True,True,True,True,True,True,True,True,True,True,True,True,0,0,0,0,22.0,0.13636363636363635
A02__state_only,A02,state_only,no_executor,9,0,True,True,False,0,0,0,0,True,,,,,,True,True,True,True,True,True,True,True,True,True,True,True,0,0,0,0,,
A02__linear_order,A02,linear_order,full,9,0,False,True,True,17,0,9,8,True,True,True,19.0,1.1578947368421053,0.5789473684210527,True,False,False,True,True,True,True,True,True,True,True,True,9,0,0,8,22.0,0.13636363636363635
A02__linear_order,A02,linear_order,no_state,9,0,False,False,False,0,8,0,0,True,,,,,,True,False,False,True,True,True,True,False,False,True,True,True,0,0,0,0,,
A02__linear_order,A02,linear_order,no_sync,9,0,False,True,True,17,0,9,8,True,True,True,19.0,1.1578947368421053,0.5789473684210527,True,False,False,True,True,True,True,True,True,True,True,True,9,0,0,8,22.0,0.13636363636363635
A02__linear_order,A02,linear_order,no_resource,9,0,False,True,True,17,0,9,8,True,True,True,19.0,1.1578947368421053,0.5789473684210527,True,False,False,True,True,True,True,True,True,True,True,True,9,0,0,8,22.0,0.13636363636363635
A02__linear_order,A02,linear_order,no_compression,9,0,False,True,True,9,0,9,0,True,True,True,22.0,1.0,0.5,True,False,False,True,True,True,True,True,True,True,True,True,9,0,0,0,22.0,0.0
A02__linear_order,A02,linear_order,no_executor,9,0,False,True,False,17,0,9,8,True,,,,,,True,False,False,True,True,True,True,True,True,True,True,True,9,0,0,8,,
A03__intact,A03,intact,full,9,2,True,True,True,6,0,0,0,True,True,True,19.0,1.1578947368421053,0.7368421052631579,True,True,True,True,True,True,True,True,True,True,True,True,0,6,0,0,22.0,0.13636363636363635
A03__intact,A03,intact,no_state,9,2,True,True,True,6,0,0,0,True,True,True,19.0,1.1578947368421053,0.7368421052631579,True,True,True,True,True,True,True,True,True,True,True,True,0,6,0,0,22.0,0.13636363636363635
A03__intact,A03,intact,no_sync,9,2,True,True,True,0,0,0,0,True,True,True,19.0,1.1578947368421053,0.7368421052631579,True,True,True,True,True,True,True,True,True,True,True,True,0,0,0,0,22.0,0.13636363636363635
A03__intact,A03,intact,no_resource,9,2,True,True,True,6,0,0,0,True,True,True,19.0,1.1578947368421053,0.7368421052631579,True,True,True,True,True,True,True,True,True,True,True,True,0,6,0,0,22.0,0.13636363636363635
A03__intact,A03,intact,no_compression,9,2,True,True,True,6,0,0,0,True,True,True,19.0,1.1578947368421053,0.7368421052631579,True,True,True,True,True,True,True,True,True,True,True,True,0,6,0,0,22.0,0.13636363636363635
A03__intact,A03,intact,no_executor,9,2,True,True,False,6,0,0,0,True,,,,,,True,True,True,True,True,True,True,True,True,True,True,True,0,6,0,0,,
A03__nodes_only,A03,nodes_only,full,9,2,False,True,True,14,0,14,0,True,True,True,19.0,1.1578947368421053,0.7368421052631579,True,False,False,True,True,False,True,True,True,True,True,True,9,3,2,0,22.0,0.13636363636363635
A03__nodes_only,A03,nodes_only,no_state,9,2,False,False,False,23,0,23,0,True,,,,,,True,False,False,True,True,False,True,False,False,True,True,True,0,0,23,0,,
A03__nodes_only,A03,nodes_only,no_sync,9,2,False,False,False,11,0,11,0,True,,,,,,True,False,False,True,True,False,True,True,True,True,False,True,9,0,2,0,,
A03__nodes_only,A03,nodes_only,no_resource,9,2,False,False,False,12,0,12,0,True,,,,,,True,False,False,True,True,False,True,True,True,True,True,False,9,3,0,0,,
A03__nodes_only,A03,nodes_only,no_compression,9,2,False,True,True,14,0,14,0,True,True,True,19.0,1.1578947368421053,0.7368421052631579,True,False,False,True,True,False,True,True,True,True,True,True,9,3,2,0,22.0,0.13636363636363635
A03__nodes_only,A03,nodes_only,no_executor,9,2,False,True,False,14,0,14,0,True,,,,,,True,False,False,True,True,False,True,True,True,True,True,True,9,3,2,0,,
A03__state_only,A03,state_only,full,9,2,False,True,True,5,0,5,0,True,True,True,19.0,1.1578947368421053,0.7368421052631579,True,True,True,True,False,False,True,True,True,True,True,True,0,3,2,0,22.0,0.13636363636363635
A03__state_only,A03,state_only,no_state,9,2,False,True,True,5,0,5,0,True,True,True,19.0,1.1578947368421053,0.7368421052631579,True,True,True,True,False,False,True,True,True,True,True,True,0,3,2,0,22.0,0.13636363636363635
A03__state_only,A03,state_only,no_sync,9,2,False,False,False,2,0,2,0,True,,,,,,True,True,True,True,False,False,True,True,True,True,False,True,0,0,2,0,,
A03__state_only,A03,state_only,no_resource,9,2,False,False,False,3,0,3,0,True,,,,,,True,True,True,True,False,False,True,True,True,True,True,False,0,3,0,0,,
A03__state_only,A03,state_only,no_compression,9,2,False,True,True,5,0,5,0,True,True,True,19.0,1.1578947368421053,0.7368421052631579,True,True,True,True,False,False,True,True,True,True,True,True,0,3,2,0,22.0,0.13636363636363635
A03__state_only,A03,state_only,no_executor,9,2,False,True,False,5,0,5,0,True,,,,,,True,True,True,True,False,False,True,True,True,True,True,True,0,3,2,0,,
A03__linear_order,A03,linear_order,full,9,2,False,True,True,19,1,12,7,True,True,True,19.0,1.1578947368421053,0.7368421052631579,True,False,False,True,True,True,True,True,True,True,True,True,9,3,0,7,22.0,0.13636363636363635
A03__linear_order,A03,linear_order,no_state,9,2,False,False,False,0,8,0,0,True,,,,,,True,False,False,True,True,True,True,False,False,True,True,True,0,0,0,0,,
A03__linear_order,A03,linear_order,no_sync,9,2,False,False,False,16,1,9,7,True,,,,,,True,False,False,True,True,True,True,True,True,True,False,True,9,0,0,7,,
A03__linear_order,A03,linear_order,no_resource,9,2,False,True,True,19,1,12,7,True,True,True,19.0,1.1578947368421053,0.7368421052631579,True,False,False,True,True,True,True,True,True,True,True,True,9,3,0,7,22.0,0.13636363636363635
A03__linear_order,A03,linear_order,no_compression,9,2,False,True,True,12,0,12,0,True,True,True,22.0,1.0,0.6363636363636364,True,False,False,True,True,True,True,True,True,True,True,True,9,3,0,0,22.0,0.0
A03__linear_order,A03,linear_order,no_executor,9,2,False,True,False,19,1,12,7,True,,,,,,True,False,False,True,True,True,True,True,True,True,True,True,9,3,0,7,,
A04__intact,A04,intact,full,13,1,True,True,True,4,0,0,0,True,True,True,19.0,1.4736842105263157,0.8157894736842105,True,True,True,True,True,True,True,True,True,True,True,True,0,4,0,0,28.0,0.3214285714285714
A04__intact,A04,intact,no_state,13,1,True,True,True,4,0,0,0,True,True,True,19.0,1.4736842105263157,0.8157894736842105,True,True,True,True,True,True,True,True,True,True,True,True,0,4,0,0,28.0,0.3214285714285714
A04__intact,A04,intact,no_sync,13,1,True,True,True,0,0,0,0,True,True,True,19.0,1.4736842105263157,0.8157894736842105,True,True,True,True,True,True,True,True,True,True,True,True,0,0,0,0,28.0,0.3214285714285714
A04__intact,A04,intact,no_resource,13,1,True,True,True,4,0,0,0,True,True,True,19.0,1.4736842105263157,0.8157894736842105,True,True,True,True,True,True,True,True,True,True,True,True,0,4,0,0,28.0,0.3214285714285714
A04__intact,A04,intact,no_compression,13,1,True,True,True,4,0,0,0,True,True,True,19.0,1.4736842105263157,0.8157894736842105,True,True,True,True,True,True,True,True,True,True,True,True,0,4,0,0,28.0,0.3214285714285714
A04__intact,A04,intact,no_executor,13,1,True,True,False,4,0,0,0,True,,,,,,True,True,True,True,True,True,True,True,True,True,True,True,0,4,0,0,,
A04__nodes_only,A04,nodes_only,full,13,1,False,True,True,18,0,18,0,True,True,True,19.0,1.4736842105263157,0.8157894736842105,True,False,False,True,True,False,True,True,True,True,True,True,13,2,3,0,28.0,0.3214285714285714
A04__nodes_only,A04,nodes_only,no_state,13,1,False,False,False,30,0,30,0,True,,,,,,True,False,False,True,True,False,True,False,False,True,True,True,0,0,30,0,,
A04__nodes_only,A04,nodes_only,no_sync,13,1,False,False,False,16,0,16,0,True,,,,,,True,False,False,True,True,False,True,True,True,True,False,True,13,0,3,0,,
A04__nodes_only,A04,nodes_only,no_resource,13,1,False,False,False,15,0,15,0,True,,,,,,True,False,False,True,True,False,True,True,True,True,True,False,13,2,0,0,,
A04__nodes_only,A04,nodes_only,no_compression,13,1,False,True,True,18,0,18,0,True,True,True,19.0,1.4736842105263157,0.8157894736842105,True,False,False,True,True,False,True,True,True,True,True,True,13,2,3,0,28.0,0.3214285714285714
A04__nodes_only,A04,nodes_only,no_executor,13,1,False,True,False,18,0,18,0,True,,,,,,True,False,False,True,True,False,True,True,True,True,True,True,13,2,3,0,,
A04__state_only,A04,state_only,full,13,1,False,True,True,5,0,5,0,True,True,True,19.0,1.4736842105263157,0.8157894736842105,True,True,True,True,False,False,True,True,True,True,True,True,0,2,3,0,28.0,0.3214285714285714
A04__state_only,A04,state_only,no_state,13,1,False,True,True,5,0,5,0,True,True,True,19.0,1.4736842105263157,0.8157894736842105,True,True,True,True,False,False,True,True,True,True,True,True,0,2,3,0,28.0,0.3214285714285714
A04__state_only,A04,state_only,no_sync,13,1,False,False,False,3,0,3,0,True,,,,,,True,True,True,True,False,False,True,True,True,True,False,True,0,0,3,0,,
A04__state_only,A04,state_only,no_resource,13,1,False,False,False,2,0,2,0,True,,,,,,True,True,True,True,False,False,True,True,True,True,True,False,0,2,0,0,,
A04__state_only,A04,state_only,no_compression,13,1,False,True,True,5,0,5,0,True,True,True,19.0,1.4736842105263157,0.8157894736842105,True,True,True,True,False,False,True,True,True,True,True,True,0,2,3,0,28.0,0.3214285714285714
A04__state_only,A04,state_only,no_executor,13,1,False,True,False,5,0,5,0,True,,,,,,True,True,True,True,False,False,True,True,True,True,True,True,0,2,3,0,,
A04__linear_order,A04,linear_order,full,13,1,False,True,True,24,3,15,9,True,True,True,19.0,1.4736842105263157,0.8157894736842105,True,False,False,True,True,True,True,True,True,True,True,True,13,2,0,9,28.0,0.3214285714285714
A04__linear_order,A04,linear_order,no_state,13,1,False,False,False,0,12,0,0,True,,,,,,True,False,False,True,True,True,True,False,False,True,True,True,0,0,0,0,,
A04__linear_order,A04,linear_order,no_sync,13,1,False,False,False,22,3,13,9,True,,,,,,True,False,False,True,True,True,True,True,True,True,False,True,13,0,0,9,,
A04__linear_order,A04,linear_order,no_resource,13,1,False,True,True,24,3,15,9,True,True,True,19.0,1.4736842105263157,0.8157894736842105,True,False,False,True,True,True,True,True,True,True,True,True,13,2,0,9,28.0,0.3214285714285714
A04__linear_order,A04,linear_order,no_compression,13,1,False,True,True,15,0,15,0,True,True,True,28.0,1.0,0.5535714285714286,True,False,False,True,True,True,True,True,True,True,True,True,13,2,0,0,28.0,0.0
A04__linear_order,A04,linear_order,no_executor,13,1,False,True,False,24,3,15,9,True,,,,,,True,False,False,True,True,True,True,True,True,True,True,True,13,2,0,9,,
I01__intact,I01,intact,full,8,0,True,True,True,0,0,0,0,True,True,True,12.0,1.0833333333333333,0.5416666666666666,True,True,True,True,True,True,True,True,True,True,True,True,0,0,0,0,13.0,0.07692307692307687
I01__intact,I01,intact,no_state,8,0,True,True,True,0,0,0,0,True,True,True,12.0,1.0833333333333333,0.5416666666666666,True,True,True,True,True,True,True,True,True,True,True,True,0,0,0,0,13.0,0.07692307692307687
I01__intact,I01,intact,no_sync,8,0,True,True,True,0,0,0,0,True,True,True,12.0,1.0833333333333333,0.5416666666666666,True,True,True,True,True,True,True,True,True,True,True,True,0,0,0,0,13.0,0.07692307692307687
I01__intact,I01,intact,no_resource,8,0,True,True,True,0,0,0,0,True,True,True,12.0,1.0833333333333333,0.5416666666666666,True,True,True,True,True,True,True,True,True,True,True,True,0,0,0,0,13.0,0.07692307692307687
I01__intact,I01,intact,no_compression,8,0,True,True,True,0,0,0,0,True,True,True,12.0,1.0833333333333333,0.5416666666666666,True,True,True,True,True,True,True,True,True,True,True,True,0,0,0,0,13.0,0.07692307692307687
I01__intact,I01,intact,no_executor,8,0,True,True,False,0,0,0,0,True,,,,,,True,True,True,True,True,True,True,True,True,True,True,True,0,0,0,0,,
I01__nodes_only,I01,nodes_only,full,8,0,False,True,True,11,0,11,0,True,True,True,12.0,1.0833333333333333,0.5416666666666666,True,False,False,True,True,False,True,True,True,True,True,True,9,0,2,0,13.0,0.07692307692307687
I01__nodes_only,I01,nodes_only,no_state,8,0,False,False,False,9,0,9,0,True,,,,,,True,False,False,True,True,False,True,False,False,True,True,True,0,0,9,0,,
I01__nodes_only,I01,nodes_only,no_sync,8,0,False,True,True,11,0,11,0,True,True,True,12.0,1.0833333333333333,0.5416666666666666,True,False,False,True,True,False,True,True,True,True,True,True,9,0,2,0,13.0,0.07692307692307687
I01__nodes_only,I01,nodes_only,no_resource,8,0,False,False,False,9,0,9,0,True,,,,,,True,False,False,True,True,False,True,True,True,True,True,False,9,0,0,0,,
I01__nodes_only,I01,nodes_only,no_compression,8,0,False,True,True,11,0,11,0,True,True,True,12.0,1.0833333333333333,0.5416666666666666,True,False,False,True,True,False,True,True,True,True,True,True,9,0,2,0,13.0,0.07692307692307687
I01__nodes_only,I01,nodes_only,no_executor,8,0,False,True,False,11,0,11,0,True,,,,,,True,False,False,True,True,False,True,True,True,True,True,True,9,0,2,0,,
I01__state_only,I01,state_only,full,8,0,False,True,True,2,0,2,0,True,True,True,12.0,1.0833333333333333,0.5416666666666666,True,True,True,True,True,False,True,True,True,True,True,True,0,0,2,0,13.0,0.07692307692307687
I01__state_only,I01,state_only,no_state,8,0,False,True,True,2,0,2,0,True,True,True,12.0,1.0833333333333333,0.5416666666666666,True,True,True,True,True,False,True,True,True,True,True,True,0,0,2,0,13.0,0.07692307692307687
I01__state_only,I01,state_only,no_sync,8,0,False,True,True,2,0,2,0,True,True,True,12.0,1.0833333333333333,0.5416666666666666,True,True,True,True,True,False,True,True,True,True,True,True,0,0,2,0,13.0,0.07692307692307687
I01__state_only,I01,state_only,no_resource,8,0,False,False,False,0,0,0,0,True,,,,,,True,True,True,True,True,False,True,True,True,True,True,False,0,0,0,0,,
I01__state_only,I01,state_only,no_compression,8,0,False,True,True,2,0,2,0,True,True,True,12.0,1.0833333333333333,0.5416666666666666,True,True,True,True,True,False,True,True,True,True,True,True,0,0,2,0,13.0,0.07692307692307687
I01__state_only,I01,state_only,no_executor,8,0,False,True,False,2,0,2,0,True,,,,,,True,True,True,True,True,False,True,True,True,True,True,True,0,0,2,0,,
I01__linear_order,I01,linear_order,full,8,0,False,True,True,14,2,9,5,True,True,True,12.0,1.0833333333333333,0.5416666666666666,True,False,False,True,True,True,True,True,True,True,True,True,9,0,0,5,13.0,0.07692307692307687
I01__linear_order,I01,linear_order,no_state,8,0,False,False,False,0,7,0,0,True,,,,,,True,False,False,True,True,True,True,False,False,True,True,True,0,0,0,0,,
I01__linear_order,I01,linear_order,no_sync,8,0,False,True,True,14,2,9,5,True,True,True,12.0,1.0833333333333333,0.5416666666666666,True,False,False,True,True,True,True,True,True,True,True,True,9,0,0,5,13.0,0.07692307692307687
I01__linear_order,I01,linear_order,no_resource,8,0,False,True,True,14,2,9,5,True,True,True,12.0,1.0833333333333333,0.5416666666666666,True,False,False,True,True,True,True,True,True,True,True,True,9,0,0,5,13.0,0.07692307692307687
I01__linear_order,I01,linear_order,no_compression,8,0,False,True,True,9,0,9,0,True,True,True,13.0,1.0,0.5,True,False,False,True,True,True,True,True,True,True,True,True,9,0,0,0,13.0,0.0
I01__linear_order,I01,linear_order,no_executor,8,0,False,True,False,14,2,9,5,True,,,,,,True,False,False,True,True,True,True,True,True,True,True,True,9,0,0,5,,
I02__intact,I02,intact,full,10,2,True,True,True,6,0,0,0,True,True,True,22.0,1.1363636363636365,0.7045454545454546,True,True,True,True,True,True,True,True,True,True,True,True,0,6,0,0,25.0,0.12
I02__intact,I02,intact,no_state,10,2,True,True,True,6,0,0,0,True,True,True,22.0,1.1363636363636365,0.7045454545454546,True,True,True,True,True,True,True,True,True,True,True,True,0,6,0,0,25.0,0.12
I02__intact,I02,intact,no_sync,10,2,True,True,True,0,0,0,0,True,True,True,22.0,1.1363636363636365,0.7045454545454546,True,True,True,True,True,True,True,True,True,True,True,True,0,0,0,0,25.0,0.12
I02__intact,I02,intact,no_resource,10,2,True,True,True,6,0,0,0,True,True,True,22.0,1.1363636363636365,0.7045454545454546,True,True,True,True,True,True,True,True,True,True,True,True,0,6,0,0,25.0,0.12
I02__intact,I02,intact,no_compression,10,2,True,True,True,6,0,0,0,True,True,True,22.0,1.1363636363636365,0.7045454545454546,True,True,True,True,True,True,True,True,True,True,True,True,0,6,0,0,25.0,0.12
I02__intact,I02,intact,no_executor,10,2,True,True,False,6,0,0,0,True,,,,,,True,True,True,True,True,True,True,True,True,True,True,True,0,6,0,0,,
I02__nodes_only,I02,nodes_only,full,10,2,False,True,True,18,0,18,0,True,True,True,22.0,1.1363636363636365,0.7045454545454546,True,False,False,True,True,False,True,True,True,True,True,True,11,3,4,0,25.0,0.12
I02__nodes_only,I02,nodes_only,no_state,10,2,False,False,False,39,0,39,0,True,,,,,,True,False,False,True,True,False,True,False,False,True,True,True,0,0,39,0,,
I02__nodes_only,I02,nodes_only,no_sync,10,2,False,False,False,15,0,15,0,True,,,,,,True,False,False,True,True,False,True,True,True,True,False,True,11,0,4,0,,
I02__nodes_only,I02,nodes_only,no_resource,10,2,False,False,False,14,0,14,0,True,,,,,,True,False,False,True,True,False,True,True,True,True,True,False,11,3,0,0,,
I02__nodes_only,I02,nodes_only,no_compression,10,2,False,True,True,18,0,18,0,True,True,True,22.0,1.1363636363636365,0.7045454545454546,True,False,False,True,True,False,True,True,True,True,True,True,11,3,4,0,25.0,0.12
I02__nodes_only,I02,nodes_only,no_executor,10,2,False,True,False,18,0,18,0,True,,,,,,True,False,False,True,True,False,True,True,True,True,True,True,11,3,4,0,,
I02__state_only,I02,state_only,full,10,2,False,True,True,7,0,7,0,True,True,True,22.0,1.1363636363636365,0.7045454545454546,True,True,True,True,False,False,True,True,True,True,True,True,0,3,4,0,25.0,0.12
I02__state_only,I02,state_only,no_state,10,2,False,True,True,7,0,7,0,True,True,True,22.0,1.1363636363636365,0.7045454545454546,True,True,True,True,False,False,True,True,True,True,True,True,0,3,4,0,25.0,0.12
I02__state_only,I02,state_only,no_sync,10,2,False,False,False,4,0,4,0,True,,,,,,True,True,True,True,False,False,True,True,True,True,False,True,0,0,4,0,,
I02__state_only,I02,state_only,no_resource,10,2,False,False,False,3,0,3,0,True,,,,,,True,True,True,True,False,False,True,True,True,True,True,False,0,3,0,0,,
I02__state_only,I02,state_only,no_compression,10,2,False,True,True,7,0,7,0,True,True,True,22.0,1.1363636363636365,0.7045454545454546,True,True,True,True,False,False,True,True,True,True,True,True,0,3,4,0,25.0,0.12
I02__state_only,I02,state_only,no_executor,10,2,False,True,False,7,0,7,0,True,,,,,,True,True,True,True,False,False,True,True,True,True,True,True,0,3,4,0,,
I02__linear_order,I02,linear_order,full,10,2,False,True,True,22,1,14,8,True,True,True,22.0,1.1363636363636365,0.7045454545454546,True,False,False,True,True,True,True,True,True,True,True,True,11,3,0,8,25.0,0.12
I02__linear_order,I02,linear_order,no_state,10,2,False,False,False,0,9,0,0,True,,,,,,True,False,False,True,True,True,True,False,False,True,True,True,0,0,0,0,,
I02__linear_order,I02,linear_order,no_sync,10,2,False,False,False,19,1,11,8,True,,,,,,True,False,False,True,True,True,True,True,True,True,False,True,11,0,0,8,,
I02__linear_order,I02,linear_order,no_resource,10,2,False,True,True,22,1,14,8,True,True,True,22.0,1.1363636363636365,0.7045454545454546,True,False,False,True,True,True,True,True,True,True,True,True,11,3,0,8,25.0,0.12
I02__linear_order,I02,linear_order,no_compression,10,2,False,True,True,14,0,14,0,True,True,True,25.0,1.0,0.62,True,False,False,True,True,True,True,True,True,True,True,True,11,3,0,0,25.0,0.0
I02__linear_order,I02,linear_order,no_executor,10,2,False,True,False,22,1,14,8,True,,,,,,True,False,False,True,True,True,True,True,True,True,True,True,11,3,0,8,,
I03__intact,I03,intact,full,13,1,True,True,True,2,0,0,0,True,True,True,20.0,1.15,0.65,True,True,True,True,True,True,True,True,True,True,True,True,0,2,0,0,23.0,0.13043478260869568
I03__intact,I03,intact,no_state,13,1,True,True,True,2,0,0,0,True,True,True,20.0,1.15,0.65,True,True,True,True,True,True,True,True,True,True,True,True,0,2,0,0,23.0,0.13043478260869568
I03__intact,I03,intact,no_sync,13,1,True,True,True,0,0,0,0,True,True,True,20.0,1.15,0.65,True,True,True,True,True,True,True,True,True,True,True,True,0,0,0,0,23.0,0.13043478260869568
I03__intact,I03,intact,no_resource,13,1,True,True,True,2,0,0,0,True,True,True,20.0,1.15,0.65,True,True,True,True,True,True,True,True,True,True,True,True,0,2,0,0,23.0,0.13043478260869568
I03__intact,I03,intact,no_compression,13,1,True,True,True,2,0,0,0,True,True,True,20.0,1.15,0.65,True,True,True,True,True,True,True,True,True,True,True,True,0,2,0,0,23.0,0.13043478260869568
I03__intact,I03,intact,no_executor,13,1,True,True,False,2,0,0,0,True,,,,,,True,True,True,True,True,True,True,True,True,True,True,True,0,2,0,0,,
I03__nodes_only,I03,nodes_only,full,13,1,False,True,True,21,0,21,0,True,True,True,20.0,1.15,0.65,True,False,False,True,True,False,True,True,True,True,True,True,16,1,4,0,23.0,0.13043478260869568
I03__nodes_only,I03,nodes_only,no_state,13,1,False,False,False,21,0,21,0,True,,,,,,True,False,False,True,True,False,True,False,False,True,True,True,0,0,21,0,,
I03__nodes_only,I03,nodes_only,no_sync,13,1,False,False,False,20,0,20,0,True,,,,,,True,False,False,True,True,False,True,True,True,True,False,True,16,0,4,0,,
I03__nodes_only,I03,nodes_only,no_resource,13,1,False,False,False,17,0,17,0,True,,,,,,True,False,False,True,True,False,True,True,True,True,True,False,16,1,0,0,,
I03__nodes_only,I03,nodes_only,no_compression,13,1,False,True,True,21,0,21,0,True,True,True,20.0,1.15,0.65,True,False,False,True,True,False,True,True,True,True,True,True,16,1,4,0,23.0,0.13043478260869568
I03__nodes_only,I03,nodes_only,no_executor,13,1,False,True,False,21,0,21,0,True,,,,,,True,False,False,True,True,False,True,True,True,True,True,True,16,1,4,0,,
I03__state_only,I03,state_only,full,13,1,False,True,True,5,0,5,0,True,True,True,20.0,1.15,0.65,True,True,True,True,False,False,True,True,True,True,True,True,0,1,4,0,23.0,0.13043478260869568
I03__state_only,I03,state_only,no_state,13,1,False,True,True,5,0,5,0,True,True,True,20.0,1.15,0.65,True,True,True,True,False,False,True,True,True,True,True,True,0,1,4,0,23.0,0.13043478260869568
I03__state_only,I03,state_only,no_sync,13,1,False,False,False,4,0,4,0,True,,,,,,True,True,True,True,False,False,True,True,True,True,False,True,0,0,4,0,,
I03__state_only,I03,state_only,no_resource,13,1,False,False,False,1,0,1,0,True,,,,,,True,True,True,True,False,False,True,True,True,True,True,False,0,1,0,0,,
I03__state_only,I03,state_only,no_compression,13,1,False,True,True,5,0,5,0,True,True,True,20.0,1.15,0.65,True,True,True,True,False,False,True,True,True,True,True,True,0,1,4,0,23.0,0.13043478260869568
I03__state_only,I03,state_only,no_executor,13,1,False,True,False,5,0,5,0,True,,,,,,True,True,True,True,False,False,True,True,True,True,True,True,0,1,4,0,,
I03__linear_order,I03,linear_order,full,13,1,False,True,True,25,4,17,8,True,True,True,20.0,1.15,0.65,True,False,False,True,True,True,True,True,True,True,True,True,16,1,0,8,23.0,0.13043478260869568
I03__linear_order,I03,linear_order,no_state,13,1,False,False,False,0,12,0,0,True,,,,,,True,False,False,True,True,True,True,False,False,True,True,True,0,0,0,0,,
I03__linear_order,I03,linear_order,no_sync,13,1,False,False,False,24,4,16,8,True,,,,,,True,False,False,True,True,True,True,True,True,True,False,True,16,0,0,8,,
I03__linear_order,I03,linear_order,no_resource,13,1,False,True,True,25,4,17,8,True,True,True,20.0,1.15,0.65,True,False,False,True,True,True,True,True,True,True,True,True,16,1,0,8,23.0,0.13043478260869568
I03__linear_order,I03,linear_order,no_compression,13,1,False,True,True,17,0,17,0,True,True,True,23.0,1.0,0.5652173913043478,True,False,False,True,True,True,True,True,True,True,True,True,16,1,0,0,23.0,0.0
I03__linear_order,I03,linear_order,no_executor,13,1,False,True,False,25,4,17,8,True,,,,,,True,False,False,True,True,True,True,True,True,True,True,True,16,1,0,8,,
I04__intact,I04,intact,full,10,2,True,True,True,4,0,0,0,True,True,True,18.0,1.0555555555555556,0.6944444444444444,True,True,True,True,True,True,True,True,True,True,True,True,0,4,0,0,19.0,0.052631578947368474
I04__intact,I04,intact,no_state,10,2,True,True,True,4,0,0,0,True,True,True,18.0,1.0555555555555556,0.6944444444444444,True,True,True,True,True,True,True,True,True,True,True,True,0,4,0,0,19.0,0.052631578947368474
I04__intact,I04,intact,no_sync,10,2,True,True,True,0,0,0,0,True,True,True,18.0,1.0555555555555556,0.6944444444444444,True,True,True,True,True,True,True,True,True,True,True,True,0,0,0,0,19.0,0.052631578947368474
I04__intact,I04,intact,no_resource,10,2,True,True,True,4,0,0,0,True,True,True,18.0,1.0555555555555556,0.6944444444444444,True,True,True,True,True,True,True,True,True,True,True,True,0,4,0,0,19.0,0.052631578947368474
I04__intact,I04,intact,no_compression,10,2,True,True,True,4,0,0,0,True,True,True,18.0,1.0555555555555556,0.6944444444444444,True,True,True,True,True,True,True,True,True,True,True,True,0,4,0,0,19.0,0.052631578947368474
I04__intact,I04,intact,no_executor,10,2,True,True,False,4,0,0,0,True,,,,,,True,True,True,True,True,True,True,True,True,True,True,True,0,4,0,0,,
I04__nodes_only,I04,nodes_only,full,10,2,False,True,True,15,0,15,0,True,True,True,18.0,1.0555555555555556,0.6944444444444444,True,False,False,True,True,False,True,True,True,True,True,True,10,2,3,0,19.0,0.052631578947368474
I04__nodes_only,I04,nodes_only,no_state,10,2,False,False,False,16,0,16,0,True,,,,,,True,False,False,True,True,False,True,False,False,True,True,True,0,0,16,0,,
I04__nodes_only,I04,nodes_only,no_sync,10,2,False,False,False,13,0,13,0,True,,,,,,True,False,False,True,True,False,True,True,True,True,False,True,10,0,3,0,,
I04__nodes_only,I04,nodes_only,no_resource,10,2,False,False,False,12,0,12,0,True,,,,,,True,False,False,True,True,False,True,True,True,True,True,False,10,2,0,0,,
I04__nodes_only,I04,nodes_only,no_compression,10,2,False,True,True,15,0,15,0,True,True,True,18.0,1.0555555555555556,0.6944444444444444,True,False,False,True,True,False,True,True,True,True,True,True,10,2,3,0,19.0,0.052631578947368474
I04__nodes_only,I04,nodes_only,no_executor,10,2,False,True,False,15,0,15,0,True,,,,,,True,False,False,True,True,False,True,True,True,True,True,True,10,2,3,0,,
I04__state_only,I04,state_only,full,10,2,False,True,True,5,0,5,0,True,True,True,18.0,1.0555555555555556,0.6944444444444444,True,True,True,True,False,False,True,True,True,True,True,True,0,2,3,0,19.0,0.052631578947368474
I04__state_only,I04,state_only,no_state,10,2,False,True,True,5,0,5,0,True,True,True,18.0,1.0555555555555556,0.6944444444444444,True,True,True,True,False,False,True,True,True,True,True,True,0,2,3,0,19.0,0.052631578947368474
I04__state_only,I04,state_only,no_sync,10,2,False,False,False,3,0,3,0,True,,,,,,True,True,True,True,False,False,True,True,True,True,False,True,0,0,3,0,,
I04__state_only,I04,state_only,no_resource,10,2,False,False,False,2,0,2,0,True,,,,,,True,True,True,True,False,False,True,True,True,True,True,False,0,2,0,0,,
I04__state_only,I04,state_only,no_compression,10,2,False,True,True,5,0,5,0,True,True,True,18.0,1.0555555555555556,0.6944444444444444,True,True,True,True,False,False,True,True,True,True,True,True,0,2,3,0,19.0,0.052631578947368474
I04__state_only,I04,state_only,no_executor,10,2,False,True,False,5,0,5,0,True,,,,,,True,True,True,True,False,False,True,True,True,True,True,True,0,2,3,0,,
I04__linear_order,I04,linear_order,full,10,2,False,True,True,17,4,12,5,True,True,True,19.0,1.0,0.6578947368421053,True,False,False,True,True,True,True,True,True,True,True,True,10,2,0,5,19.0,0.0
I04__linear_order,I04,linear_order,no_state,10,2,False,False,False,0,9,0,0,True,,,,,,True,False,False,True,True,True,True,False,False,True,True,True,0,0,0,0,,
I04__linear_order,I04,linear_order,no_sync,10,2,False,False,False,15,4,10,5,True,,,,,,True,False,False,True,True,True,True,True,True,True,False,True,10,0,0,5,,
I04__linear_order,I04,linear_order,no_resource,10,2,False,True,True,17,4,12,5,True,True,True,19.0,1.0,0.6578947368421053,True,False,False,True,True,True,True,True,True,True,True,True,10,2,0,5,19.0,0.0
I04__linear_order,I04,linear_order,no_compression,10,2,False,True,True,12,0,12,0,True,True,True,19.0,1.0,0.6578947368421053,True,False,False,True,True,True,True,True,True,True,True,True,10,2,0,0,19.0,0.0
I04__linear_order,I04,linear_order,no_executor,10,2,False,True,False,17,4,12,5,True,,,,,,True,False,False,True,True,True,True,True,True,True,True,True,10,2,0,5,,
P01__intact,P01,intact,full,8,1,True,True,True,4,0,0,0,True,True,True,12.0,1.25,0.75,True,True,True,True,True,True,True,True,True,True,True,True,0,4,0,0,15.0,0.19999999999999996
P01__intact,P01,intact,no_state,8,1,True,True,True,4,0,0,0,True,True,True,12.0,1.25,0.75,True,True,True,True,True,True,True,True,True,True,True,True,0,4,0,0,15.0,0.19999999999999996
P01__intact,P01,intact,no_sync,8,1,True,True,True,0,0,0,0,True,True,True,12.0,1.25,0.75,True,True,True,True,True,True,True,True,True,True,True,True,0,0,0,0,15.0,0.19999999999999996
P01__intact,P01,intact,no_resource,8,1,True,True,True,4,0,0,0,True,True,True,12.0,1.25,0.75,True,True,True,True,True,True,True,True,True,True,True,True,0,4,0,0,15.0,0.19999999999999996
P01__intact,P01,intact,no_compression,8,1,True,True,True,4,0,0,0,True,True,True,12.0,1.25,0.75,True,True,True,True,True,True,True,True,True,True,True,True,0,4,0,0,15.0,0.19999999999999996
P01__intact,P01,intact,no_executor,8,1,True,True,False,4,0,0,0,True,,,,,,True,True,True,True,True,True,True,True,True,True,True,True,0,4,0,0,,
P01__nodes_only,P01,nodes_only,full,8,1,False,True,True,9,0,9,0,True,True,True,12.0,1.25,0.75,True,False,False,True,True,False,True,True,True,True,True,True,7,2,0,0,15.0,0.19999999999999996
P01__nodes_only,P01,nodes_only,no_state,8,1,False,False,False,17,0,17,0,True,,,,,,True,False,False,True,True,False,True,False,False,True,True,True,0,0,17,0,,
P01__nodes_only,P01,nodes_only,no_sync,8,1,False,False,False,7,0,7,0,True,,,,,,True,False,False,True,True,False,True,True,True,True,False,True,7,0,0,0,,
P01__nodes_only,P01,nodes_only,no_resource,8,1,False,True,True,9,0,9,0,True,True,True,12.0,1.25,0.75,True,False,False,True,True,False,True,True,True,True,True,True,7,2,0,0,15.0,0.19999999999999996
P01__nodes_only,P01,nodes_only,no_compression,8,1,False,True,True,9,0,9,0,True,True,True,12.0,1.25,0.75,True,False,False,True,True,False,True,True,True,True,True,True,7,2,0,0,15.0,0.19999999999999996
P01__nodes_only,P01,nodes_only,no_executor,8,1,False,True,False,9,0,9,0,True,,,,,,True,False,False,True,True,False,True,True,True,True,True,True,7,2,0,0,,
P01__state_only,P01,state_only,full,8,1,False,True,True,2,0,2,0,True,True,True,12.0,1.25,0.75,True,True,True,True,False,True,True,True,True,True,True,True,0,2,0,0,15.0,0.19999999999999996
P01__state_only,P01,state_only,no_state,8,1,False,True,True,2,0,2,0,True,True,True,12.0,1.25,0.75,True,True,True,True,False,True,True,True,True,True,True,True,0,2,0,0,15.0,0.19999999999999996
P01__state_only,P01,state_only,no_sync,8,1,False,False,False,0,0,0,0,True,,,,,,True,True,True,True,False,True,True,True,True,True,False,True,0,0,0,0,,
P01__state_only,P01,state_only,no_resource,8,1,False,True,True,2,0,2,0,True,True,True,12.0,1.25,0.75,True,True,True,True,False,True,True,True,True,True,True,True,0,2,0,0,15.0,0.19999999999999996
P01__state_only,P01,state_only,no_compression,8,1,False,True,True,2,0,2,0,True,True,True,12.0,1.25,0.75,True,True,True,True,False,True,True,True,True,True,True,True,0,2,0,0,15.0,0.19999999999999996
P01__state_only,P01,state_only,no_executor,8,1,False,True,False,2,0,2,0,True,,,,,,True,True,True,True,False,True,True,True,True,True,True,True,0,2,0,0,,
P01__linear_order,P01,linear_order,full,8,1,False,True,True,16,0,9,7,True,True,True,12.0,1.25,0.75,True,False,False,True,True,True,True,True,True,True,True,True,7,2,0,7,15.0,0.19999999999999996
P01__linear_order,P01,linear_order,no_state,8,1,False,False,False,0,7,0,0,True,,,,,,True,False,False,True,True,True,True,False,False,True,True,True,0,0,0,0,,
P01__linear_order,P01,linear_order,no_sync,8,1,False,False,False,14,0,7,7,True,,,,,,True,False,False,True,True,True,True,True,True,True,False,True,7,0,0,7,,
P01__linear_order,P01,linear_order,no_resource,8,1,False,True,True,16,0,9,7,True,True,True,12.0,1.25,0.75,True,False,False,True,True,True,True,True,True,True,True,True,7,2,0,7,15.0,0.19999999999999996
P01__linear_order,P01,linear_order,no_compression,8,1,False,True,True,9,0,9,0,True,True,True,15.0,1.0,0.6,True,False,False,True,True,True,True,True,True,True,True,True,7,2,0,0,15.0,0.0
P01__linear_order,P01,linear_order,no_executor,8,1,False,True,False,16,0,9,7,True,,,,,,True,False,False,True,True,True,True,True,True,True,True,True,7,2,0,7,,
P02__intact,P02,intact,full,11,1,True,True,True,6,0,0,0,True,True,True,15.0,1.4,0.8,True,True,True,True,True,True,True,True,True,True,True,True,0,6,0,0,21.0,0.2857142857142857
P02__intact,P02,intact,no_state,11,1,True,True,True,6,0,0,0,True,True,True,15.0,1.4,0.8,True,True,True,True,True,True,True,True,True,True,True,True,0,6,0,0,21.0,0.2857142857142857
P02__intact,P02,intact,no_sync,11,1,True,True,True,0,0,0,0,True,True,True,15.0,1.4,0.8,True,True,True,True,True,True,True,True,True,True,True,True,0,0,0,0,21.0,0.2857142857142857
P02__intact,P02,intact,no_resource,11,1,True,True,True,6,0,0,0,True,True,True,15.0,1.4,0.8,True,True,True,True,True,True,True,True,True,True,True,True,0,6,0,0,21.0,0.2857142857142857
P02__intact,P02,intact,no_compression,11,1,True,True,True,6,0,0,0,True,True,True,15.0,1.4,0.8,True,True,True,True,True,True,True,True,True,True,True,True,0,6,0,0,21.0,0.2857142857142857
P02__intact,P02,intact,no_executor,11,1,True,True,False,6,0,0,0,True,,,,,,True,True,True,True,True,True,True,True,True,True,True,True,0,6,0,0,,
P02__nodes_only,P02,nodes_only,full,11,1,False,True,True,14,0,14,0,True,True,True,15.0,1.4,0.8,True,False,False,True,True,False,True,True,True,True,True,True,10,3,1,0,21.0,0.2857142857142857
P02__nodes_only,P02,nodes_only,no_state,11,1,False,False,False,21,0,21,0,True,,,,,,True,False,False,True,True,False,True,False,False,True,True,True,0,0,21,0,,
P02__nodes_only,P02,nodes_only,no_sync,11,1,False,False,False,11,0,11,0,True,,,,,,True,False,False,True,True,False,True,True,True,True,False,True,10,0,1,0,,
P02__nodes_only,P02,nodes_only,no_resource,11,1,False,False,False,13,0,13,0,True,,,,,,True,False,False,True,True,False,True,True,True,True,True,False,10,3,0,0,,
P02__nodes_only,P02,nodes_only,no_compression,11,1,False,True,True,14,0,14,0,True,True,True,15.0,1.4,0.8,True,False,False,True,True,False,True,True,True,True,True,True,10,3,1,0,21.0,0.2857142857142857
P02__nodes_only,P02,nodes_only,no_executor,11,1,False,True,False,14,0,14,0,True,,,,,,True,False,False,True,True,False,True,True,True,True,True,True,10,3,1,0,,
P02__state_only,P02,state_only,full,11,1,False,True,True,4,0,4,0,True,True,True,15.0,1.4,0.8,True,True,True,True,False,False,True,True,True,True,True,True,0,3,1,0,21.0,0.2857142857142857
P02__state_only,P02,state_only,no_state,11,1,False,True,True,4,0,4,0,True,True,True,15.0,1.4,0.8,True,True,True,True,False,False,True,True,True,True,True,True,0,3,1,0,21.0,0.2857142857142857
P02__state_only,P02,state_only,no_sync,11,1,False,False,False,1,0,1,0,True,,,,,,True,True,True,True,False,False,True,True,True,True,False,True,0,0,1,0,,
P02__state_only,P02,state_only,no_resource,11,1,False,False,False,3,0,3,0,True,,,,,,True,True,True,True,False,False,True,True,True,True,True,False,0,3,0,0,,
P02__state_only,P02,state_only,no_compression,11,1,False,True,True,4,0,4,0,True,True,True,15.0,1.4,0.8,True,True,True,True,False,False,True,True,True,True,True,True,0,3,1,0,21.0,0.2857142857142857
P02__state_only,P02,state_only,no_executor,11,1,False,True,False,4,0,4,0,True,,,,,,True,True,True,True,False,False,True,True,True,True,True,True,0,3,1,0,,
P02__linear_order,P02,linear_order,full,11,1,False,True,True,22,1,13,9,True,True,True,15.0,1.4,0.8,True,False,False,True,True,True,True,True,True,True,True,True,10,3,0,9,21.0,0.2857142857142857
P02__linear_order,P02,linear_order,no_state,11,1,False,False,False,0,10,0,0,True,,,,,,True,False,False,True,True,True,True,False,False,True,True,True,0,0,0,0,,
P02__linear_order,P02,linear_order,no_sync,11,1,False,False,False,19,1,10,9,True,,,,,,True,False,False,True,True,True,True,True,True,True,False,True,10,0,0,9,,
P02__linear_order,P02,linear_order,no_resource,11,1,False,True,True,22,1,13,9,True,True,True,15.0,1.4,0.8,True,False,False,True,True,True,True,True,True,True,True,True,10,3,0,9,21.0,0.2857142857142857
P02__linear_order,P02,linear_order,no_compression,11,1,False,True,True,13,0,13,0,True,True,True,21.0,1.0,0.5714285714285714,True,False,False,True,True,True,True,True,True,True,True,True,10,3,0,0,21.0,0.0
P02__linear_order,P02,linear_order,no_executor,11,1,False,True,False,22,1,13,9,True,,,,,,True,False,False,True,True,True,True,True,True,True,True,True,10,3,0,9,,
P03__intact,P03,intact,full,11,1,True,True,True,2,0,0,0,True,True,True,14.0,1.2857142857142858,0.75,True,True,True,True,True,True,True,True,True,True,True,True,0,2,0,0,18.0,0.2222222222222222
P03__intact,P03,intact,no_state,11,1,True,True,True,2,0,0,0,True,True,True,14.0,1.2857142857142858,0.75,True,True,True,True,True,True,True,True,True,True,True,True,0,2,0,0,18.0,0.2222222222222222
P03__intact,P03,intact,no_sync,11,1,True,True,True,0,0,0,0,True,True,True,14.0,1.2857142857142858,0.75,True,True,True,True,True,True,True,True,True,True,True,True,0,0,0,0,18.0,0.2222222222222222
P03__intact,P03,intact,no_resource,11,1,True,True,True,2,0,0,0,True,True,True,14.0,1.2857142857142858,0.75,True,True,True,True,True,True,True,True,True,True,True,True,0,2,0,0,18.0,0.2222222222222222
P03__intact,P03,intact,no_compression,11,1,True,True,True,2,0,0,0,True,True,True,14.0,1.2857142857142858,0.75,True,True,True,True,True,True,True,True,True,True,True,True,0,2,0,0,18.0,0.2222222222222222
P03__intact,P03,intact,no_executor,11,1,True,True,False,2,0,0,0,True,,,,,,True,True,True,True,True,True,True,True,True,True,True,True,0,2,0,0,,
P03__nodes_only,P03,nodes_only,full,11,1,False,True,True,14,0,14,0,True,True,True,14.0,1.2857142857142858,0.75,True,False,False,True,True,False,True,True,True,True,True,True,10,1,3,0,18.0,0.2222222222222222
P03__nodes_only,P03,nodes_only,no_state,11,1,False,False,False,17,0,17,0,True,,,,,,True,False,False,True,True,False,True,False,False,True,True,True,0,0,17,0,,
P03__nodes_only,P03,nodes_only,no_sync,11,1,False,False,False,13,0,13,0,True,,,,,,True,False,False,True,True,False,True,True,True,True,False,True,10,0,3,0,,
P03__nodes_only,P03,nodes_only,no_resource,11,1,False,False,False,11,0,11,0,True,,,,,,True,False,False,True,True,False,True,True,True,True,True,False,10,1,0,0,,
P03__nodes_only,P03,nodes_only,no_compression,11,1,False,True,True,14,0,14,0,True,True,True,14.0,1.2857142857142858,0.75,True,False,False,True,True,False,True,True,True,True,True,True,10,1,3,0,18.0,0.2222222222222222
P03__nodes_only,P03,nodes_only,no_executor,11,1,False,True,False,14,0,14,0,True,,,,,,True,False,False,True,True,False,True,True,True,True,True,True,10,1,3,0,,
P03__state_only,P03,state_only,full,11,1,False,True,True,4,0,4,0,True,True,True,14.0,1.2857142857142858,0.75,True,True,True,True,False,False,True,True,True,True,True,True,0,1,3,0,18.0,0.2222222222222222
P03__state_only,P03,state_only,no_state,11,1,False,True,True,4,0,4,0,True,True,True,14.0,1.2857142857142858,0.75,True,True,True,True,False,False,True,True,True,True,True,True,0,1,3,0,18.0,0.2222222222222222
P03__state_only,P03,state_only,no_sync,11,1,False,False,False,3,0,3,0,True,,,,,,True,True,True,True,False,False,True,True,True,True,False,True,0,0,3,0,,
P03__state_only,P03,state_only,no_resource,11,1,False,False,False,1,0,1,0,True,,,,,,True,True,True,True,False,False,True,True,True,True,True,False,0,1,0,0,,
P03__state_only,P03,state_only,no_compression,11,1,False,True,True,4,0,4,0,True,True,True,14.0,1.2857142857142858,0.75,True,True,True,True,False,False,True,True,True,True,True,True,0,1,3,0,18.0,0.2222222222222222
P03__state_only,P03,state_only,no_executor,11,1,False,True,False,4,0,4,0,True,,,,,,True,True,True,True,False,False,True,True,True,True,True,True,0,1,3,0,,
P03__linear_order,P03,linear_order,full,11,1,False,True,True,19,2,11,8,True,True,True,14.0,1.2857142857142858,0.75,True,False,False,True,True,True,True,True,True,True,True,True,10,1,0,8,18.0,0.2222222222222222
P03__linear_order,P03,linear_order,no_state,11,1,False,False,False,0,10,0,0,True,,,,,,True,False,False,True,True,True,True,False,False,True,True,True,0,0,0,0,,
P03__linear_order,P03,linear_order,no_sync,11,1,False,False,False,18,2,10,8,True,,,,,,True,False,False,True,True,True,True,True,True,True,False,True,10,0,0,8,,
P03__linear_order,P03,linear_order,no_resource,11,1,False,True,True,19,2,11,8,True,True,True,14.0,1.2857142857142858,0.75,True,False,False,True,True,True,True,True,True,True,True,True,10,1,0,8,18.0,0.2222222222222222
P03__linear_order,P03,linear_order,no_compression,11,1,False,True,True,11,0,11,0,True,True,True,18.0,1.0,0.5833333333333334,True,False,False,True,True,True,True,True,True,True,True,True,10,1,0,0,18.0,0.0
P03__linear_order,P03,linear_order,no_executor,11,1,False,True,False,19,2,11,8,True,,,,,,True,False,False,True,True,True,True,True,True,True,True,True,10,1,0,8,,
P04__intact,P04,intact,full,13,2,True,True,True,6,0,0,0,True,True,True,18.0,1.2777777777777777,0.8055555555555556,True,True,True,True,True,True,True,True,True,True,True,True,0,6,0,0,23.0,0.21739130434782605
P04__intact,P04,intact,no_state,13,2,True,True,True,6,0,0,0,True,True,True,18.0,1.2777777777777777,0.8055555555555556,True,True,True,True,True,True,True,True,True,True,True,True,0,6,0,0,23.0,0.21739130434782605
P04__intact,P04,intact,no_sync,13,2,True,True,True,0,0,0,0,True,True,True,18.0,1.2777777777777777,0.8055555555555556,True,True,True,True,True,True,True,True,True,True,True,True,0,0,0,0,23.0,0.21739130434782605
P04__intact,P04,intact,no_resource,13,2,True,True,True,6,0,0,0,True,True,True,18.0,1.2777777777777777,0.8055555555555556,True,True,True,True,True,True,True,True,True,True,True,True,0,6,0,0,23.0,0.21739130434782605
P04__intact,P04,intact,no_compression,13,2,True,True,True,6,0,0,0,True,True,True,18.0,1.2777777777777777,0.8055555555555556,True,True,True,True,True,True,True,True,True,True,True,True,0,6,0,0,23.0,0.21739130434782605
P04__intact,P04,intact,no_executor,13,2,True,True,False,6,0,0,0,True,,,,,,True,True,True,True,True,True,True,True,True,True,True,True,0,6,0,0,,
P04__nodes_only,P04,nodes_only,full,13,2,False,True,True,16,0,16,0,True,True,True,18.0,1.2777777777777777,0.8055555555555556,True,False,False,True,True,False,True,True,True,True,True,True,12,3,1,0,23.0,0.21739130434782605
P04__nodes_only,P04,nodes_only,no_state,13,2,False,False,False,29,0,29,0,True,,,,,,True,False,False,True,True,False,True,False,False,True,True,True,0,0,29,0,,
P04__nodes_only,P04,nodes_only,no_sync,13,2,False,False,False,13,0,13,0,True,,,,,,True,False,False,True,True,False,True,True,True,True,False,True,12,0,1,0,,
P04__nodes_only,P04,nodes_only,no_resource,13,2,False,False,False,15,0,15,0,True,,,,,,True,False,False,True,True,False,True,True,True,True,True,False,12,3,0,0,,
P04__nodes_only,P04,nodes_only,no_compression,13,2,False,True,True,16,0,16,0,True,True,True,18.0,1.2777777777777777,0.8055555555555556,True,False,False,True,True,False,True,True,True,True,True,True,12,3,1,0,23.0,0.21739130434782605
P04__nodes_only,P04,nodes_only,no_executor,13,2,False,True,False,16,0,16,0,True,,,,,,True,False,False,True,True,False,True,True,True,True,True,True,12,3,1,0,,
P04__state_only,P04,state_only,full,13,2,False,True,True,4,0,4,0,True,True,True,18.0,1.2777777777777777,0.8055555555555556,True,True,True,True,False,False,True,True,True,True,True,True,0,3,1,0,23.0,0.21739130434782605
P04__state_only,P04,state_only,no_state,13,2,False,True,True,4,0,4,0,True,True,True,18.0,1.2777777777777777,0.8055555555555556,True,True,True,True,False,False,True,True,True,True,True,True,0,3,1,0,23.0,0.21739130434782605
P04__state_only,P04,state_only,no_sync,13,2,False,False,False,1,0,1,0,True,,,,,,True,True,True,True,False,False,True,True,True,True,False,True,0,0,1,0,,
P04__state_only,P04,state_only,no_resource,13,2,False,False,False,3,0,3,0,True,,,,,,True,True,True,True,False,False,True,True,True,True,True,False,0,3,0,0,,
P04__state_only,P04,state_only,no_compression,13,2,False,True,True,4,0,4,0,True,True,True,18.0,1.2777777777777777,0.8055555555555556,True,True,True,True,False,False,True,True,True,True,True,True,0,3,1,0,23.0,0.21739130434782605
P04__state_only,P04,state_only,no_executor,13,2,False,True,False,4,0,4,0,True,,,,,,True,True,True,True,False,False,True,True,True,True,True,True,0,3,1,0,,
P04__linear_order,P04,linear_order,full,13,2,False,True,True,26,1,15,11,True,True,True,18.0,1.2777777777777777,0.8055555555555556,True,False,False,True,True,True,True,True,True,True,True,True,12,3,0,11,23.0,0.21739130434782605
P04__linear_order,P04,linear_order,no_state,13,2,False,False,False,0,12,0,0,True,,,,,,True,False,False,True,True,True,True,False,False,True,True,True,0,0,0,0,,
P04__linear_order,P04,linear_order,no_sync,13,2,False,False,False,23,1,12,11,True,,,,,,True,False,False,True,True,True,True,True,True,True,False,True,12,0,0,11,,
P04__linear_order,P04,linear_order,no_resource,13,2,False,True,True,26,1,15,11,True,True,True,18.0,1.2777777777777777,0.8055555555555556,True,False,False,True,True,True,True,True,True,True,True,True,12,3,0,11,23.0,0.21739130434782605
P04__linear_order,P04,linear_order,no_compression,13,2,False,True,True,15,0,15,0,True,True,True,23.0,1.0,0.6304347826086957,True,False,False,True,True,True,True,True,True,True,True,True,12,3,0,0,23.0,0.0
P04__linear_order,P04,linear_order,no_executor,13,2,False,True,False,26,1,15,11,True,,,,,,True,False,False,True,True,True,True,True,True,True,True,True,12,3,0,11,,
S01__intact,S01,intact,full,7,0,True,True,True,0,0,0,0,True,True,True,9.0,1.4444444444444444,0.7222222222222222,True,True,True,True,True,True,True,True,True,True,True,True,0,0,0,0,13.0,0.3076923076923077
S01__intact,S01,intact,no_state,7,0,True,True,True,0,0,0,0,True,True,True,9.0,1.4444444444444444,0.7222222222222222,True,True,True,True,True,True,True,True,True,True,True,True,0,0,0,0,13.0,0.3076923076923077
S01__intact,S01,intact,no_sync,7,0,True,True,True,0,0,0,0,True,True,True,9.0,1.4444444444444444,0.7222222222222222,True,True,True,True,True,True,True,True,True,True,True,True,0,0,0,0,13.0,0.3076923076923077
S01__intact,S01,intact,no_resource,7,0,True,True,True,0,0,0,0,True,True,True,9.0,1.4444444444444444,0.7222222222222222,True,True,True,True,True,True,True,True,True,True,True,True,0,0,0,0,13.0,0.3076923076923077
S01__intact,S01,intact,no_compression,7,0,True,True,True,0,0,0,0,True,True,True,9.0,1.4444444444444444,0.7222222222222222,True,True,True,True,True,True,True,True,True,True,True,True,0,0,0,0,13.0,0.3076923076923077
S01__intact,S01,intact,no_executor,7,0,True,True,False,0,0,0,0,True,,,,,,True,True,True,True,True,True,True,True,True,True,True,True,0,0,0,0,,
S01__nodes_only,S01,nodes_only,full,7,0,False,True,True,9,0,9,0,True,True,True,9.0,1.4444444444444444,0.7222222222222222,True,False,False,True,True,False,True,True,True,True,True,True,6,0,3,0,13.0,0.3076923076923077
S01__nodes_only,S01,nodes_only,no_state,7,0,False,False,False,6,0,6,0,True,,,,,,True,False,False,True,True,False,True,False,False,True,True,True,0,0,6,0,,
S01__nodes_only,S01,nodes_only,no_sync,7,0,False,True,True,9,0,9,0,True,True,True,9.0,1.4444444444444444,0.7222222222222222,True,False,False,True,True,False,True,True,True,True,True,True,6,0,3,0,13.0,0.3076923076923077
S01__nodes_only,S01,nodes_only,no_resource,7,0,False,False,False,6,0,6,0,True,,,,,,True,False,False,True,True,False,True,True,True,True,True,False,6,0,0,0,,
S01__nodes_only,S01,nodes_only,no_compression,7,0,False,True,True,9,0,9,0,True,True,True,9.0,1.4444444444444444,0.7222222222222222,True,False,False,True,True,False,True,True,True,True,True,True,6,0,3,0,13.0,0.3076923076923077
S01__nodes_only,S01,nodes_only,no_executor,7,0,False,True,False,9,0,9,0,True,,,,,,True,False,False,True,True,False,True,True,True,True,True,True,6,0,3,0,,
S01__state_only,S01,state_only,full,7,0,False,True,True,3,0,3,0,True,True,True,9.0,1.4444444444444444,0.7222222222222222,True,True,True,True,True,False,True,True,True,True,True,True,0,0,3,0,13.0,0.3076923076923077
S01__state_only,S01,state_only,no_state,7,0,False,True,True,3,0,3,0,True,True,True,9.0,1.4444444444444444,0.7222222222222222,True,True,True,True,True,False,True,True,True,True,True,True,0,0,3,0,13.0,0.3076923076923077
S01__state_only,S01,state_only,no_sync,7,0,False,True,True,3,0,3,0,True,True,True,9.0,1.4444444444444444,0.7222222222222222,True,True,True,True,True,False,True,True,True,True,True,True,0,0,3,0,13.0,0.3076923076923077
S01__state_only,S01,state_only,no_resource,7,0,False,False,False,0,0,0,0,True,,,,,,True,True,True,True,True,False,True,True,True,True,True,False,0,0,0,0,,
S01__state_only,S01,state_only,no_compression,7,0,False,True,True,3,0,3,0,True,True,True,9.0,1.4444444444444444,0.7222222222222222,True,True,True,True,True,False,True,True,True,True,True,True,0,0,3,0,13.0,0.3076923076923077
S01__state_only,S01,state_only,no_executor,7,0,False,True,False,3,0,3,0,True,,,,,,True,True,True,True,True,False,True,True,True,True,True,True,0,0,3,0,,
S01__linear_order,S01,linear_order,full,7,0,False,True,True,10,2,6,4,True,True,True,9.0,1.4444444444444444,0.7222222222222222,True,False,False,True,True,True,True,True,True,True,True,True,6,0,0,4,13.0,0.3076923076923077
S01__linear_order,S01,linear_order,no_state,7,0,False,False,False,0,6,0,0,True,,,,,,True,False,False,True,True,True,True,False,False,True,True,True,0,0,0,0,,
S01__linear_order,S01,linear_order,no_sync,7,0,False,True,True,10,2,6,4,True,True,True,9.0,1.4444444444444444,0.7222222222222222,True,False,False,True,True,True,True,True,True,True,True,True,6,0,0,4,13.0,0.3076923076923077
S01__linear_order,S01,linear_order,no_resource,7,0,False,True,True,10,2,6,4,True,True,True,9.0,1.4444444444444444,0.7222222222222222,True,False,False,True,True,True,True,True,True,True,True,True,6,0,0,4,13.0,0.3076923076923077
S01__linear_order,S01,linear_order,no_compression,7,0,False,True,True,6,0,6,0,True,True,True,13.0,1.0,0.5,True,False,False,True,True,True,True,True,True,True,True,True,6,0,0,0,13.0,0.0
S01__linear_order,S01,linear_order,no_executor,7,0,False,True,False,10,2,6,4,True,,,,,,True,False,False,True,True,True,True,True,True,True,True,True,6,0,0,4,,
S02__intact,S02,intact,full,9,0,True,True,True,0,0,0,0,True,True,True,11.0,1.3636363636363635,0.6818181818181818,True,True,True,True,True,True,True,True,True,True,True,True,0,0,0,0,15.0,0.2666666666666667
S02__intact,S02,intact,no_state,9,0,True,True,True,0,0,0,0,True,True,True,11.0,1.3636363636363635,0.6818181818181818,True,True,True,True,True,True,True,True,True,True,True,True,0,0,0,0,15.0,0.2666666666666667
S02__intact,S02,intact,no_sync,9,0,True,True,True,0,0,0,0,True,True,True,11.0,1.3636363636363635,0.6818181818181818,True,True,True,True,True,True,True,True,True,True,True,True,0,0,0,0,15.0,0.2666666666666667
S02__intact,S02,intact,no_resource,9,0,True,True,True,0,0,0,0,True,True,True,11.0,1.3636363636363635,0.6818181818181818,True,True,True,True,True,True,True,True,True,True,True,True,0,0,0,0,15.0,0.2666666666666667
S02__intact,S02,intact,no_compression,9,0,True,True,True,0,0,0,0,True,True,True,11.0,1.3636363636363635,0.6818181818181818,True,True,True,True,True,True,True,True,True,True,True,True,0,0,0,0,15.0,0.2666666666666667
S02__intact,S02,intact,no_executor,9,0,True,True,False,0,0,0,0,True,,,,,,True,True,True,True,True,True,True,True,True,True,True,True,0,0,0,0,,
S02__nodes_only,S02,nodes_only,full,9,0,False,True,True,13,0,13,0,True,True,True,11.0,1.3636363636363635,0.6818181818181818,True,False,False,True,True,False,True,True,True,True,True,True,10,0,3,0,15.0,0.2666666666666667
S02__nodes_only,S02,nodes_only,no_state,9,0,False,False,False,7,0,7,0,True,,,,,,True,False,False,True,True,False,True,False,False,True,True,True,0,0,7,0,,
S02__nodes_only,S02,nodes_only,no_sync,9,0,False,True,True,13,0,13,0,True,True,True,11.0,1.3636363636363635,0.6818181818181818,True,False,False,True,True,False,True,True,True,True,True,True,10,0,3,0,15.0,0.2666666666666667
S02__nodes_only,S02,nodes_only,no_resource,9,0,False,False,False,10,0,10,0,True,,,,,,True,False,False,True,True,False,True,True,True,True,True,False,10,0,0,0,,
S02__nodes_only,S02,nodes_only,no_compression,9,0,False,True,True,13,0,13,0,True,True,True,11.0,1.3636363636363635,0.6818181818181818,True,False,False,True,True,False,True,True,True,True,True,True,10,0,3,0,15.0,0.2666666666666667
S02__nodes_only,S02,nodes_only,no_executor,9,0,False,True,False,13,0,13,0,True,,,,,,True,False,False,True,True,False,True,True,True,True,True,True,10,0,3,0,,
S02__state_only,S02,state_only,full,9,0,False,True,True,3,0,3,0,True,True,True,11.0,1.3636363636363635,0.6818181818181818,True,True,True,True,True,False,True,True,True,True,True,True,0,0,3,0,15.0,0.2666666666666667
S02__state_only,S02,state_only,no_state,9,0,False,True,True,3,0,3,0,True,True,True,11.0,1.3636363636363635,0.6818181818181818,True,True,True,True,True,False,True,True,True,True,True,True,0,0,3,0,15.0,0.2666666666666667
S02__state_only,S02,state_only,no_sync,9,0,False,True,True,3,0,3,0,True,True,True,11.0,1.3636363636363635,0.6818181818181818,True,True,True,True,True,False,True,True,True,True,True,True,0,0,3,0,15.0,0.2666666666666667
S02__state_only,S02,state_only,no_resource,9,0,False,False,False,0,0,0,0,True,,,,,,True,True,True,True,True,False,True,True,True,True,True,False,0,0,0,0,,
S02__state_only,S02,state_only,no_compression,9,0,False,True,True,3,0,3,0,True,True,True,11.0,1.3636363636363635,0.6818181818181818,True,True,True,True,True,False,True,True,True,True,True,True,0,0,3,0,15.0,0.2666666666666667
S02__state_only,S02,state_only,no_executor,9,0,False,True,False,3,0,3,0,True,,,,,,True,True,True,True,True,False,True,True,True,True,True,True,0,0,3,0,,
S02__linear_order,S02,linear_order,full,9,0,False,True,True,15,3,10,5,True,True,True,11.0,1.3636363636363635,0.6818181818181818,True,False,False,True,True,True,True,True,True,True,True,True,10,0,0,5,15.0,0.2666666666666667
S02__linear_order,S02,linear_order,no_state,9,0,False,False,False,0,8,0,0,True,,,,,,True,False,False,True,True,True,True,False,False,True,True,True,0,0,0,0,,
S02__linear_order,S02,linear_order,no_sync,9,0,False,True,True,15,3,10,5,True,True,True,11.0,1.3636363636363635,0.6818181818181818,True,False,False,True,True,True,True,True,True,True,True,True,10,0,0,5,15.0,0.2666666666666667
S02__linear_order,S02,linear_order,no_resource,9,0,False,True,True,15,3,10,5,True,True,True,11.0,1.3636363636363635,0.6818181818181818,True,False,False,True,True,True,True,True,True,True,True,True,10,0,0,5,15.0,0.2666666666666667
S02__linear_order,S02,linear_order,no_compression,9,0,False,True,True,10,0,10,0,True,True,True,15.0,1.0,0.5,True,False,False,True,True,True,True,True,True,True,True,True,10,0,0,0,15.0,0.0
S02__linear_order,S02,linear_order,no_executor,9,0,False,True,False,15,3,10,5,True,,,,,,True,False,False,True,True,True,True,True,True,True,True,True,10,0,0,5,,
S03__intact,S03,intact,full,11,0,True,True,True,0,0,0,0,True,True,True,17.0,1.2352941176470589,0.6176470588235294,True,True,True,True,True,True,True,True,True,True,True,True,0,0,0,0,21.0,0.19047619047619047
S03__intact,S03,intact,no_state,11,0,True,True,True,0,0,0,0,True,True,True,17.0,1.2352941176470589,0.6176470588235294,True,True,True,True,True,True,True,True,True,True,True,True,0,0,0,0,21.0,0.19047619047619047
S03__intact,S03,intact,no_sync,11,0,True,True,True,0,0,0,0,True,True,True,17.0,1.2352941176470589,0.6176470588235294,True,True,True,True,True,True,True,True,True,True,True,True,0,0,0,0,21.0,0.19047619047619047
S03__intact,S03,intact,no_resource,11,0,True,True,True,0,0,0,0,True,True,True,17.0,1.2352941176470589,0.6176470588235294,True,True,True,True,True,True,True,True,True,True,True,True,0,0,0,0,21.0,0.19047619047619047
S03__intact,S03,intact,no_compression,11,0,True,True,True,0,0,0,0,True,True,True,17.0,1.2352941176470589,0.6176470588235294,True,True,True,True,True,True,True,True,True,True,True,True,0,0,0,0,21.0,0.19047619047619047
S03__intact,S03,intact,no_executor,11,0,True,True,False,0,0,0,0,True,,,,,,True,True,True,True,True,True,True,True,True,True,True,True,0,0,0,0,,
S03__nodes_only,S03,nodes_only,full,11,0,False,True,True,16,0,16,0,True,True,True,17.0,1.2352941176470589,0.6176470588235294,True,False,False,True,True,False,True,True,True,True,True,True,13,0,3,0,21.0,0.19047619047619047
S03__nodes_only,S03,nodes_only,no_state,11,0,False,False,False,15,0,15,0,True,,,,,,True,False,False,True,True,False,True,False,False,True,True,True,0,0,15,0,,
S03__nodes_only,S03,nodes_only,no_sync,11,0,False,True,True,16,0,16,0,True,True,True,17.0,1.2352941176470589,0.6176470588235294,True,False,False,True,True,False,True,True,True,True,True,True,13,0,3,0,21.0,0.19047619047619047
S03__nodes_only,S03,nodes_only,no_resource,11,0,False,False,False,13,0,13,0,True,,,,,,True,False,False,True,True,False,True,True,True,True,True,False,13,0,0,0,,
S03__nodes_only,S03,nodes_only,no_compression,11,0,False,True,True,16,0,16,0,True,True,True,17.0,1.2352941176470589,0.6176470588235294,True,False,False,True,True,False,True,True,True,True,True,True,13,0,3,0,21.0,0.19047619047619047
S03__nodes_only,S03,nodes_only,no_executor,11,0,False,True,False,16,0,16,0,True,,,,,,True,False,False,True,True,False,True,True,True,True,True,True,13,0,3,0,,
S03__state_only,S03,state_only,full,11,0,False,True,True,3,0,3,0,True,True,True,17.0,1.2352941176470589,0.6176470588235294,True,True,True,True,True,False,True,True,True,True,True,True,0,0,3,0,21.0,0.19047619047619047
S03__state_only,S03,state_only,no_state,11,0,False,True,True,3,0,3,0,True,True,True,17.0,1.2352941176470589,0.6176470588235294,True,True,True,True,True,False,True,True,True,True,True,True,0,0,3,0,21.0,0.19047619047619047
S03__state_only,S03,state_only,no_sync,11,0,False,True,True,3,0,3,0,True,True,True,17.0,1.2352941176470589,0.6176470588235294,True,True,True,True,True,False,True,True,True,True,True,True,0,0,3,0,21.0,0.19047619047619047
S03__state_only,S03,state_only,no_resource,11,0,False,False,False,0,0,0,0,True,,,,,,True,True,True,True,True,False,True,True,True,True,True,False,0,0,0,0,,
S03__state_only,S03,state_only,no_compression,11,0,False,True,True,3,0,3,0,True,True,True,17.0,1.2352941176470589,0.6176470588235294,True,True,True,True,True,False,True,True,True,True,True,True,0,0,3,0,21.0,0.19047619047619047
S03__state_only,S03,state_only,no_executor,11,0,False,True,False,3,0,3,0,True,,,,,,True,True,True,True,True,False,True,True,True,True,True,True,0,0,3,0,,
S03__linear_order,S03,linear_order,full,11,0,False,True,True,21,2,13,8,True,True,True,17.0,1.2352941176470589,0.6176470588235294,True,False,False,True,True,True,True,True,True,True,True,True,13,0,0,8,21.0,0.19047619047619047
S03__linear_order,S03,linear_order,no_state,11,0,False,False,False,0,10,0,0,True,,,,,,True,False,False,True,True,True,True,False,False,True,True,True,0,0,0,0,,
S03__linear_order,S03,linear_order,no_sync,11,0,False,True,True,21,2,13,8,True,True,True,17.0,1.2352941176470589,0.6176470588235294,True,False,False,True,True,True,True,True,True,True,True,True,13,0,0,8,21.0,0.19047619047619047
S03__linear_order,S03,linear_order,no_resource,11,0,False,True,True,21,2,13,8,True,True,True,17.0,1.2352941176470589,0.6176470588235294,True,False,False,True,True,True,True,True,True,True,True,True,13,0,0,8,21.0,0.19047619047619047
S03__linear_order,S03,linear_order,no_compression,11,0,False,True,True,13,0,13,0,True,True,True,21.0,1.0,0.5,True,False,False,True,True,True,True,True,True,True,True,True,13,0,0,0,21.0,0.0
S03__linear_order,S03,linear_order,no_executor,11,0,False,True,False,21,2,13,8,True,,,,,,True,False,False,True,True,True,True,True,True,True,True,True,13,0,0,8,,
S04__intact,S04,intact,full,16,1,True,True,True,2,0,0,0,True,True,True,16.0,1.375,0.78125,True,True,True,True,True,True,True,True,True,True,True,True,0,2,0,0,22.0,0.2727272727272727
S04__intact,S04,intact,no_state,16,1,True,True,True,2,0,0,0,True,True,True,16.0,1.375,0.78125,True,True,True,True,True,True,True,True,True,True,True,True,0,2,0,0,22.0,0.2727272727272727
S04__intact,S04,intact,no_sync,16,1,True,True,True,0,0,0,0,True,True,True,16.0,1.375,0.78125,True,True,True,True,True,True,True,True,True,True,True,True,0,0,0,0,22.0,0.2727272727272727
S04__intact,S04,intact,no_resource,16,1,True,True,True,2,0,0,0,True,True,True,16.0,1.375,0.78125,True,True,True,True,True,True,True,True,True,True,True,True,0,2,0,0,22.0,0.2727272727272727
S04__intact,S04,intact,no_compression,16,1,True,True,True,2,0,0,0,True,True,True,16.0,1.375,0.78125,True,True,True,True,True,True,True,True,True,True,True,True,0,2,0,0,22.0,0.2727272727272727
S04__intact,S04,intact,no_executor,16,1,True,True,False,2,0,0,0,True,,,,,,True,True,True,True,True,True,True,True,True,True,True,True,0,2,0,0,,
S04__nodes_only,S04,nodes_only,full,16,1,False,True,True,25,0,25,0,True,True,True,16.0,1.375,0.78125,True,False,False,True,True,False,True,True,True,True,True,True,18,1,6,0,22.0,0.2727272727272727
S04__nodes_only,S04,nodes_only,no_state,16,1,False,False,False,25,0,25,0,True,,,,,,True,False,False,True,True,False,True,False,False,True,True,True,0,0,25,0,,
S04__nodes_only,S04,nodes_only,no_sync,16,1,False,False,False,24,0,24,0,True,,,,,,True,False,False,True,True,False,True,True,True,True,False,True,18,0,6,0,,
S04__nodes_only,S04,nodes_only,no_resource,16,1,False,False,False,19,0,19,0,True,,,,,,True,False,False,True,True,False,True,True,True,True,True,False,18,1,0,0,,
S04__nodes_only,S04,nodes_only,no_compression,16,1,False,True,True,25,0,25,0,True,True,True,16.0,1.375,0.78125,True,False,False,True,True,False,True,True,True,True,True,True,18,1,6,0,22.0,0.2727272727272727
S04__nodes_only,S04,nodes_only,no_executor,16,1,False,True,False,25,0,25,0,True,,,,,,True,False,False,True,True,False,True,True,True,True,True,True,18,1,6,0,,
S04__state_only,S04,state_only,full,16,1,False,True,True,7,0,7,0,True,True,True,16.0,1.375,0.78125,True,True,True,True,False,False,True,True,True,True,True,True,0,1,6,0,22.0,0.2727272727272727
S04__state_only,S04,state_only,no_state,16,1,False,True,True,7,0,7,0,True,True,True,16.0,1.375,0.78125,True,True,True,True,False,False,True,True,True,True,True,True,0,1,6,0,22.0,0.2727272727272727
S04__state_only,S04,state_only,no_sync,16,1,False,False,False,6,0,6,0,True,,,,,,True,True,True,True,False,False,True,True,True,True,False,True,0,0,6,0,,
S04__state_only,S04,state_only,no_resource,16,1,False,False,False,1,0,1,0,True,,,,,,True,True,True,True,False,False,True,True,True,True,True,False,0,1,0,0,,
S04__state_only,S04,state_only,no_compression,16,1,False,True,True,7,0,7,0,True,True,True,16.0,1.375,0.78125,True,True,True,True,False,False,True,True,True,True,True,True,0,1,6,0,22.0,0.2727272727272727
S04__state_only,S04,state_only,no_executor,16,1,False,True,False,7,0,7,0,True,,,,,,True,True,True,True,False,False,True,True,True,True,True,True,0,1,6,0,,
S04__linear_order,S04,linear_order,full,16,1,False,True,True,30,4,19,11,True,True,True,16.0,1.375,0.78125,True,False,False,True,True,True,True,True,True,True,True,True,18,1,0,11,22.0,0.2727272727272727
S04__linear_order,S04,linear_order,no_state,16,1,False,False,False,0,15,0,0,True,,,,,,True,False,False,True,True,True,True,False,False,True,True,True,0,0,0,0,,
S04__linear_order,S04,linear_order,no_sync,16,1,False,False,False,29,4,18,11,True,,,,,,True,False,False,True,True,True,True,True,True,True,False,True,18,0,0,11,,
S04__linear_order,S04,linear_order,no_resource,16,1,False,True,True,30,4,19,11,True,True,True,16.0,1.375,0.78125,True,False,False,True,True,True,True,True,True,True,True,True,18,1,0,11,22.0,0.2727272727272727
S04__linear_order,S04,linear_order,no_compression,16,1,False,True,True,19,0,19,0,True,True,True,22.0,1.0,0.5681818181818182,True,False,False,True,True,True,True,True,True,True,True,True,18,1,0,0,22.0,0.0
S04__linear_order,S04,linear_order,no_executor,16,1,False,True,False,30,4,19,11,True,,,,,,True,False,False,True,True,True,True,True,True,True,True,True,18,1,0,11,,
T01__intact,T01,intact,full,9,2,True,True,True,6,0,0,0,True,True,True,24.0,1.125,0.7083333333333334,True,True,True,True,True,True,True,True,True,True,True,True,0,6,0,0,27.0,0.11111111111111116
T01__intact,T01,intact,no_state,9,2,True,True,True,6,0,0,0,True,True,True,24.0,1.125,0.7083333333333334,True,True,True,True,True,True,True,True,True,True,True,True,0,6,0,0,27.0,0.11111111111111116
T01__intact,T01,intact,no_sync,9,2,True,True,True,0,0,0,0,True,True,True,24.0,1.125,0.7083333333333334,True,True,True,True,True,True,True,True,True,True,True,True,0,0,0,0,27.0,0.11111111111111116
T01__intact,T01,intact,no_resource,9,2,True,True,True,6,0,0,0,True,True,True,24.0,1.125,0.7083333333333334,True,True,True,True,True,True,True,True,True,True,True,True,0,6,0,0,27.0,0.11111111111111116
T01__intact,T01,intact,no_compression,9,2,True,True,True,6,0,0,0,True,True,True,24.0,1.125,0.7083333333333334,True,True,True,True,True,True,True,True,True,True,True,True,0,6,0,0,27.0,0.11111111111111116
T01__intact,T01,intact,no_executor,9,2,True,True,False,6,0,0,0,True,,,,,,True,True,True,True,True,True,True,True,True,True,True,True,0,6,0,0,,
T01__nodes_only,T01,nodes_only,full,9,2,False,True,True,16,0,16,0,True,True,True,24.0,1.125,0.7083333333333334,True,False,False,True,True,False,True,True,True,True,True,True,10,3,3,0,27.0,0.11111111111111116
T01__nodes_only,T01,nodes_only,no_state,9,2,False,False,False,35,0,35,0,True,,,,,,True,False,False,True,True,False,True,False,False,True,True,True,0,0,35,0,,
T01__nodes_only,T01,nodes_only,no_sync,9,2,False,False,False,13,0,13,0,True,,,,,,True,False,False,True,True,False,True,True,True,True,False,True,10,0,3,0,,
T01__nodes_only,T01,nodes_only,no_resource,9,2,False,False,False,13,0,13,0,True,,,,,,True,False,False,True,True,False,True,True,True,True,True,False,10,3,0,0,,
T01__nodes_only,T01,nodes_only,no_compression,9,2,False,True,True,16,0,16,0,True,True,True,24.0,1.125,0.7083333333333334,True,False,False,True,True,False,True,True,True,True,True,True,10,3,3,0,27.0,0.11111111111111116
T01__nodes_only,T01,nodes_only,no_executor,9,2,False,True,False,16,0,16,0,True,,,,,,True,False,False,True,True,False,True,True,True,True,True,True,10,3,3,0,,
T01__state_only,T01,state_only,full,9,2,False,True,True,6,0,6,0,True,True,True,24.0,1.125,0.7083333333333334,True,True,True,True,False,False,True,True,True,True,True,True,0,3,3,0,27.0,0.11111111111111116
T01__state_only,T01,state_only,no_state,9,2,False,True,True,6,0,6,0,True,True,True,24.0,1.125,0.7083333333333334,True,True,True,True,False,False,True,True,True,True,True,True,0,3,3,0,27.0,0.11111111111111116
T01__state_only,T01,state_only,no_sync,9,2,False,False,False,3,0,3,0,True,,,,,,True,True,True,True,False,False,True,True,True,True,False,True,0,0,3,0,,
T01__state_only,T01,state_only,no_resource,9,2,False,False,False,3,0,3,0,True,,,,,,True,True,True,True,False,False,True,True,True,True,True,False,0,3,0,0,,
T01__state_only,T01,state_only,no_compression,9,2,False,True,True,6,0,6,0,True,True,True,24.0,1.125,0.7083333333333334,True,True,True,True,False,False,True,True,True,True,True,True,0,3,3,0,27.0,0.11111111111111116
T01__state_only,T01,state_only,no_executor,9,2,False,True,False,6,0,6,0,True,,,,,,True,True,True,True,False,False,True,True,True,True,True,True,0,3,3,0,,
T01__linear_order,T01,linear_order,full,9,2,False,True,True,20,1,13,7,True,True,True,24.0,1.125,0.7083333333333334,True,False,False,True,True,True,True,True,True,True,True,True,10,3,0,7,27.0,0.11111111111111116
T01__linear_order,T01,linear_order,no_state,9,2,False,False,False,0,8,0,0,True,,,,,,True,False,False,True,True,True,True,False,False,True,True,True,0,0,0,0,,
T01__linear_order,T01,linear_order,no_sync,9,2,False,False,False,17,1,10,7,True,,,,,,True,False,False,True,True,True,True,True,True,True,False,True,10,0,0,7,,
T01__linear_order,T01,linear_order,no_resource,9,2,False,True,True,20,1,13,7,True,True,True,24.0,1.125,0.7083333333333334,True,False,False,True,True,True,True,True,True,True,True,True,10,3,0,7,27.0,0.11111111111111116
T01__linear_order,T01,linear_order,no_compression,9,2,False,True,True,13,0,13,0,True,True,True,27.0,1.0,0.6296296296296297,True,False,False,True,True,True,True,True,True,True,True,True,10,3,0,0,27.0,0.0
T01__linear_order,T01,linear_order,no_executor,9,2,False,True,False,20,1,13,7,True,,,,,,True,False,False,True,True,True,True,True,True,True,True,True,10,3,0,7,,
T02__intact,T02,intact,full,11,0,True,True,True,0,0,0,0,True,True,True,17.0,1.411764705882353,0.7058823529411765,True,True,True,True,True,True,True,True,True,True,True,True,0,0,0,0,24.0,0.29166666666666663
T02__intact,T02,intact,no_state,11,0,True,True,True,0,0,0,0,True,True,True,17.0,1.411764705882353,0.7058823529411765,True,True,True,True,True,True,True,True,True,True,True,True,0,0,0,0,24.0,0.29166666666666663
T02__intact,T02,intact,no_sync,11,0,True,True,True,0,0,0,0,True,True,True,17.0,1.411764705882353,0.7058823529411765,True,True,True,True,True,True,True,True,True,True,True,True,0,0,0,0,24.0,0.29166666666666663
T02__intact,T02,intact,no_resource,11,0,True,True,True,0,0,0,0,True,True,True,17.0,1.411764705882353,0.7058823529411765,True,True,True,True,True,True,True,True,True,True,True,True,0,0,0,0,24.0,0.29166666666666663
T02__intact,T02,intact,no_compression,11,0,True,True,True,0,0,0,0,True,True,True,17.0,1.411764705882353,0.7058823529411765,True,True,True,True,True,True,True,True,True,True,True,True,0,0,0,0,24.0,0.29166666666666663
T02__intact,T02,intact,no_executor,11,0,True,True,False,0,0,0,0,True,,,,,,True,True,True,True,True,True,True,True,True,True,True,True,0,0,0,0,,
T02__nodes_only,T02,nodes_only,full,11,0,False,True,True,16,0,16,0,True,True,True,17.0,1.411764705882353,0.7058823529411765,True,False,False,True,True,False,True,True,True,True,True,True,13,0,3,0,24.0,0.29166666666666663
T02__nodes_only,T02,nodes_only,no_state,11,0,False,False,False,12,0,12,0,True,,,,,,True,False,False,True,True,False,True,False,False,True,True,True,0,0,12,0,,
T02__nodes_only,T02,nodes_only,no_sync,11,0,False,True,True,16,0,16,0,True,True,True,17.0,1.411764705882353,0.7058823529411765,True,False,False,True,True,False,True,True,True,True,True,True,13,0,3,0,24.0,0.29166666666666663
T02__nodes_only,T02,nodes_only,no_resource,11,0,False,False,False,13,0,13,0,True,,,,,,True,False,False,True,True,False,True,True,True,True,True,False,13,0,0,0,,
T02__nodes_only,T02,nodes_only,no_compression,11,0,False,True,True,16,0,16,0,True,True,True,17.0,1.411764705882353,0.7058823529411765,True,False,False,True,True,False,True,True,True,True,True,True,13,0,3,0,24.0,0.29166666666666663
T02__nodes_only,T02,nodes_only,no_executor,11,0,False,True,False,16,0,16,0,True,,,,,,True,False,False,True,True,False,True,True,True,True,True,True,13,0,3,0,,
T02__state_only,T02,state_only,full,11,0,False,True,True,3,0,3,0,True,True,True,17.0,1.411764705882353,0.7058823529411765,True,True,True,True,True,False,True,True,True,True,True,True,0,0,3,0,24.0,0.29166666666666663
T02__state_only,T02,state_only,no_state,11,0,False,True,True,3,0,3,0,True,True,True,17.0,1.411764705882353,0.7058823529411765,True,True,True,True,True,False,True,True,True,True,True,True,0,0,3,0,24.0,0.29166666666666663
T02__state_only,T02,state_only,no_sync,11,0,False,True,True,3,0,3,0,True,True,True,17.0,1.411764705882353,0.7058823529411765,True,True,True,True,True,False,True,True,True,True,True,True,0,0,3,0,24.0,0.29166666666666663
T02__state_only,T02,state_only,no_resource,11,0,False,False,False,0,0,0,0,True,,,,,,True,True,True,True,True,False,True,True,True,True,True,False,0,0,0,0,,
T02__state_only,T02,state_only,no_compression,11,0,False,True,True,3,0,3,0,True,True,True,17.0,1.411764705882353,0.7058823529411765,True,True,True,True,True,False,True,True,True,True,True,True,0,0,3,0,24.0,0.29166666666666663
T02__state_only,T02,state_only,no_executor,11,0,False,True,False,3,0,3,0,True,,,,,,True,True,True,True,True,False,True,True,True,True,True,True,0,0,3,0,,
T02__linear_order,T02,linear_order,full,11,0,False,True,True,20,3,13,7,True,True,True,17.0,1.411764705882353,0.7058823529411765,True,False,False,True,True,True,True,True,True,True,True,True,13,0,0,7,24.0,0.29166666666666663
T02__linear_order,T02,linear_order,no_state,11,0,False,False,False,0,10,0,0,True,,,,,,True,False,False,True,True,True,True,False,False,True,True,True,0,0,0,0,,
T02__linear_order,T02,linear_order,no_sync,11,0,False,True,True,20,3,13,7,True,True,True,17.0,1.411764705882353,0.7058823529411765,True,False,False,True,True,True,True,True,True,True,True,True,13,0,0,7,24.0,0.29166666666666663
T02__linear_order,T02,linear_order,no_resource,11,0,False,True,True,20,3,13,7,True,True,True,17.0,1.411764705882353,0.7058823529411765,True,False,False,True,True,True,True,True,True,True,True,True,13,0,0,7,24.0,0.29166666666666663
T02__linear_order,T02,linear_order,no_compression,11,0,False,True,True,13,0,13,0,True,True,True,24.0,1.0,0.5,True,False,False,True,True,True,True,True,True,True,True,True,13,0,0,0,24.0,0.0
T02__linear_order,T02,linear_order,no_executor,11,0,False,True,False,20,3,13,7,True,,,,,,True,False,False,True,True,True,True,True,True,True,True,True,13,0,0,7,,
T03__intact,T03,intact,full,11,1,True,True,True,4,0,0,0,True,True,True,23.0,1.173913043478261,0.6521739130434783,True,True,True,True,True,True,True,True,True,True,True,True,0,4,0,0,27.0,0.14814814814814814
T03__intact,T03,intact,no_state,11,1,True,True,True,4,0,0,0,True,True,True,23.0,1.173913043478261,0.6521739130434783,True,True,True,True,True,True,True,True,True,True,True,True,0,4,0,0,27.0,0.14814814814814814
T03__intact,T03,intact,no_sync,11,1,True,True,True,0,0,0,0,True,True,True,23.0,1.173913043478261,0.6521739130434783,True,True,True,True,True,True,True,True,True,True,True,True,0,0,0,0,27.0,0.14814814814814814
T03__intact,T03,intact,no_resource,11,1,True,True,True,4,0,0,0,True,True,True,23.0,1.173913043478261,0.6521739130434783,True,True,True,True,True,True,True,True,True,True,True,True,0,4,0,0,27.0,0.14814814814814814
T03__intact,T03,intact,no_compression,11,1,True,True,True,4,0,0,0,True,True,True,23.0,1.173913043478261,0.6521739130434783,True,True,True,True,True,True,True,True,True,True,True,True,0,4,0,0,27.0,0.14814814814814814
T03__intact,T03,intact,no_executor,11,1,True,True,False,4,0,0,0,True,,,,,,True,True,True,True,True,True,True,True,True,True,True,True,0,4,0,0,,
T03__nodes_only,T03,nodes_only,full,11,1,False,True,True,18,0,18,0,True,True,True,23.0,1.173913043478261,0.6521739130434783,True,False,False,True,True,False,True,True,True,True,True,True,13,2,3,0,27.0,0.14814814814814814
T03__nodes_only,T03,nodes_only,no_state,11,1,False,False,False,19,0,19,0,True,,,,,,True,False,False,True,True,False,True,False,False,True,True,True,0,0,19,0,,
T03__nodes_only,T03,nodes_only,no_sync,11,1,False,False,False,16,0,16,0,True,,,,,,True,False,False,True,True,False,True,True,True,True,False,True,13,0,3,0,,
T03__nodes_only,T03,nodes_only,no_resource,11,1,False,False,False,15,0,15,0,True,,,,,,True,False,False,True,True,False,True,True,True,True,True,False,13,2,0,0,,
T03__nodes_only,T03,nodes_only,no_compression,11,1,False,True,True,18,0,18,0,True,True,True,23.0,1.173913043478261,0.6521739130434783,True,False,False,True,True,False,True,True,True,True,True,True,13,2,3,0,27.0,0.14814814814814814
T03__nodes_only,T03,nodes_only,no_executor,11,1,False,True,False,18,0,18,0,True,,,,,,True,False,False,True,True,False,True,True,True,True,True,True,13,2,3,0,,
T03__state_only,T03,state_only,full,11,1,False,True,True,5,0,5,0,True,True,True,23.0,1.173913043478261,0.6521739130434783,True,True,True,True,False,False,True,True,True,True,True,True,0,2,3,0,27.0,0.14814814814814814
T03__state_only,T03,state_only,no_state,11,1,False,True,True,5,0,5,0,True,True,True,23.0,1.173913043478261,0.6521739130434783,True,True,True,True,False,False,True,True,True,True,True,True,0,2,3,0,27.0,0.14814814814814814
T03__state_only,T03,state_only,no_sync,11,1,False,False,False,3,0,3,0,True,,,,,,True,True,True,True,False,False,True,True,True,True,False,True,0,0,3,0,,
T03__state_only,T03,state_only,no_resource,11,1,False,False,False,2,0,2,0,True,,,,,,True,True,True,True,False,False,True,True,True,True,True,False,0,2,0,0,,
T03__state_only,T03,state_only,no_compression,11,1,False,True,True,5,0,5,0,True,True,True,23.0,1.173913043478261,0.6521739130434783,True,True,True,True,False,False,True,True,True,True,True,True,0,2,3,0,27.0,0.14814814814814814
T03__state_only,T03,state_only,no_executor,11,1,False,True,False,5,0,5,0,True,,,,,,True,True,True,True,False,False,True,True,True,True,True,True,0,2,3,0,,
T03__linear_order,T03,linear_order,full,11,1,False,True,True,22,3,15,7,True,True,True,23.0,1.173913043478261,0.6521739130434783,True,False,False,True,True,True,True,True,True,True,True,True,13,2,0,7,27.0,0.14814814814814814
T03__linear_order,T03,linear_order,no_state,11,1,False,False,False,0,10,0,0,True,,,,,,True,False,False,True,True,True,True,False,False,True,True,True,0,0,0,0,,
T03__linear_order,T03,linear_order,no_sync,11,1,False,False,False,20,3,13,7,True,,,,,,True,False,False,True,True,True,True,True,True,True,False,True,13,0,0,7,,
T03__linear_order,T03,linear_order,no_resource,11,1,False,True,True,22,3,15,7,True,True,True,23.0,1.173913043478261,0.6521739130434783,True,False,False,True,True,True,True,True,True,True,True,True,13,2,0,7,27.0,0.14814814814814814
T03__linear_order,T03,linear_order,no_compression,11,1,False,True,True,15,0,15,0,True,True,True,27.0,1.0,0.5555555555555556,True,False,False,True,True,True,True,True,True,True,True,True,13,2,0,0,27.0,0.0
T03__linear_order,T03,linear_order,no_executor,11,1,False,True,False,22,3,15,7,True,,,,,,True,False,False,True,True,True,True,True,True,True,True,True,13,2,0,7,,
T04__intact,T04,intact,full,14,2,True,True,True,10,0,0,0,True,True,True,30.0,1.1666666666666667,0.7166666666666667,True,True,True,True,True,True,True,True,True,True,True,True,0,10,0,0,35.0,0.1428571428571429
T04__intact,T04,intact,no_state,14,2,True,True,True,10,0,0,0,True,True,True,30.0,1.1666666666666667,0.7166666666666667,True,True,True,True,True,True,True,True,True,True,True,True,0,10,0,0,35.0,0.1428571428571429
T04__intact,T04,intact,no_sync,14,2,True,True,True,0,0,0,0,True,True,True,30.0,1.1666666666666667,0.7166666666666667,True,True,True,True,True,True,True,True,True,True,True,True,0,0,0,0,35.0,0.1428571428571429
T04__intact,T04,intact,no_resource,14,2,True,True,True,10,0,0,0,True,True,True,30.0,1.1666666666666667,0.7166666666666667,True,True,True,True,True,True,True,True,True,True,True,True,0,10,0,0,35.0,0.1428571428571429
T04__intact,T04,intact,no_compression,14,2,True,True,True,10,0,0,0,True,True,True,30.0,1.1666666666666667,0.7166666666666667,True,True,True,True,True,True,True,True,True,True,True,True,0,10,0,0,35.0,0.1428571428571429
T04__intact,T04,intact,no_executor,14,2,True,True,False,10,0,0,0,True,,,,,,True,True,True,True,True,True,True,True,True,True,True,True,0,10,0,0,,
T04__nodes_only,T04,nodes_only,full,14,2,False,True,True,26,0,26,0,True,True,True,30.0,1.1666666666666667,0.7166666666666667,True,False,False,True,True,False,True,True,True,True,True,True,16,5,5,0,35.0,0.1428571428571429
T04__nodes_only,T04,nodes_only,no_state,14,2,False,False,False,33,0,33,0,True,,,,,,True,False,False,True,True,False,True,False,False,True,True,True,0,0,33,0,,
T04__nodes_only,T04,nodes_only,no_sync,14,2,False,False,False,21,0,21,0,True,,,,,,True,False,False,True,True,False,True,True,True,True,False,True,16,0,5,0,,
T04__nodes_only,T04,nodes_only,no_resource,14,2,False,False,False,21,0,21,0,True,,,,,,True,False,False,True,True,False,True,True,True,True,True,False,16,5,0,0,,
T04__nodes_only,T04,nodes_only,no_compression,14,2,False,True,True,26,0,26,0,True,True,True,30.0,1.1666666666666667,0.7166666666666667,True,False,False,True,True,False,True,True,True,True,True,True,16,5,5,0,35.0,0.1428571428571429
T04__nodes_only,T04,nodes_only,no_executor,14,2,False,True,False,26,0,26,0,True,,,,,,True,False,False,True,True,False,True,True,True,True,True,True,16,5,5,0,,
T04__state_only,T04,state_only,full,14,2,False,True,True,10,0,10,0,True,True,True,30.0,1.1666666666666667,0.7166666666666667,True,True,True,True,False,False,True,True,True,True,True,True,0,5,5,0,35.0,0.1428571428571429
T04__state_only,T04,state_only,no_state,14,2,False,True,True,10,0,10,0,True,True,True,30.0,1.1666666666666667,0.7166666666666667,True,True,True,True,False,False,True,True,True,True,True,True,0,5,5,0,35.0,0.1428571428571429
T04__state_only,T04,state_only,no_sync,14,2,False,False,False,5,0,5,0,True,,,,,,True,True,True,True,False,False,True,True,True,True,False,True,0,0,5,0,,
T04__state_only,T04,state_only,no_resource,14,2,False,False,False,5,0,5,0,True,,,,,,True,True,True,True,False,False,True,True,True,True,True,False,0,5,0,0,,
T04__state_only,T04,state_only,no_compression,14,2,False,True,True,10,0,10,0,True,True,True,30.0,1.1666666666666667,0.7166666666666667,True,True,True,True,False,False,True,True,True,True,True,True,0,5,5,0,35.0,0.1428571428571429
T04__state_only,T04,state_only,no_executor,14,2,False,True,False,10,0,10,0,True,,,,,,True,True,True,True,False,False,True,True,True,True,True,True,0,5,5,0,,
T04__linear_order,T04,linear_order,full,14,2,False,True,True,31,3,21,10,True,True,True,30.0,1.1666666666666667,0.7166666666666667,True,False,False,True,True,True,True,True,True,True,True,True,16,5,0,10,35.0,0.1428571428571429
T04__linear_order,T04,linear_order,no_state,14,2,False,False,False,0,13,0,0,True,,,,,,True,False,False,True,True,True,True,False,False,True,True,True,0,0,0,0,,
T04__linear_order,T04,linear_order,no_sync,14,2,False,False,False,26,3,16,10,True,,,,,,True,False,False,True,True,True,True,True,True,True,False,True,16,0,0,10,,
T04__linear_order,T04,linear_order,no_resource,14,2,False,True,True,31,3,21,10,True,True,True,30.0,1.1666666666666667,0.7166666666666667,True,False,False,True,True,True,True,True,True,True,True,True,16,5,0,10,35.0,0.1428571428571429
T04__linear_order,T04,linear_order,no_compression,14,2,False,True,True,21,0,21,0,True,True,True,35.0,1.0,0.6142857142857143,True,False,False,True,True,True,True,True,True,True,True,True,16,5,0,0,35.0,0.0
T04__linear_order,T04,linear_order,no_executor,14,2,False,True,False,31,3,21,10,True,,,,,,True,False,False,True,True,True,True,True,True,True,True,True,16,5,0,10,,
W01__intact,W01,intact,full,8,2,True,True,True,10,0,0,0,True,True,True,14.0,1.0714285714285714,0.75,True,True,True,True,True,True,True,True,True,True,True,True,0,10,0,0,15.0,0.06666666666666665
W01__intact,W01,intact,no_state,8,2,True,True,True,10,0,0,0,True,True,True,14.0,1.0714285714285714,0.75,True,True,True,True,True,True,True,True,True,True,True,True,0,10,0,0,15.0,0.06666666666666665
W01__intact,W01,intact,no_sync,8,2,True,True,True,0,0,0,0,True,True,True,14.0,1.0714285714285714,0.75,True,True,True,True,True,True,True,True,True,True,True,True,0,0,0,0,15.0,0.06666666666666665
W01__intact,W01,intact,no_resource,8,2,True,True,True,10,0,0,0,True,True,True,14.0,1.0714285714285714,0.75,True,True,True,True,True,True,True,True,True,True,True,True,0,10,0,0,15.0,0.06666666666666665
W01__intact,W01,intact,no_compression,8,2,True,True,True,10,0,0,0,True,True,True,14.0,1.0714285714285714,0.75,True,True,True,True,True,True,True,True,True,True,True,True,0,10,0,0,15.0,0.06666666666666665
W01__intact,W01,intact,no_executor,8,2,True,True,False,10,0,0,0,True,,,,,,True,True,True,True,True,True,True,True,True,True,True,True,0,10,0,0,,
W01__nodes_only,W01,nodes_only,full,8,2,False,True,True,15,0,15,0,True,True,True,14.0,1.0714285714285714,0.75,True,False,False,True,True,False,True,True,True,True,True,True,7,5,3,0,15.0,0.06666666666666665
W01__nodes_only,W01,nodes_only,no_state,8,2,False,False,False,18,0,18,0,True,,,,,,True,False,False,True,True,False,True,False,False,True,True,True,0,0,18,0,,
W01__nodes_only,W01,nodes_only,no_sync,8,2,False,False,False,10,0,10,0,True,,,,,,True,False,False,True,True,False,True,True,True,True,False,True,7,0,3,0,,
W01__nodes_only,W01,nodes_only,no_resource,8,2,False,False,False,12,0,12,0,True,,,,,,True,False,False,True,True,False,True,True,True,True,True,False,7,5,0,0,,
W01__nodes_only,W01,nodes_only,no_compression,8,2,False,True,True,15,0,15,0,True,True,True,14.0,1.0714285714285714,0.75,True,False,False,True,True,False,True,True,True,True,True,True,7,5,3,0,15.0,0.06666666666666665
W01__nodes_only,W01,nodes_only,no_executor,8,2,False,True,False,15,0,15,0,True,,,,,,True,False,False,True,True,False,True,True,True,True,True,True,7,5,3,0,,
W01__state_only,W01,state_only,full,8,2,False,True,True,8,0,8,0,True,True,True,14.0,1.0714285714285714,0.75,True,True,True,True,False,False,True,True,True,True,True,True,0,5,3,0,15.0,0.06666666666666665
W01__state_only,W01,state_only,no_state,8,2,False,True,True,8,0,8,0,True,True,True,14.0,1.0714285714285714,0.75,True,True,True,True,False,False,True,True,True,True,True,True,0,5,3,0,15.0,0.06666666666666665
W01__state_only,W01,state_only,no_sync,8,2,False,False,False,3,0,3,0,True,,,,,,True,True,True,True,False,False,True,True,True,True,False,True,0,0,3,0,,
W01__state_only,W01,state_only,no_resource,8,2,False,False,False,5,0,5,0,True,,,,,,True,True,True,True,False,False,True,True,True,True,True,False,0,5,0,0,,
W01__state_only,W01,state_only,no_compression,8,2,False,True,True,8,0,8,0,True,True,True,14.0,1.0714285714285714,0.75,True,True,True,True,False,False,True,True,True,True,True,True,0,5,3,0,15.0,0.06666666666666665
W01__state_only,W01,state_only,no_executor,8,2,False,True,False,8,0,8,0,True,,,,,,True,True,True,True,False,False,True,True,True,True,True,True,0,5,3,0,,
W01__linear_order,W01,linear_order,full,8,2,False,True,True,16,3,12,4,True,True,True,14.0,1.0714285714285714,0.75,True,False,False,True,True,True,True,True,True,True,True,True,7,5,0,4,15.0,0.06666666666666665
W01__linear_order,W01,linear_order,no_state,8,2,False,False,False,0,7,0,0,True,,,,,,True,False,False,True,True,True,True,False,False,True,True,True,0,0,0,0,,
W01__linear_order,W01,linear_order,no_sync,8,2,False,False,False,11,3,7,4,True,,,,,,True,False,False,True,True,True,True,True,True,True,False,True,7,0,0,4,,
W01__linear_order,W01,linear_order,no_resource,8,2,False,True,True,16,3,12,4,True,True,True,14.0,1.0714285714285714,0.75,True,False,False,True,True,True,True,True,True,True,True,True,7,5,0,4,15.0,0.06666666666666665
W01__linear_order,W01,linear_order,no_compression,8,2,False,True,True,12,0,12,0,True,True,True,15.0,1.0,0.7,True,False,False,True,True,True,True,True,True,True,True,True,7,5,0,0,15.0,0.0
W01__linear_order,W01,linear_order,no_executor,8,2,False,True,False,16,3,12,4,True,,,,,,True,False,False,True,True,True,True,True,True,True,True,True,7,5,0,4,,
W02__intact,W02,intact,full,9,0,True,True,True,0,0,0,0,True,True,True,11.0,1.5454545454545454,0.7727272727272727,True,True,True,True,True,True,True,True,True,True,True,True,0,0,0,0,17.0,0.3529411764705882
W02__intact,W02,intact,no_state,9,0,True,True,True,0,0,0,0,True,True,True,11.0,1.5454545454545454,0.7727272727272727,True,True,True,True,True,True,True,True,True,True,True,True,0,0,0,0,17.0,0.3529411764705882
W02__intact,W02,intact,no_sync,9,0,True,True,True,0,0,0,0,True,True,True,11.0,1.5454545454545454,0.7727272727272727,True,True,True,True,True,True,True,True,True,True,True,True,0,0,0,0,17.0,0.3529411764705882
W02__intact,W02,intact,no_resource,9,0,True,True,True,0,0,0,0,True,True,True,11.0,1.5454545454545454,0.7727272727272727,True,True,True,True,True,True,True,True,True,True,True,True,0,0,0,0,17.0,0.3529411764705882
W02__intact,W02,intact,no_compression,9,0,True,True,True,0,0,0,0,True,True,True,11.0,1.5454545454545454,0.7727272727272727,True,True,True,True,True,True,True,True,True,True,True,True,0,0,0,0,17.0,0.3529411764705882
W02__intact,W02,intact,no_executor,9,0,True,True,False,0,0,0,0,True,,,,,,True,True,True,True,True,True,True,True,True,True,True,True,0,0,0,0,,
W02__nodes_only,W02,nodes_only,full,9,0,False,True,True,10,0,10,0,True,True,True,11.0,1.5454545454545454,0.7727272727272727,True,False,False,True,True,False,True,True,True,True,True,True,8,0,2,0,17.0,0.3529411764705882
W02__nodes_only,W02,nodes_only,no_state,9,0,False,False,False,8,0,8,0,True,,,,,,True,False,False,True,True,False,True,False,False,True,True,True,0,0,8,0,,
W02__nodes_only,W02,nodes_only,no_sync,9,0,False,True,True,10,0,10,0,True,True,True,11.0,1.5454545454545454,0.7727272727272727,True,False,False,True,True,False,True,True,True,True,True,True,8,0,2,0,17.0,0.3529411764705882
W02__nodes_only,W02,nodes_only,no_resource,9,0,False,False,False,8,0,8,0,True,,,,,,True,False,False,True,True,False,True,True,True,True,True,False,8,0,0,0,,
W02__nodes_only,W02,nodes_only,no_compression,9,0,False,True,True,10,0,10,0,True,True,True,11.0,1.5454545454545454,0.7727272727272727,True,False,False,True,True,False,True,True,True,True,True,True,8,0,2,0,17.0,0.3529411764705882
W02__nodes_only,W02,nodes_only,no_executor,9,0,False,True,False,10,0,10,0,True,,,,,,True,False,False,True,True,False,True,True,True,True,True,True,8,0,2,0,,
W02__state_only,W02,state_only,full,9,0,False,True,True,2,0,2,0,True,True,True,11.0,1.5454545454545454,0.7727272727272727,True,True,True,True,True,False,True,True,True,True,True,True,0,0,2,0,17.0,0.3529411764705882
W02__state_only,W02,state_only,no_state,9,0,False,True,True,2,0,2,0,True,True,True,11.0,1.5454545454545454,0.7727272727272727,True,True,True,True,True,False,True,True,True,True,True,True,0,0,2,0,17.0,0.3529411764705882
W02__state_only,W02,state_only,no_sync,9,0,False,True,True,2,0,2,0,True,True,True,11.0,1.5454545454545454,0.7727272727272727,True,True,True,True,True,False,True,True,True,True,True,True,0,0,2,0,17.0,0.3529411764705882
W02__state_only,W02,state_only,no_resource,9,0,False,False,False,0,0,0,0,True,,,,,,True,True,True,True,True,False,True,True,True,True,True,False,0,0,0,0,,
W02__state_only,W02,state_only,no_compression,9,0,False,True,True,2,0,2,0,True,True,True,11.0,1.5454545454545454,0.7727272727272727,True,True,True,True,True,False,True,True,True,True,True,True,0,0,2,0,17.0,0.3529411764705882
W02__state_only,W02,state_only,no_executor,9,0,False,True,False,2,0,2,0,True,,,,,,True,True,True,True,True,False,True,True,True,True,True,True,0,0,2,0,,
W02__linear_order,W02,linear_order,full,9,0,False,True,True,14,2,8,6,True,True,True,11.0,1.5454545454545454,0.7727272727272727,True,False,False,True,True,True,True,True,True,True,True,True,8,0,0,6,17.0,0.3529411764705882
W02__linear_order,W02,linear_order,no_state,9,0,False,False,False,0,8,0,0,True,,,,,,True,False,False,True,True,True,True,False,False,True,True,True,0,0,0,0,,
W02__linear_order,W02,linear_order,no_sync,9,0,False,True,True,14,2,8,6,True,True,True,11.0,1.5454545454545454,0.7727272727272727,True,False,False,True,True,True,True,True,True,True,True,True,8,0,0,6,17.0,0.3529411764705882
W02__linear_order,W02,linear_order,no_resource,9,0,False,True,True,14,2,8,6,True,True,True,11.0,1.5454545454545454,0.7727272727272727,True,False,False,True,True,True,True,True,True,True,True,True,8,0,0,6,17.0,0.3529411764705882
W02__linear_order,W02,linear_order,no_compression,9,0,False,True,True,8,0,8,0,True,True,True,17.0,1.0,0.5,True,False,False,True,True,True,True,True,True,True,True,True,8,0,0,0,17.0,0.0
W02__linear_order,W02,linear_order,no_executor,9,0,False,True,False,14,2,8,6,True,,,,,,True,False,False,True,True,True,True,True,True,True,True,True,8,0,0,6,,
W03__intact,W03,intact,full,14,1,True,True,True,4,0,0,0,True,True,True,23.0,1.173913043478261,0.6739130434782609,True,True,True,True,True,True,True,True,True,True,True,True,0,4,0,0,27.0,0.14814814814814814
W03__intact,W03,intact,no_state,14,1,True,True,True,4,0,0,0,True,True,True,23.0,1.173913043478261,0.6739130434782609,True,True,True,True,True,True,True,True,True,True,True,True,0,4,0,0,27.0,0.14814814814814814
W03__intact,W03,intact,no_sync,14,1,True,True,True,0,0,0,0,True,True,True,23.0,1.173913043478261,0.6739130434782609,True,True,True,True,True,True,True,True,True,True,True,True,0,0,0,0,27.0,0.14814814814814814
W03__intact,W03,intact,no_resource,14,1,True,True,True,4,0,0,0,True,True,True,23.0,1.173913043478261,0.6739130434782609,True,True,True,True,True,True,True,True,True,True,True,True,0,4,0,0,27.0,0.14814814814814814
W03__intact,W03,intact,no_compression,14,1,True,True,True,4,0,0,0,True,True,True,23.0,1.173913043478261,0.6739130434782609,True,True,True,True,True,True,True,True,True,True,True,True,0,4,0,0,27.0,0.14814814814814814
W03__intact,W03,intact,no_executor,14,1,True,True,False,4,0,0,0,True,,,,,,True,True,True,True,True,True,True,True,True,True,True,True,0,4,0,0,,
W03__nodes_only,W03,nodes_only,full,14,1,False,True,True,25,0,25,0,True,True,True,23.0,1.173913043478261,0.6739130434782609,True,False,False,True,True,False,True,True,True,True,True,True,15,2,8,0,27.0,0.14814814814814814
W03__nodes_only,W03,nodes_only,no_state,14,1,False,False,False,65,0,65,0,True,,,,,,True,False,False,True,True,False,True,False,False,True,True,True,0,0,65,0,,
W03__nodes_only,W03,nodes_only,no_sync,14,1,False,False,False,23,0,23,0,True,,,,,,True,False,False,True,True,False,True,True,True,True,False,True,15,0,8,0,,
W03__nodes_only,W03,nodes_only,no_resource,14,1,False,False,False,17,0,17,0,True,,,,,,True,False,False,True,True,False,True,True,True,True,True,False,15,2,0,0,,
W03__nodes_only,W03,nodes_only,no_compression,14,1,False,True,True,25,0,25,0,True,True,True,23.0,1.173913043478261,0.6739130434782609,True,False,False,True,True,False,True,True,True,True,True,True,15,2,8,0,27.0,0.14814814814814814
W03__nodes_only,W03,nodes_only,no_executor,14,1,False,True,False,25,0,25,0,True,,,,,,True,False,False,True,True,False,True,True,True,True,True,True,15,2,8,0,,
W03__state_only,W03,state_only,full,14,1,False,True,True,10,0,10,0,True,True,True,23.0,1.173913043478261,0.6739130434782609,True,True,True,True,False,False,True,True,True,True,True,True,0,2,8,0,27.0,0.14814814814814814
W03__state_only,W03,state_only,no_state,14,1,False,True,True,10,0,10,0,True,True,True,23.0,1.173913043478261,0.6739130434782609,True,True,True,True,False,False,True,True,True,True,True,True,0,2,8,0,27.0,0.14814814814814814
W03__state_only,W03,state_only,no_sync,14,1,False,False,False,8,0,8,0,True,,,,,,True,True,True,True,False,False,True,True,True,True,False,True,0,0,8,0,,
W03__state_only,W03,state_only,no_resource,14,1,False,False,False,2,0,2,0,True,,,,,,True,True,True,True,False,False,True,True,True,True,True,False,0,2,0,0,,
W03__state_only,W03,state_only,no_compression,14,1,False,True,True,10,0,10,0,True,True,True,23.0,1.173913043478261,0.6739130434782609,True,True,True,True,False,False,True,True,True,True,True,True,0,2,8,0,27.0,0.14814814814814814
W03__state_only,W03,state_only,no_executor,14,1,False,True,False,10,0,10,0,True,,,,,,True,True,True,True,False,False,True,True,True,True,True,True,0,2,8,0,,
W03__linear_order,W03,linear_order,full,14,1,False,True,True,25,5,17,8,True,True,True,23.0,1.173913043478261,0.6739130434782609,True,False,False,True,True,True,True,True,True,True,True,True,15,2,0,8,27.0,0.14814814814814814
W03__linear_order,W03,linear_order,no_state,14,1,False,False,False,0,13,0,0,True,,,,,,True,False,False,True,True,True,True,False,False,True,True,True,0,0,0,0,,
W03__linear_order,W03,linear_order,no_sync,14,1,False,False,False,23,5,15,8,True,,,,,,True,False,False,True,True,True,True,True,True,True,False,True,15,0,0,8,,
W03__linear_order,W03,linear_order,no_resource,14,1,False,True,True,25,5,17,8,True,True,True,23.0,1.173913043478261,0.6739130434782609,True,False,False,True,True,True,True,True,True,True,True,True,15,2,0,8,27.0,0.14814814814814814
W03__linear_order,W03,linear_order,no_compression,14,1,False,True,True,17,0,17,0,True,True,True,27.0,1.0,0.5740740740740741,True,False,False,True,True,True,True,True,True,True,True,True,15,2,0,0,27.0,0.0
W03__linear_order,W03,linear_order,no_executor,14,1,False,True,False,25,5,17,8,True,,,,,,True,False,False,True,True,True,True,True,True,True,True,True,15,2,0,8,,
W04__intact,W04,intact,full,13,1,True,True,True,2,0,0,0,True,True,True,19.0,1.105263157894737,0.631578947368421,True,True,True,True,True,True,True,True,True,True,True,True,0,2,0,0,21.0,0.09523809523809523
W04__intact,W04,intact,no_state,13,1,True,True,True,2,0,0,0,True,True,True,19.0,1.105263157894737,0.631578947368421,True,True,True,True,True,True,True,True,True,True,True,True,0,2,0,0,21.0,0.09523809523809523
W04__intact,W04,intact,no_sync,13,1,True,True,True,0,0,0,0,True,True,True,19.0,1.105263157894737,0.631578947368421,True,True,True,True,True,True,True,True,True,True,True,True,0,0,0,0,21.0,0.09523809523809523
W04__intact,W04,intact,no_resource,13,1,True,True,True,2,0,0,0,True,True,True,19.0,1.105263157894737,0.631578947368421,True,True,True,True,True,True,True,True,True,True,True,True,0,2,0,0,21.0,0.09523809523809523
W04__intact,W04,intact,no_compression,13,1,True,True,True,2,0,0,0,True,True,True,19.0,1.105263157894737,0.631578947368421,True,True,True,True,True,True,True,True,True,True,True,True,0,2,0,0,21.0,0.09523809523809523
W04__intact,W04,intact,no_executor,13,1,True,True,False,2,0,0,0,True,,,,,,True,True,True,True,True,True,True,True,True,True,True,True,0,2,0,0,,
W04__nodes_only,W04,nodes_only,full,13,1,False,True,True,21,0,21,0,True,True,True,19.0,1.105263157894737,0.631578947368421,True,False,False,True,True,False,True,True,True,True,True,True,14,1,6,0,21.0,0.09523809523809523
W04__nodes_only,W04,nodes_only,no_state,13,1,False,False,False,18,0,18,0,True,,,,,,True,False,False,True,True,False,True,False,False,True,True,True,0,0,18,0,,
W04__nodes_only,W04,nodes_only,no_sync,13,1,False,False,False,20,0,20,0,True,,,,,,True,False,False,True,True,False,True,True,True,True,False,True,14,0,6,0,,
W04__nodes_only,W04,nodes_only,no_resource,13,1,False,False,False,15,0,15,0,True,,,,,,True,False,False,True,True,False,True,True,True,True,True,False,14,1,0,0,,
W04__nodes_only,W04,nodes_only,no_compression,13,1,False,True,True,21,0,21,0,True,True,True,19.0,1.105263157894737,0.631578947368421,True,False,False,True,True,False,True,True,True,True,True,True,14,1,6,0,21.0,0.09523809523809523
W04__nodes_only,W04,nodes_only,no_executor,13,1,False,True,False,21,0,21,0,True,,,,,,True,False,False,True,True,False,True,True,True,True,True,True,14,1,6,0,,
W04__state_only,W04,state_only,full,13,1,False,True,True,7,0,7,0,True,True,True,19.0,1.105263157894737,0.631578947368421,True,True,True,True,False,False,True,True,True,True,True,True,0,1,6,0,21.0,0.09523809523809523
W04__state_only,W04,state_only,no_state,13,1,False,True,True,7,0,7,0,True,True,True,19.0,1.105263157894737,0.631578947368421,True,True,True,True,False,False,True,True,True,True,True,True,0,1,6,0,21.0,0.09523809523809523
W04__state_only,W04,state_only,no_sync,13,1,False,False,False,6,0,6,0,True,,,,,,True,True,True,True,False,False,True,True,True,True,False,True,0,0,6,0,,
W04__state_only,W04,state_only,no_resource,13,1,False,False,False,1,0,1,0,True,,,,,,True,True,True,True,False,False,True,True,True,True,True,False,0,1,0,0,,
W04__state_only,W04,state_only,no_compression,13,1,False,True,True,7,0,7,0,True,True,True,19.0,1.105263157894737,0.631578947368421,True,True,True,True,False,False,True,True,True,True,True,True,0,1,6,0,21.0,0.09523809523809523
W04__state_only,W04,state_only,no_executor,13,1,False,True,False,7,0,7,0,True,,,,,,True,True,True,True,False,False,True,True,True,True,True,True,0,1,6,0,,
W04__linear_order,W04,linear_order,full,13,1,False,True,True,23,4,15,8,True,True,True,19.0,1.105263157894737,0.631578947368421,True,False,False,True,True,True,True,True,True,True,True,True,14,1,0,8,21.0,0.09523809523809523
W04__linear_order,W04,linear_order,no_state,13,1,False,False,False,0,12,0,0,True,,,,,,True,False,False,True,True,True,True,False,False,True,True,True,0,0,0,0,,
W04__linear_order,W04,linear_order,no_sync,13,1,False,False,False,22,4,14,8,True,,,,,,True,False,False,True,True,True,True,True,True,True,False,True,14,0,0,8,,
W04__linear_order,W04,linear_order,no_resource,13,1,False,True,True,23,4,15,8,True,True,True,19.0,1.105263157894737,0.631578947368421,True,False,False,True,True,True,True,True,True,True,True,True,14,1,0,8,21.0,0.09523809523809523
W04__linear_order,W04,linear_order,no_compression,13,1,False,True,True,15,0,15,0,True,True,True,21.0,1.0,0.5714285714285714,True,False,False,True,True,True,True,True,True,True,True,True,14,1,0,0,21.0,0.0
W04__linear_order,W04,linear_order,no_executor,13,1,False,True,False,23,4,15,8,True,,,,,,True,False,False,True,True,True,True,True,True,True,True,True,14,1,0,8,,
