model,id,method,adapted,accepted,signature_consistent,node_f1,raw_edge_f1,output_edge_f1,raw_exact,output_exact,relation_changed,adaptation_error
CodeLlama-13b,23046980,audit_only,True,True,False,0.6666666666666666,0.0,0.0,False,False,False,
CodeLlama-13b,23046980,field_match,True,True,False,0.6666666666666666,0.0,0.0,False,False,False,
CodeLlama-13b,23046980,field_match_compressed,True,True,False,0.6666666666666666,0.0,0.0,False,False,False,
CodeLlama-13b,23046980,full,True,True,False,0.6666666666666666,0.0,0.0,False,False,False,
CodeLlama-13b,27120336,audit_only,False,False,False,0.5,0.0,0.0,False,False,False,unknown_tool
CodeLlama-13b,27120336,field_match,False,False,False,0.5,0.0,0.0,False,False,False,unknown_tool
CodeLlama-13b,27120336,field_match_compressed,False,False,False,0.5,0.0,0.0,False,False,False,unknown_tool
CodeLlama-13b,27120336,full,False,False,False,0.5,0.0,0.0,False,False,False,unknown_tool
CodeLlama-13b,31310733,audit_only,True,True,True,0.9090909090909091,0.6666666666666666,0.6666666666666666,False,False,False,
CodeLlama-13b,31310733,field_match,True,True,True,0.9090909090909091,0.6666666666666666,0.6666666666666666,False,False,False,
CodeLlama-13b,31310733,field_match_compressed,True,True,True,0.9090909090909091,0.6666666666666666,0.6666666666666666,False,False,False,
CodeLlama-13b,31310733,full,True,True,True,0.9090909090909091,0.6666666666666666,0.6666666666666666,False,False,False,
CodeLlama-13b,11849486,audit_only,True,True,False,0.8888888888888888,0.2857142857142857,0.2857142857142857,False,False,False,
CodeLlama-13b,11849486,field_match,True,True,False,0.8888888888888888,0.2857142857142857,0.2857142857142857,False,False,False,
CodeLlama-13b,11849486,field_match_compressed,True,True,False,0.8888888888888888,0.2857142857142857,0.2857142857142857,False,False,False,
CodeLlama-13b,11849486,full,True,True,False,0.8888888888888888,0.2857142857142857,0.2857142857142857,False,False,False,
CodeLlama-13b,92909909,audit_only,False,False,False,0.8333333333333334,0.6,0.6,False,False,False,invalid_argument_container
CodeLlama-13b,92909909,field_match,False,False,False,0.8333333333333334,0.6,0.6,False,False,False,invalid_argument_container
CodeLlama-13b,92909909,field_match_compressed,False,False,False,0.8333333333333334,0.6,0.6,False,False,False,invalid_argument_container
CodeLlama-13b,92909909,full,False,False,False,0.8333333333333334,0.6,0.6,False,False,False,invalid_argument_container
CodeLlama-13b,27323531,audit_only,True,True,False,0.5714285714285714,0.0,0.0,False,False,False,
CodeLlama-13b,27323531,field_match,True,True,False,0.5714285714285714,0.0,0.0,False,False,False,
CodeLlama-13b,27323531,field_match_compressed,True,True,False,0.5714285714285714,0.0,0.0,False,False,False,
CodeLlama-13b,27323531,full,True,True,False,0.5714285714285714,0.0,0.0,False,False,False,
CodeLlama-13b,40037320,audit_only,True,True,True,1.0,1.0,1.0,True,True,False,
CodeLlama-13b,40037320,field_match,True,True,True,1.0,1.0,1.0,True,True,False,
CodeLlama-13b,40037320,field_match_compressed,True,True,True,1.0,1.0,1.0,True,True,False,
CodeLlama-13b,40037320,full,True,True,True,1.0,1.0,1.0,True,True,False,
CodeLlama-13b,17346258,audit_only,True,True,False,0.46153846153846156,0.18181818181818182,0.18181818181818182,False,False,False,
CodeLlama-13b,17346258,field_match,True,True,False,0.46153846153846156,0.18181818181818182,0.18181818181818182,False,False,False,
CodeLlama-13b,17346258,field_match_compressed,True,True,False,0.46153846153846156,0.18181818181818182,0.18181818181818182,False,False,False,
CodeLlama-13b,17346258,full,True,True,False,0.46153846153846156,0.18181818181818182,0.18181818181818182,False,False,False,
CodeLlama-13b,22681406,audit_only,False,False,False,0.4,0.0,0.0,False,False,False,unknown_tool
CodeLlama-13b,22681406,field_match,False,False,False,0.4,0.0,0.0,False,False,False,unknown_tool
CodeLlama-13b,22681406,field_match_compressed,False,False,False,0.4,0.0,0.0,False,False,False,unknown_tool
CodeLlama-13b,22681406,full,False,False,False,0.4,0.0,0.0,False,False,False,unknown_tool
CodeLlama-13b,22943551,audit_only,False,False,False,0.2857142857142857,0.0,0.0,False,False,False,unknown_tool
CodeLlama-13b,22943551,field_match,False,False,False,0.2857142857142857,0.0,0.0,False,False,False,unknown_tool
CodeLlama-13b,22943551,field_match_compressed,False,False,False,0.2857142857142857,0.0,0.0,False,False,False,unknown_tool
CodeLlama-13b,22943551,full,False,False,False,0.2857142857142857,0.0,0.0,False,False,False,unknown_tool
CodeLlama-13b,47607836,audit_only,True,True,True,0.6666666666666666,0.5,0.5,False,False,False,
CodeLlama-13b,47607836,field_match,True,True,True,0.6666666666666666,0.5,0.5,False,False,False,
CodeLlama-13b,47607836,field_match_compressed,True,True,True,0.6666666666666666,0.5,0.5,False,False,False,
CodeLlama-13b,47607836,full,True,True,True,0.6666666666666666,0.5,0.5,False,False,False,
CodeLlama-13b,26994194,audit_only,True,False,True,0.7272727272727273,0.2222222222222222,0.2222222222222222,False,False,False,
CodeLlama-13b,26994194,field_match,True,True,True,0.7272727272727273,0.2222222222222222,0.25,False,False,True,
CodeLlama-13b,26994194,field_match_compressed,True,True,True,0.7272727272727273,0.2222222222222222,0.25,False,False,True,
CodeLlama-13b,26994194,full,True,True,True,0.7272727272727273,0.2222222222222222,0.25,False,False,True,
CodeLlama-13b,24162945,audit_only,True,True,False,0.8,0.6666666666666666,0.6666666666666666,False,False,False,
CodeLlama-13b,24162945,field_match,True,True,False,0.8,0.6666666666666666,0.6666666666666666,False,False,False,
CodeLlama-13b,24162945,field_match_compressed,True,True,False,0.8,0.6666666666666666,0.6666666666666666,False,False,False,
CodeLlama-13b,24162945,full,True,True,False,0.8,0.6666666666666666,0.6666666666666666,False,False,False,
CodeLlama-13b,87295679,audit_only,True,True,True,1.0,1.0,1.0,True,True,False,
CodeLlama-13b,87295679,field_match,True,True,True,1.0,1.0,1.0,True,True,False,
CodeLlama-13b,87295679,field_match_compressed,True,True,True,1.0,1.0,1.0,True,True,False,
CodeLlama-13b,87295679,full,True,True,True,1.0,1.0,1.0,True,True,False,
CodeLlama-13b,13523160,audit_only,True,False,False,0.8888888888888888,0.8571428571428571,0.8571428571428571,False,False,False,
CodeLlama-13b,13523160,field_match,True,True,False,0.8888888888888888,0.8571428571428571,0.4,False,False,True,
CodeLlama-13b,13523160,field_match_compressed,True,True,False,0.8888888888888888,0.8571428571428571,0.4,False,False,True,
CodeLlama-13b,13523160,full,True,True,False,0.8888888888888888,0.8571428571428571,0.4,False,False,True,
CodeLlama-13b,11849429,audit_only,True,True,False,1.0,1.0,1.0,True,True,False,
CodeLlama-13b,11849429,field_match,True,True,False,1.0,1.0,1.0,True,True,False,
CodeLlama-13b,11849429,field_match_compressed,True,True,False,1.0,1.0,1.0,True,True,False,
CodeLlama-13b,11849429,full,True,True,False,1.0,1.0,1.0,True,True,False,
CodeLlama-13b,32851735,audit_only,True,True,False,0.3333333333333333,0.0,0.0,False,False,False,
CodeLlama-13b,32851735,field_match,True,True,False,0.3333333333333333,0.0,0.0,False,False,False,
CodeLlama-13b,32851735,field_match_compressed,True,True,False,0.3333333333333333,0.0,0.0,False,False,False,
CodeLlama-13b,32851735,full,True,True,False,0.3333333333333333,0.0,0.0,False,False,False,
CodeLlama-13b,33423665,audit_only,True,True,False,0.8,0.0,0.0,False,False,False,
CodeLlama-13b,33423665,field_match,True,True,False,0.8,0.0,0.0,False,False,False,
CodeLlama-13b,33423665,field_match_compressed,True,True,False,0.8,0.0,0.0,False,False,False,
CodeLlama-13b,33423665,full,True,True,False,0.8,0.0,0.0,False,False,False,
CodeLlama-13b,20310117,audit_only,False,False,False,0.6,0.25,0.25,False,False,False,unknown_tool
CodeLlama-13b,20310117,field_match,False,False,False,0.6,0.25,0.25,False,False,False,unknown_tool
CodeLlama-13b,20310117,field_match_compressed,False,False,False,0.6,0.25,0.25,False,False,False,unknown_tool
CodeLlama-13b,20310117,full,False,False,False,0.6,0.25,0.25,False,False,False,unknown_tool
CodeLlama-13b,83888896,audit_only,True,True,False,0.6666666666666666,0.5,0.5,False,False,False,
CodeLlama-13b,83888896,field_match,True,True,False,0.6666666666666666,0.5,0.5,False,False,False,
CodeLlama-13b,83888896,field_match_compressed,True,True,False,0.6666666666666666,0.5,0.5,False,False,False,
CodeLlama-13b,83888896,full,True,True,False,0.6666666666666666,0.5,0.5,False,False,False,
CodeLlama-13b,13708813,audit_only,True,True,True,0.6666666666666666,0.0,0.0,False,False,False,
CodeLlama-13b,13708813,field_match,True,True,True,0.6666666666666666,0.0,0.0,False,False,False,
CodeLlama-13b,13708813,field_match_compressed,True,True,True,0.6666666666666666,0.0,0.0,False,False,False,
CodeLlama-13b,13708813,full,True,True,True,0.6666666666666666,0.0,0.0,False,False,False,
CodeLlama-13b,17246614,audit_only,True,True,False,0.3333333333333333,0.0,0.0,False,False,False,
CodeLlama-13b,17246614,field_match,True,True,False,0.3333333333333333,0.0,0.0,False,False,False,
CodeLlama-13b,17246614,field_match_compressed,True,True,False,0.3333333333333333,0.0,0.0,False,False,False,
CodeLlama-13b,17246614,full,True,True,False,0.3333333333333333,0.0,0.0,False,False,False,
CodeLlama-13b,34019416,audit_only,False,False,False,0.4,0.0,0.0,False,False,False,unknown_tool
CodeLlama-13b,34019416,field_match,False,False,False,0.4,0.0,0.0,False,False,False,unknown_tool
CodeLlama-13b,34019416,field_match_compressed,False,False,False,0.4,0.0,0.0,False,False,False,unknown_tool
CodeLlama-13b,34019416,full,False,False,False,0.4,0.0,0.0,False,False,False,unknown_tool
CodeLlama-13b,30202699,audit_only,False,False,False,0.25,0.0,0.0,False,False,False,invalid_node_reference
CodeLlama-13b,30202699,field_match,False,False,False,0.25,0.0,0.0,False,False,False,invalid_node_reference
CodeLlama-13b,30202699,field_match_compressed,False,False,False,0.25,0.0,0.0,False,False,False,invalid_node_reference
CodeLlama-13b,30202699,full,False,False,False,0.25,0.0,0.0,False,False,False,invalid_node_reference
CodeLlama-13b,32358953,audit_only,True,True,False,0.6666666666666666,0.5,0.5,False,False,False,
CodeLlama-13b,32358953,field_match,True,True,False,0.6666666666666666,0.5,0.5,False,False,False,
CodeLlama-13b,32358953,field_match_compressed,True,True,False,0.6666666666666666,0.5,0.5,False,False,False,
CodeLlama-13b,32358953,full,True,True,False,0.6666666666666666,0.5,0.5,False,False,False,
CodeLlama-13b,22645867,audit_only,False,False,False,0.0,0.0,0.0,False,False,False,unknown_tool
CodeLlama-13b,22645867,field_match,False,False,False,0.0,0.0,0.0,False,False,False,unknown_tool
CodeLlama-13b,22645867,field_match_compressed,False,False,False,0.0,0.0,0.0,False,False,False,unknown_tool
CodeLlama-13b,22645867,full,False,False,False,0.0,0.0,0.0,False,False,False,unknown_tool
CodeLlama-13b,31246872,audit_only,True,True,True,0.6666666666666666,0.2857142857142857,0.2857142857142857,False,False,False,
CodeLlama-13b,31246872,field_match,True,True,True,0.6666666666666666,0.2857142857142857,0.2857142857142857,False,False,False,
CodeLlama-13b,31246872,field_match_compressed,True,True,True,0.6666666666666666,0.2857142857142857,0.2857142857142857,False,False,False,
CodeLlama-13b,31246872,full,True,True,True,0.6666666666666666,0.2857142857142857,0.2857142857142857,False,False,False,
CodeLlama-13b,12348661,audit_only,True,True,False,0.5454545454545454,0.0,0.0,False,False,False,
CodeLlama-13b,12348661,field_match,True,True,False,0.5454545454545454,0.0,0.0,False,False,False,
CodeLlama-13b,12348661,field_match_compressed,True,True,False,0.5454545454545454,0.0,0.0,False,False,False,
CodeLlama-13b,12348661,full,True,True,False,0.5454545454545454,0.0,0.0,False,False,False,
CodeLlama-13b,11256331,audit_only,False,False,False,0.3333333333333333,0.0,0.0,False,False,False,unknown_tool
CodeLlama-13b,11256331,field_match,False,False,False,0.3333333333333333,0.0,0.0,False,False,False,unknown_tool
CodeLlama-13b,11256331,field_match_compressed,False,False,False,0.3333333333333333,0.0,0.0,False,False,False,unknown_tool
CodeLlama-13b,11256331,full,False,False,False,0.3333333333333333,0.0,0.0,False,False,False,unknown_tool
CodeLlama-13b,12869376,audit_only,True,True,False,0.75,0.3333333333333333,0.3333333333333333,False,False,False,
CodeLlama-13b,12869376,field_match,True,True,False,0.75,0.3333333333333333,0.3333333333333333,False,False,False,
CodeLlama-13b,12869376,field_match_compressed,True,True,False,0.75,0.3333333333333333,0.3333333333333333,False,False,False,
CodeLlama-13b,12869376,full,True,True,False,0.75,0.3333333333333333,0.3333333333333333,False,False,False,
CodeLlama-13b,75501770,audit_only,False,False,False,0.5,0.0,0.0,False,False,False,unsupported_embedded_reference
CodeLlama-13b,75501770,field_match,False,False,False,0.5,0.0,0.0,False,False,False,unsupported_embedded_reference
CodeLlama-13b,75501770,field_match_compressed,False,False,False,0.5,0.0,0.0,False,False,False,unsupported_embedded_reference
CodeLlama-13b,75501770,full,False,False,False,0.5,0.0,0.0,False,False,False,unsupported_embedded_reference
CodeLlama-13b,32403987,audit_only,False,False,False,1.0,1.0,1.0,True,True,False,invalid_node_reference
CodeLlama-13b,32403987,field_match,False,False,False,1.0,1.0,1.0,True,True,False,invalid_node_reference
CodeLlama-13b,32403987,field_match_compressed,False,False,False,1.0,1.0,1.0,True,True,False,invalid_node_reference
CodeLlama-13b,32403987,full,False,False,False,1.0,1.0,1.0,True,True,False,invalid_node_reference
CodeLlama-13b,25187013,audit_only,True,True,True,1.0,1.0,1.0,True,True,False,
CodeLlama-13b,25187013,field_match,True,True,True,1.0,1.0,1.0,True,True,False,
CodeLlama-13b,25187013,field_match_compressed,True,True,True,1.0,1.0,1.0,True,True,False,
CodeLlama-13b,25187013,full,True,True,True,1.0,1.0,1.0,True,True,False,
CodeLlama-13b,19009341,audit_only,False,False,False,0.3333333333333333,0.0,0.0,False,False,False,unknown_tool
CodeLlama-13b,19009341,field_match,False,False,False,0.3333333333333333,0.0,0.0,False,False,False,unknown_tool
CodeLlama-13b,19009341,field_match_compressed,False,False,False,0.3333333333333333,0.0,0.0,False,False,False,unknown_tool
CodeLlama-13b,19009341,full,False,False,False,0.3333333333333333,0.0,0.0,False,False,False,unknown_tool
CodeLlama-13b,23118182,audit_only,False,False,False,0.0,0.0,0.0,False,False,False,unknown_tool
CodeLlama-13b,23118182,field_match,False,False,False,0.0,0.0,0.0,False,False,False,unknown_tool
CodeLlama-13b,23118182,field_match_compressed,False,False,False,0.0,0.0,0.0,False,False,False,unknown_tool
CodeLlama-13b,23118182,full,False,False,False,0.0,0.0,0.0,False,False,False,unknown_tool
CodeLlama-13b,28407458,audit_only,True,True,False,1.0,1.0,1.0,True,True,False,
CodeLlama-13b,28407458,field_match,True,True,False,1.0,1.0,1.0,True,True,False,
CodeLlama-13b,28407458,field_match_compressed,True,True,False,1.0,1.0,1.0,True,True,False,
CodeLlama-13b,28407458,full,True,True,False,1.0,1.0,1.0,True,True,False,
CodeLlama-13b,21511092,audit_only,True,True,True,0.8888888888888888,0.5714285714285714,0.5714285714285714,False,False,False,
CodeLlama-13b,21511092,field_match,True,True,True,0.8888888888888888,0.5714285714285714,0.5714285714285714,False,False,False,
CodeLlama-13b,21511092,field_match_compressed,True,True,True,0.8888888888888888,0.5714285714285714,0.5714285714285714,False,False,False,
CodeLlama-13b,21511092,full,True,True,True,0.8888888888888888,0.5714285714285714,0.5714285714285714,False,False,False,
CodeLlama-13b,17353672,audit_only,True,True,True,0.6666666666666666,0.5,0.5,False,False,False,
CodeLlama-13b,17353672,field_match,True,True,True,0.6666666666666666,0.5,0.5,False,False,False,
CodeLlama-13b,17353672,field_match_compressed,True,True,True,0.6666666666666666,0.5,0.5,False,False,False,
CodeLlama-13b,17353672,full,True,True,True,0.6666666666666666,0.5,0.5,False,False,False,
CodeLlama-13b,25847116,audit_only,False,False,False,0.2857142857142857,0.0,0.0,False,False,False,unknown_tool
CodeLlama-13b,25847116,field_match,False,False,False,0.2857142857142857,0.0,0.0,False,False,False,unknown_tool
CodeLlama-13b,25847116,field_match_compressed,False,False,False,0.2857142857142857,0.0,0.0,False,False,False,unknown_tool
CodeLlama-13b,25847116,full,False,False,False,0.2857142857142857,0.0,0.0,False,False,False,unknown_tool
CodeLlama-13b,29037302,audit_only,False,False,False,0.6,0.25,0.25,False,False,False,unknown_tool
CodeLlama-13b,29037302,field_match,False,False,False,0.6,0.25,0.25,False,False,False,unknown_tool
CodeLlama-13b,29037302,field_match_compressed,False,False,False,0.6,0.25,0.25,False,False,False,unknown_tool
CodeLlama-13b,29037302,full,False,False,False,0.6,0.25,0.25,False,False,False,unknown_tool
CodeLlama-13b,23546976,audit_only,False,False,False,0.6666666666666666,0.0,0.0,False,False,False,invalid_node_reference
CodeLlama-13b,23546976,field_match,False,False,False,0.6666666666666666,0.0,0.0,False,False,False,invalid_node_reference
CodeLlama-13b,23546976,field_match_compressed,False,False,False,0.6666666666666666,0.0,0.0,False,False,False,invalid_node_reference
CodeLlama-13b,23546976,full,False,False,False,0.6666666666666666,0.0,0.0,False,False,False,invalid_node_reference
CodeLlama-13b,31061766,audit_only,False,False,False,0.5,0.0,0.0,False,False,False,unknown_tool
CodeLlama-13b,31061766,field_match,False,False,False,0.5,0.0,0.0,False,False,False,unknown_tool
CodeLlama-13b,31061766,field_match_compressed,False,False,False,0.5,0.0,0.0,False,False,False,unknown_tool
CodeLlama-13b,31061766,full,False,False,False,0.5,0.0,0.0,False,False,False,unknown_tool
CodeLlama-13b,78784946,audit_only,False,False,False,0.5714285714285714,0.4,0.4,False,False,False,unknown_tool
CodeLlama-13b,78784946,field_match,False,False,False,0.5714285714285714,0.4,0.4,False,False,False,unknown_tool
CodeLlama-13b,78784946,field_match_compressed,False,False,False,0.5714285714285714,0.4,0.4,False,False,False,unknown_tool
CodeLlama-13b,78784946,full,False,False,False,0.5714285714285714,0.4,0.4,False,False,False,unknown_tool
CodeLlama-13b,29183785,audit_only,False,False,False,0.5,0.0,0.0,False,False,False,unknown_tool
CodeLlama-13b,29183785,field_match,False,False,False,0.5,0.0,0.0,False,False,False,unknown_tool
CodeLlama-13b,29183785,field_match_compressed,False,False,False,0.5,0.0,0.0,False,False,False,unknown_tool
CodeLlama-13b,29183785,full,False,False,False,0.5,0.0,0.0,False,False,False,unknown_tool
CodeLlama-13b,75197599,audit_only,False,False,False,0.3333333333333333,0.0,0.0,False,False,False,unknown_tool
CodeLlama-13b,75197599,field_match,False,False,False,0.3333333333333333,0.0,0.0,False,False,False,unknown_tool
CodeLlama-13b,75197599,field_match_compressed,False,False,False,0.3333333333333333,0.0,0.0,False,False,False,unknown_tool
CodeLlama-13b,75197599,full,False,False,False,0.3333333333333333,0.0,0.0,False,False,False,unknown_tool
CodeLlama-13b,33034169,audit_only,False,False,False,0.6666666666666666,0.0,0.0,False,False,False,unknown_tool
CodeLlama-13b,33034169,field_match,False,False,False,0.6666666666666666,0.0,0.0,False,False,False,unknown_tool
CodeLlama-13b,33034169,field_match_compressed,False,False,False,0.6666666666666666,0.0,0.0,False,False,False,unknown_tool
CodeLlama-13b,33034169,full,False,False,False,0.6666666666666666,0.0,0.0,False,False,False,unknown_tool
CodeLlama-13b,99189811,audit_only,False,False,False,0.46153846153846156,0.0,0.0,False,False,False,unknown_tool
CodeLlama-13b,99189811,field_match,False,False,False,0.46153846153846156,0.0,0.0,False,False,False,unknown_tool
CodeLlama-13b,99189811,field_match_compressed,False,False,False,0.46153846153846156,0.0,0.0,False,False,False,unknown_tool
CodeLlama-13b,99189811,full,False,False,False,0.46153846153846156,0.0,0.0,False,False,False,unknown_tool
CodeLlama-13b,18611217,audit_only,True,True,True,0.5,0.0,0.0,False,False,False,
CodeLlama-13b,18611217,field_match,True,True,True,0.5,0.0,0.0,False,False,False,
CodeLlama-13b,18611217,field_match_compressed,True,True,True,0.5,0.0,0.0,False,False,False,
CodeLlama-13b,18611217,full,True,True,True,0.5,0.0,0.0,False,False,False,
CodeLlama-13b,10433673,audit_only,True,False,True,0.75,0.3333333333333333,0.3333333333333333,False,False,False,
CodeLlama-13b,10433673,field_match,True,True,True,0.75,0.3333333333333333,0.3333333333333333,False,False,True,
CodeLlama-13b,10433673,field_match_compressed,True,True,True,0.75,0.3333333333333333,0.3333333333333333,False,False,True,
CodeLlama-13b,10433673,full,True,True,True,0.75,0.3333333333333333,0.3333333333333333,False,False,True,
CodeLlama-13b,12961301,audit_only,True,False,True,0.8,0.6666666666666666,0.6666666666666666,False,False,False,
CodeLlama-13b,12961301,field_match,True,True,True,0.8,0.6666666666666666,0.0,False,False,True,
CodeLlama-13b,12961301,field_match_compressed,True,True,True,0.8,0.6666666666666666,0.0,False,False,True,
CodeLlama-13b,12961301,full,True,True,True,0.8,0.6666666666666666,0.0,False,False,True,
CodeLlama-13b,78339931,audit_only,False,False,False,0.2857142857142857,0.0,0.0,False,False,False,unknown_tool
CodeLlama-13b,78339931,field_match,False,False,False,0.2857142857142857,0.0,0.0,False,False,False,unknown_tool
CodeLlama-13b,78339931,field_match_compressed,False,False,False,0.2857142857142857,0.0,0.0,False,False,False,unknown_tool
CodeLlama-13b,78339931,full,False,False,False,0.2857142857142857,0.0,0.0,False,False,False,unknown_tool
CodeLlama-13b,30362675,audit_only,True,True,False,0.3333333333333333,0.0,0.0,False,False,False,
CodeLlama-13b,30362675,field_match,True,True,False,0.3333333333333333,0.0,0.0,False,False,False,
CodeLlama-13b,30362675,field_match_compressed,True,True,False,0.3333333333333333,0.0,0.0,False,False,False,
CodeLlama-13b,30362675,full,True,True,False,0.3333333333333333,0.0,0.0,False,False,False,
CodeLlama-13b,30143386,audit_only,False,False,False,0.6666666666666666,0.5,0.5,False,False,False,invalid_argument_container
CodeLlama-13b,30143386,field_match,False,False,False,0.6666666666666666,0.5,0.5,False,False,False,invalid_argument_container
CodeLlama-13b,30143386,field_match_compressed,False,False,False,0.6666666666666666,0.5,0.5,False,False,False,invalid_argument_container
CodeLlama-13b,30143386,full,False,False,False,0.6666666666666666,0.5,0.5,False,False,False,invalid_argument_container
CodeLlama-13b,49082012,audit_only,True,True,True,0.6666666666666666,0.0,0.0,False,False,False,
CodeLlama-13b,49082012,field_match,True,True,True,0.6666666666666666,0.0,0.0,False,False,False,
CodeLlama-13b,49082012,field_match_compressed,True,True,True,0.6666666666666666,0.0,0.0,False,False,False,
CodeLlama-13b,49082012,full,True,True,True,0.6666666666666666,0.0,0.0,False,False,False,
CodeLlama-13b,26598510,audit_only,True,True,True,0.6666666666666666,0.0,0.0,False,False,False,
CodeLlama-13b,26598510,field_match,True,True,True,0.6666666666666666,0.0,0.0,False,False,False,
CodeLlama-13b,26598510,field_match_compressed,True,True,True,0.6666666666666666,0.0,0.0,False,False,False,
CodeLlama-13b,26598510,full,True,True,True,0.6666666666666666,0.0,0.0,False,False,False,
CodeLlama-13b,16266459,audit_only,False,False,False,0.0,0.0,0.0,False,False,False,unknown_tool
CodeLlama-13b,16266459,field_match,False,False,False,0.0,0.0,0.0,False,False,False,unknown_tool
CodeLlama-13b,16266459,field_match_compressed,False,False,False,0.0,0.0,0.0,False,False,False,unknown_tool
CodeLlama-13b,16266459,full,False,False,False,0.0,0.0,0.0,False,False,False,unknown_tool
CodeLlama-13b,20759722,audit_only,True,True,False,0.75,0.3333333333333333,0.3333333333333333,False,False,False,
CodeLlama-13b,20759722,field_match,True,True,False,0.75,0.3333333333333333,0.3333333333333333,False,False,False,
CodeLlama-13b,20759722,field_match_compressed,True,True,False,0.75,0.3333333333333333,0.3333333333333333,False,False,False,
CodeLlama-13b,20759722,full,True,True,False,0.75,0.3333333333333333,0.3333333333333333,False,False,False,
CodeLlama-13b,16360611,audit_only,False,False,False,0.5714285714285714,0.0,0.0,False,False,False,unknown_tool
CodeLlama-13b,16360611,field_match,False,False,False,0.5714285714285714,0.0,0.0,False,False,False,unknown_tool
CodeLlama-13b,16360611,field_match_compressed,False,False,False,0.5714285714285714,0.0,0.0,False,False,False,unknown_tool
CodeLlama-13b,16360611,full,False,False,False,0.5714285714285714,0.0,0.0,False,False,False,unknown_tool
CodeLlama-13b,40103078,audit_only,True,True,False,1.0,1.0,1.0,True,True,False,
CodeLlama-13b,40103078,field_match,True,True,False,1.0,1.0,1.0,True,True,False,
CodeLlama-13b,40103078,field_match_compressed,True,True,False,1.0,1.0,1.0,True,True,False,
CodeLlama-13b,40103078,full,True,True,False,1.0,1.0,1.0,True,True,False,
CodeLlama-13b,17187219,audit_only,False,False,False,0.4,0.0,0.0,False,False,False,unknown_tool
CodeLlama-13b,17187219,field_match,False,False,False,0.4,0.0,0.0,False,False,False,unknown_tool
CodeLlama-13b,17187219,field_match_compressed,False,False,False,0.4,0.0,0.0,False,False,False,unknown_tool
CodeLlama-13b,17187219,full,False,False,False,0.4,0.0,0.0,False,False,False,unknown_tool
CodeLlama-13b,15165036,audit_only,False,False,False,0.75,0.3333333333333333,0.3333333333333333,False,False,False,unknown_tool
CodeLlama-13b,15165036,field_match,False,False,False,0.75,0.3333333333333333,0.3333333333333333,False,False,False,unknown_tool
CodeLlama-13b,15165036,field_match_compressed,False,False,False,0.75,0.3333333333333333,0.3333333333333333,False,False,False,unknown_tool
CodeLlama-13b,15165036,full,False,False,False,0.75,0.3333333333333333,0.3333333333333333,False,False,False,unknown_tool
CodeLlama-13b,32951041,audit_only,False,False,False,0.3333333333333333,0.0,0.0,False,False,False,unknown_tool
CodeLlama-13b,32951041,field_match,False,False,False,0.3333333333333333,0.0,0.0,False,False,False,unknown_tool
CodeLlama-13b,32951041,field_match_compressed,False,False,False,0.3333333333333333,0.0,0.0,False,False,False,unknown_tool
CodeLlama-13b,32951041,full,False,False,False,0.3333333333333333,0.0,0.0,False,False,False,unknown_tool
CodeLlama-13b,21289988,audit_only,True,True,False,0.6666666666666666,0.5,0.5,False,False,False,
CodeLlama-13b,21289988,field_match,True,True,False,0.6666666666666666,0.5,0.5,False,False,False,
CodeLlama-13b,21289988,field_match_compressed,True,True,False,0.6666666666666666,0.5,0.5,False,False,False,
CodeLlama-13b,21289988,full,True,True,False,0.6666666666666666,0.5,0.5,False,False,False,
CodeLlama-13b,22092540,audit_only,False,False,False,1.0,1.0,1.0,True,True,False,invalid_node_reference
CodeLlama-13b,22092540,field_match,False,False,False,1.0,1.0,1.0,True,True,False,invalid_node_reference
CodeLlama-13b,22092540,field_match_compressed,False,False,False,1.0,1.0,1.0,True,True,False,invalid_node_reference
CodeLlama-13b,22092540,full,False,False,False,1.0,1.0,1.0,True,True,False,invalid_node_reference
CodeLlama-13b,80478570,audit_only,False,False,False,0.5,0.0,0.0,False,False,False,unknown_tool
CodeLlama-13b,80478570,field_match,False,False,False,0.5,0.0,0.0,False,False,False,unknown_tool
CodeLlama-13b,80478570,field_match_compressed,False,False,False,0.5,0.0,0.0,False,False,False,unknown_tool
CodeLlama-13b,80478570,full,False,False,False,0.5,0.0,0.0,False,False,False,unknown_tool
CodeLlama-13b,14725850,audit_only,False,False,False,0.4,0.0,0.0,False,False,False,unknown_tool
CodeLlama-13b,14725850,field_match,False,False,False,0.4,0.0,0.0,False,False,False,unknown_tool
CodeLlama-13b,14725850,field_match_compressed,False,False,False,0.4,0.0,0.0,False,False,False,unknown_tool
CodeLlama-13b,14725850,full,False,False,False,0.4,0.0,0.0,False,False,False,unknown_tool
CodeLlama-13b,28070748,audit_only,False,False,False,0.75,0.3333333333333333,0.3333333333333333,False,False,False,unknown_tool
CodeLlama-13b,28070748,field_match,False,False,False,0.75,0.3333333333333333,0.3333333333333333,False,False,False,unknown_tool
CodeLlama-13b,28070748,field_match_compressed,False,False,False,0.75,0.3333333333333333,0.3333333333333333,False,False,False,unknown_tool
CodeLlama-13b,28070748,full,False,False,False,0.75,0.3333333333333333,0.3333333333333333,False,False,False,unknown_tool
CodeLlama-13b,39991073,audit_only,True,True,True,0.6666666666666666,0.5,0.5,False,False,False,
CodeLlama-13b,39991073,field_match,True,True,True,0.6666666666666666,0.5,0.5,False,False,False,
CodeLlama-13b,39991073,field_match_compressed,True,True,True,0.6666666666666666,0.5,0.5,False,False,False,
CodeLlama-13b,39991073,full,True,True,True,0.6666666666666666,0.5,0.5,False,False,False,
CodeLlama-13b,29974736,audit_only,False,False,False,0.5,0.0,0.0,False,False,False,unknown_tool
CodeLlama-13b,29974736,field_match,False,False,False,0.5,0.0,0.0,False,False,False,unknown_tool
CodeLlama-13b,29974736,field_match_compressed,False,False,False,0.5,0.0,0.0,False,False,False,unknown_tool
CodeLlama-13b,29974736,full,False,False,False,0.5,0.0,0.0,False,False,False,unknown_tool
CodeLlama-13b,12505835,audit_only,True,False,False,1.0,1.0,1.0,True,True,False,
CodeLlama-13b,12505835,field_match,True,True,False,1.0,1.0,0.6666666666666666,True,False,True,
CodeLlama-13b,12505835,field_match_compressed,True,True,False,1.0,1.0,0.6666666666666666,True,False,True,
CodeLlama-13b,12505835,full,True,True,False,1.0,1.0,0.6666666666666666,True,False,True,
CodeLlama-13b,11253911,audit_only,True,True,False,0.3333333333333333,0.0,0.0,False,False,False,
CodeLlama-13b,11253911,field_match,True,True,False,0.3333333333333333,0.0,0.0,False,False,False,
CodeLlama-13b,11253911,field_match_compressed,True,True,False,0.3333333333333333,0.0,0.0,False,False,False,
CodeLlama-13b,11253911,full,True,True,False,0.3333333333333333,0.0,0.0,False,False,False,
CodeLlama-13b,16858455,audit_only,True,False,True,0.8,0.0,0.0,False,False,False,
CodeLlama-13b,16858455,field_match,True,True,True,0.8,0.0,0.0,False,False,True,
CodeLlama-13b,16858455,field_match_compressed,True,True,True,0.8,0.0,0.0,False,False,True,
CodeLlama-13b,16858455,full,True,True,True,0.8,0.0,0.0,False,False,True,
CodeLlama-13b,41195466,audit_only,True,False,True,0.6666666666666666,0.5,0.5,False,False,False,
CodeLlama-13b,41195466,field_match,True,True,True,0.6666666666666666,0.5,0.0,False,False,True,
CodeLlama-13b,41195466,field_match_compressed,True,True,True,0.6666666666666666,0.5,0.0,False,False,True,
CodeLlama-13b,41195466,full,True,True,True,0.6666666666666666,0.5,0.0,False,False,True,
CodeLlama-13b,20615183,audit_only,False,False,False,0.8,0.5,0.5,False,False,False,unknown_tool
CodeLlama-13b,20615183,field_match,False,False,False,0.8,0.5,0.5,False,False,False,unknown_tool
CodeLlama-13b,20615183,field_match_compressed,False,False,False,0.8,0.5,0.5,False,False,False,unknown_tool
CodeLlama-13b,20615183,full,False,False,False,0.8,0.5,0.5,False,False,False,unknown_tool
CodeLlama-13b,21362980,audit_only,True,True,False,1.0,1.0,1.0,True,True,False,
CodeLlama-13b,21362980,field_match,True,True,False,1.0,1.0,1.0,True,True,False,
CodeLlama-13b,21362980,field_match_compressed,True,True,False,1.0,1.0,1.0,True,True,False,
CodeLlama-13b,21362980,full,True,True,False,1.0,1.0,1.0,True,True,False,
CodeLlama-13b,13902195,audit_only,False,False,False,0.0,0.0,0.0,False,False,False,unknown_tool
CodeLlama-13b,13902195,field_match,False,False,False,0.0,0.0,0.0,False,False,False,unknown_tool
CodeLlama-13b,13902195,field_match_compressed,False,False,False,0.0,0.0,0.0,False,False,False,unknown_tool
CodeLlama-13b,13902195,full,False,False,False,0.0,0.0,0.0,False,False,False,unknown_tool
CodeLlama-13b,10854559,audit_only,True,False,True,0.75,0.3333333333333333,0.3333333333333333,False,False,False,
CodeLlama-13b,10854559,field_match,True,True,True,0.75,0.3333333333333333,0.4,False,False,True,
CodeLlama-13b,10854559,field_match_compressed,True,True,True,0.75,0.3333333333333333,0.4,False,False,True,
CodeLlama-13b,10854559,full,True,True,True,0.75,0.3333333333333333,0.4,False,False,True,
CodeLlama-13b,33997496,audit_only,True,True,False,0.6666666666666666,0.0,0.0,False,False,False,
CodeLlama-13b,33997496,field_match,True,True,False,0.6666666666666666,0.0,0.0,False,False,False,
CodeLlama-13b,33997496,field_match_compressed,True,True,False,0.6666666666666666,0.0,0.0,False,False,False,
CodeLlama-13b,33997496,full,True,True,False,0.6666666666666666,0.0,0.0,False,False,False,
CodeLlama-13b,17438641,audit_only,False,False,False,0.7272727272727273,0.2222222222222222,0.2222222222222222,False,False,False,unknown_tool
CodeLlama-13b,17438641,field_match,False,False,False,0.7272727272727273,0.2222222222222222,0.2222222222222222,False,False,False,unknown_tool
CodeLlama-13b,17438641,field_match_compressed,False,False,False,0.7272727272727273,0.2222222222222222,0.2222222222222222,False,False,False,unknown_tool
CodeLlama-13b,17438641,full,False,False,False,0.7272727272727273,0.2222222222222222,0.2222222222222222,False,False,False,unknown_tool
CodeLlama-13b,30422962,audit_only,True,False,True,1.0,1.0,1.0,True,True,False,
CodeLlama-13b,30422962,field_match,True,True,True,1.0,1.0,0.6666666666666666,True,False,True,
CodeLlama-13b,30422962,field_match_compressed,True,True,True,1.0,1.0,0.6666666666666666,True,False,True,
CodeLlama-13b,30422962,full,True,True,True,1.0,1.0,0.6666666666666666,True,False,True,
CodeLlama-13b,25605833,audit_only,True,True,False,0.2857142857142857,0.0,0.0,False,False,False,
CodeLlama-13b,25605833,field_match,True,True,False,0.2857142857142857,0.0,0.0,False,False,False,
CodeLlama-13b,25605833,field_match_compressed,True,True,False,0.2857142857142857,0.0,0.0,False,False,False,
CodeLlama-13b,25605833,full,True,True,False,0.2857142857142857,0.0,0.0,False,False,False,
CodeLlama-13b,10593636,audit_only,False,False,False,0.3333333333333333,0.0,0.0,False,False,False,unknown_tool
CodeLlama-13b,10593636,field_match,False,False,False,0.3333333333333333,0.0,0.0,False,False,False,unknown_tool
CodeLlama-13b,10593636,field_match_compressed,False,False,False,0.3333333333333333,0.0,0.0,False,False,False,unknown_tool
CodeLlama-13b,10593636,full,False,False,False,0.3333333333333333,0.0,0.0,False,False,False,unknown_tool
CodeLlama-13b,13733468,audit_only,True,False,False,0.75,0.6666666666666666,0.6666666666666666,False,False,False,
CodeLlama-13b,13733468,field_match,True,True,False,0.75,0.6666666666666666,0.8,False,False,True,
CodeLlama-13b,13733468,field_match_compressed,True,True,False,0.75,0.6666666666666666,0.8,False,False,True,
CodeLlama-13b,13733468,full,True,True,False,0.75,0.6666666666666666,0.8,False,False,True,
CodeLlama-13b,27793145,audit_only,True,True,False,0.5714285714285714,0.0,0.0,False,False,False,
CodeLlama-13b,27793145,field_match,True,True,False,0.5714285714285714,0.0,0.0,False,False,False,
CodeLlama-13b,27793145,field_match_compressed,True,True,False,0.5714285714285714,0.0,0.0,False,False,False,
CodeLlama-13b,27793145,full,True,True,False,0.5714285714285714,0.0,0.0,False,False,False,
CodeLlama-13b,11152535,audit_only,False,False,False,0.5714285714285714,0.4,0.4,False,False,False,invalid_node_reference
CodeLlama-13b,11152535,field_match,False,False,False,0.5714285714285714,0.4,0.4,False,False,False,invalid_node_reference
CodeLlama-13b,11152535,field_match_compressed,False,False,False,0.5714285714285714,0.4,0.4,False,False,False,invalid_node_reference
CodeLlama-13b,11152535,full,False,False,False,0.5714285714285714,0.4,0.4,False,False,False,invalid_node_reference
CodeLlama-13b,24501398,audit_only,True,True,True,0.4,0.0,0.0,False,False,False,
CodeLlama-13b,24501398,field_match,True,True,True,0.4,0.0,0.0,False,False,False,
CodeLlama-13b,24501398,field_match_compressed,True,True,True,0.4,0.0,0.0,False,False,False,
CodeLlama-13b,24501398,full,True,True,True,0.4,0.0,0.0,False,False,False,
CodeLlama-13b,12244215,audit_only,False,False,False,0.5,0.0,0.0,False,False,False,unknown_tool
CodeLlama-13b,12244215,field_match,False,False,False,0.5,0.0,0.0,False,False,False,unknown_tool
CodeLlama-13b,12244215,field_match_compressed,False,False,False,0.5,0.0,0.0,False,False,False,unknown_tool
CodeLlama-13b,12244215,full,False,False,False,0.5,0.0,0.0,False,False,False,unknown_tool
CodeLlama-13b,28145763,audit_only,False,False,False,0.5,0.0,0.0,False,False,False,unknown_tool
CodeLlama-13b,28145763,field_match,False,False,False,0.5,0.0,0.0,False,False,False,unknown_tool
CodeLlama-13b,28145763,field_match_compressed,False,False,False,0.5,0.0,0.0,False,False,False,unknown_tool
CodeLlama-13b,28145763,full,False,False,False,0.5,0.0,0.0,False,False,False,unknown_tool
CodeLlama-13b,32122597,audit_only,True,True,True,0.6,0.5,0.5,False,False,False,
CodeLlama-13b,32122597,field_match,True,True,True,0.6,0.5,0.5,False,False,False,
CodeLlama-13b,32122597,field_match_compressed,True,True,True,0.6,0.5,0.5,False,False,False,
CodeLlama-13b,32122597,full,True,True,True,0.6,0.5,0.5,False,False,False,
CodeLlama-13b,80144699,audit_only,False,False,False,0.3333333333333333,0.0,0.0,False,False,False,unknown_tool
CodeLlama-13b,80144699,field_match,False,False,False,0.3333333333333333,0.0,0.0,False,False,False,unknown_tool
CodeLlama-13b,80144699,field_match_compressed,False,False,False,0.3333333333333333,0.0,0.0,False,False,False,unknown_tool
CodeLlama-13b,80144699,full,False,False,False,0.3333333333333333,0.0,0.0,False,False,False,unknown_tool
CodeLlama-13b,19080307,audit_only,False,False,False,0.4444444444444444,0.0,0.0,False,False,False,invalid_node_reference
CodeLlama-13b,19080307,field_match,False,False,False,0.4444444444444444,0.0,0.0,False,False,False,invalid_node_reference
CodeLlama-13b,19080307,field_match_compressed,False,False,False,0.4444444444444444,0.0,0.0,False,False,False,invalid_node_reference
CodeLlama-13b,19080307,full,False,False,False,0.4444444444444444,0.0,0.0,False,False,False,invalid_node_reference
CodeLlama-13b,33830770,audit_only,False,False,False,0.0,0.0,0.0,False,False,False,unknown_tool
CodeLlama-13b,33830770,field_match,False,False,False,0.0,0.0,0.0,False,False,False,unknown_tool
CodeLlama-13b,33830770,field_match_compressed,False,False,False,0.0,0.0,0.0,False,False,False,unknown_tool
CodeLlama-13b,33830770,full,False,False,False,0.0,0.0,0.0,False,False,False,unknown_tool
CodeLlama-13b,29460290,audit_only,False,False,False,0.2857142857142857,0.0,0.0,False,False,False,unknown_tool
CodeLlama-13b,29460290,field_match,False,False,False,0.2857142857142857,0.0,0.0,False,False,False,unknown_tool
CodeLlama-13b,29460290,field_match_compressed,False,False,False,0.2857142857142857,0.0,0.0,False,False,False,unknown_tool
CodeLlama-13b,29460290,full,False,False,False,0.2857142857142857,0.0,0.0,False,False,False,unknown_tool
CodeLlama-13b,30649702,audit_only,True,False,False,0.5,0.0,0.0,False,False,False,
CodeLlama-13b,30649702,field_match,True,True,False,0.5,0.0,0.0,False,False,True,
CodeLlama-13b,30649702,field_match_compressed,True,True,False,0.5,0.0,0.0,False,False,True,
CodeLlama-13b,30649702,full,True,True,False,0.5,0.0,0.0,False,False,True,
CodeLlama-13b,33440372,audit_only,False,False,False,0.0,0.0,0.0,False,False,False,unknown_tool
CodeLlama-13b,33440372,field_match,False,False,False,0.0,0.0,0.0,False,False,False,unknown_tool
CodeLlama-13b,33440372,field_match_compressed,False,False,False,0.0,0.0,0.0,False,False,False,unknown_tool
CodeLlama-13b,33440372,full,False,False,False,0.0,0.0,0.0,False,False,False,unknown_tool
CodeLlama-13b,18227884,audit_only,True,True,True,0.6666666666666666,0.5,0.5,False,False,False,
CodeLlama-13b,18227884,field_match,True,True,True,0.6666666666666666,0.5,0.5,False,False,False,
CodeLlama-13b,18227884,field_match_compressed,True,True,True,0.6666666666666666,0.5,0.5,False,False,False,
CodeLlama-13b,18227884,full,True,True,True,0.6666666666666666,0.5,0.5,False,False,False,
CodeLlama-13b,55986009,audit_only,True,True,True,0.8,0.6666666666666666,0.6666666666666666,False,False,False,
CodeLlama-13b,55986009,field_match,True,True,True,0.8,0.6666666666666666,0.6666666666666666,False,False,False,
CodeLlama-13b,55986009,field_match_compressed,True,True,True,0.8,0.6666666666666666,0.6666666666666666,False,False,False,
CodeLlama-13b,55986009,full,True,True,True,0.8,0.6666666666666666,0.6666666666666666,False,False,False,
CodeLlama-13b,10028057,audit_only,True,True,True,0.4,0.0,0.0,False,False,False,
CodeLlama-13b,10028057,field_match,True,True,True,0.4,0.0,0.0,False,False,False,
CodeLlama-13b,10028057,field_match_compressed,True,True,True,0.4,0.0,0.0,False,False,False,
CodeLlama-13b,10028057,full,True,True,True,0.4,0.0,0.0,False,False,False,
CodeLlama-13b,30752221,audit_only,True,True,False,0.75,0.3333333333333333,0.3333333333333333,False,False,False,
CodeLlama-13b,30752221,field_match,True,True,False,0.75,0.3333333333333333,0.3333333333333333,False,False,False,
CodeLlama-13b,30752221,field_match_compressed,True,True,False,0.75,0.3333333333333333,0.3333333333333333,False,False,False,
CodeLlama-13b,30752221,full,True,True,False,0.75,0.3333333333333333,0.3333333333333333,False,False,False,
CodeLlama-13b,54436848,audit_only,True,False,False,0.4444444444444444,0.0,0.0,False,False,False,
CodeLlama-13b,54436848,field_match,True,True,False,0.4444444444444444,0.0,0.0,False,False,True,
CodeLlama-13b,54436848,field_match_compressed,True,True,False,0.4444444444444444,0.0,0.0,False,False,True,
CodeLlama-13b,54436848,full,True,True,False,0.4444444444444444,0.0,0.0,False,False,True,
CodeLlama-13b,10149250,audit_only,True,True,False,0.8888888888888888,0.5714285714285714,0.5714285714285714,False,False,False,
CodeLlama-13b,10149250,field_match,True,True,False,0.8888888888888888,0.5714285714285714,0.5714285714285714,False,False,False,
CodeLlama-13b,10149250,field_match_compressed,True,True,False,0.8888888888888888,0.5714285714285714,0.5714285714285714,False,False,False,
CodeLlama-13b,10149250,full,True,True,False,0.8888888888888888,0.5714285714285714,0.5714285714285714,False,False,False,
CodeLlama-13b,22070701,audit_only,True,True,True,1.0,1.0,1.0,True,True,False,
CodeLlama-13b,22070701,field_match,True,True,True,1.0,1.0,1.0,True,True,False,
CodeLlama-13b,22070701,field_match_compressed,True,True,True,1.0,1.0,1.0,True,True,False,
CodeLlama-13b,22070701,full,True,True,True,1.0,1.0,1.0,True,True,False,
CodeLlama-13b,13609432,audit_only,True,True,True,0.6666666666666666,0.5,0.5,False,False,False,
CodeLlama-13b,13609432,field_match,True,True,True,0.6666666666666666,0.5,0.5,False,False,False,
CodeLlama-13b,13609432,field_match_compressed,True,True,True,0.6666666666666666,0.5,0.5,False,False,False,
CodeLlama-13b,13609432,full,True,True,True,0.6666666666666666,0.5,0.5,False,False,False,
CodeLlama-13b,26653087,audit_only,True,True,False,0.5714285714285714,0.0,0.0,False,False,False,
CodeLlama-13b,26653087,field_match,True,True,False,0.5714285714285714,0.0,0.0,False,False,False,
CodeLlama-13b,26653087,field_match_compressed,True,True,False,0.5714285714285714,0.0,0.0,False,False,False,
CodeLlama-13b,26653087,full,True,True,False,0.5714285714285714,0.0,0.0,False,False,False,
CodeLlama-13b,63106640,audit_only,True,True,False,0.2857142857142857,0.0,0.0,False,False,False,
CodeLlama-13b,63106640,field_match,True,True,False,0.2857142857142857,0.0,0.0,False,False,False,
CodeLlama-13b,63106640,field_match_compressed,True,True,False,0.2857142857142857,0.0,0.0,False,False,False,
CodeLlama-13b,63106640,full,True,True,False,0.2857142857142857,0.0,0.0,False,False,False,
CodeLlama-13b,13507520,audit_only,True,True,False,0.8571428571428571,0.8,0.8,False,False,False,
CodeLlama-13b,13507520,field_match,True,True,False,0.8571428571428571,0.8,0.8,False,False,False,
CodeLlama-13b,13507520,field_match_compressed,True,True,False,0.8571428571428571,0.8,0.8,False,False,False,
CodeLlama-13b,13507520,full,True,True,False,0.8571428571428571,0.8,0.8,False,False,False,
CodeLlama-13b,31119477,audit_only,False,False,False,0.4,0.0,0.0,False,False,False,unknown_tool
CodeLlama-13b,31119477,field_match,False,False,False,0.4,0.0,0.0,False,False,False,unknown_tool
CodeLlama-13b,31119477,field_match_compressed,False,False,False,0.4,0.0,0.0,False,False,False,unknown_tool
CodeLlama-13b,31119477,full,False,False,False,0.4,0.0,0.0,False,False,False,unknown_tool
CodeLlama-13b,17695157,audit_only,False,False,False,0.75,0.3333333333333333,0.3333333333333333,False,False,False,unknown_tool
CodeLlama-13b,17695157,field_match,False,False,False,0.75,0.3333333333333333,0.3333333333333333,False,False,False,unknown_tool
CodeLlama-13b,17695157,field_match_compressed,False,False,False,0.75,0.3333333333333333,0.3333333333333333,False,False,False,unknown_tool
CodeLlama-13b,17695157,full,False,False,False,0.75,0.3333333333333333,0.3333333333333333,False,False,False,unknown_tool
CodeLlama-13b,26297668,audit_only,False,False,False,1.0,1.0,1.0,True,True,False,invalid_node_reference
CodeLlama-13b,26297668,field_match,False,False,False,1.0,1.0,1.0,True,True,False,invalid_node_reference
CodeLlama-13b,26297668,field_match_compressed,False,False,False,1.0,1.0,1.0,True,True,False,invalid_node_reference
CodeLlama-13b,26297668,full,False,False,False,1.0,1.0,1.0,True,True,False,invalid_node_reference
CodeLlama-13b,92123547,audit_only,True,True,False,0.4444444444444444,0.0,0.0,False,False,False,
CodeLlama-13b,92123547,field_match,True,True,False,0.4444444444444444,0.0,0.0,False,False,False,
CodeLlama-13b,92123547,field_match_compressed,True,True,False,0.4444444444444444,0.0,0.0,False,False,False,
CodeLlama-13b,92123547,full,True,True,False,0.4444444444444444,0.0,0.0,False,False,False,
CodeLlama-13b,67663916,audit_only,True,True,True,0.5,0.0,0.0,False,False,False,
CodeLlama-13b,67663916,field_match,True,True,True,0.5,0.0,0.0,False,False,False,
CodeLlama-13b,67663916,field_match_compressed,True,True,True,0.5,0.0,0.0,False,False,False,
CodeLlama-13b,67663916,full,True,True,True,0.5,0.0,0.0,False,False,False,
CodeLlama-13b,10313723,audit_only,False,False,False,0.4,0.0,0.0,False,False,False,unknown_tool
CodeLlama-13b,10313723,field_match,False,False,False,0.4,0.0,0.0,False,False,False,unknown_tool
CodeLlama-13b,10313723,field_match_compressed,False,False,False,0.4,0.0,0.0,False,False,False,unknown_tool
CodeLlama-13b,10313723,full,False,False,False,0.4,0.0,0.0,False,False,False,unknown_tool
CodeLlama-13b,78537707,audit_only,False,False,False,0.5714285714285714,0.4,0.4,False,False,False,unknown_tool
CodeLlama-13b,78537707,field_match,False,False,False,0.5714285714285714,0.4,0.4,False,False,False,unknown_tool
CodeLlama-13b,78537707,field_match_compressed,False,False,False,0.5714285714285714,0.4,0.4,False,False,False,unknown_tool
CodeLlama-13b,78537707,full,False,False,False,0.5714285714285714,0.4,0.4,False,False,False,unknown_tool
CodeLlama-13b,93528424,audit_only,False,False,False,0.6666666666666666,0.5,0.5,False,False,False,unknown_tool
CodeLlama-13b,93528424,field_match,False,False,False,0.6666666666666666,0.5,0.5,False,False,False,unknown_tool
CodeLlama-13b,93528424,field_match_compressed,False,False,False,0.6666666666666666,0.5,0.5,False,False,False,unknown_tool
CodeLlama-13b,93528424,full,False,False,False,0.6666666666666666,0.5,0.5,False,False,False,unknown_tool
CodeLlama-13b,12876313,audit_only,False,False,False,0.5,0.0,0.0,False,False,False,unknown_tool
CodeLlama-13b,12876313,field_match,False,False,False,0.5,0.0,0.0,False,False,False,unknown_tool
CodeLlama-13b,12876313,field_match_compressed,False,False,False,0.5,0.0,0.0,False,False,False,unknown_tool
CodeLlama-13b,12876313,full,False,False,False,0.5,0.0,0.0,False,False,False,unknown_tool
CodeLlama-13b,87184920,audit_only,True,True,False,0.6666666666666666,0.2857142857142857,0.2857142857142857,False,False,False,
CodeLlama-13b,87184920,field_match,True,True,False,0.6666666666666666,0.2857142857142857,0.2857142857142857,False,False,False,
CodeLlama-13b,87184920,field_match_compressed,True,True,False,0.6666666666666666,0.2857142857142857,0.2857142857142857,False,False,False,
CodeLlama-13b,87184920,full,True,True,False,0.6666666666666666,0.2857142857142857,0.2857142857142857,False,False,False,
CodeLlama-13b,99917085,audit_only,True,True,True,1.0,1.0,1.0,True,True,False,
CodeLlama-13b,99917085,field_match,True,True,True,1.0,1.0,1.0,True,True,False,
CodeLlama-13b,99917085,field_match_compressed,True,True,True,1.0,1.0,1.0,True,True,False,
CodeLlama-13b,99917085,full,True,True,True,1.0,1.0,1.0,True,True,False,
CodeLlama-13b,13885441,audit_only,True,False,True,0.2857142857142857,0.0,0.0,False,False,False,
CodeLlama-13b,13885441,field_match,True,True,True,0.2857142857142857,0.0,0.0,False,False,True,
CodeLlama-13b,13885441,field_match_compressed,True,True,True,0.2857142857142857,0.0,0.0,False,False,True,
CodeLlama-13b,13885441,full,True,True,True,0.2857142857142857,0.0,0.0,False,False,True,
CodeLlama-13b,16784865,audit_only,True,False,False,0.0,0.0,0.0,False,False,False,
CodeLlama-13b,16784865,field_match,True,True,False,0.0,0.0,0.0,False,False,True,
CodeLlama-13b,16784865,field_match_compressed,True,True,False,0.0,0.0,0.0,False,False,True,
CodeLlama-13b,16784865,full,True,True,False,0.0,0.0,0.0,False,False,True,
CodeLlama-13b,15941210,audit_only,True,True,False,0.4,0.0,0.0,False,False,False,
CodeLlama-13b,15941210,field_match,True,True,False,0.4,0.0,0.0,False,False,False,
CodeLlama-13b,15941210,field_match_compressed,True,True,False,0.4,0.0,0.0,False,False,False,
CodeLlama-13b,15941210,full,True,True,False,0.4,0.0,0.0,False,False,False,
CodeLlama-13b,32723787,audit_only,False,False,False,0.3333333333333333,0.0,0.0,False,False,False,unknown_tool
CodeLlama-13b,32723787,field_match,False,False,False,0.3333333333333333,0.0,0.0,False,False,False,unknown_tool
CodeLlama-13b,32723787,field_match_compressed,False,False,False,0.3333333333333333,0.0,0.0,False,False,False,unknown_tool
CodeLlama-13b,32723787,full,False,False,False,0.3333333333333333,0.0,0.0,False,False,False,unknown_tool
CodeLlama-13b,31928345,audit_only,False,False,False,0.6666666666666666,0.46153846153846156,0.46153846153846156,False,False,False,unknown_tool
CodeLlama-13b,31928345,field_match,False,False,False,0.6666666666666666,0.46153846153846156,0.46153846153846156,False,False,False,unknown_tool
CodeLlama-13b,31928345,field_match_compressed,False,False,False,0.6666666666666666,0.46153846153846156,0.46153846153846156,False,False,False,unknown_tool
CodeLlama-13b,31928345,full,False,False,False,0.6666666666666666,0.46153846153846156,0.46153846153846156,False,False,False,unknown_tool
CodeLlama-13b,16481346,audit_only,True,True,True,1.0,1.0,1.0,True,True,False,
CodeLlama-13b,16481346,field_match,True,True,True,1.0,1.0,1.0,True,True,False,
CodeLlama-13b,16481346,field_match_compressed,True,True,True,1.0,1.0,1.0,True,True,False,
CodeLlama-13b,16481346,full,True,True,True,1.0,1.0,1.0,True,True,False,
CodeLlama-13b,75332795,audit_only,True,False,True,0.75,0.3333333333333333,0.3333333333333333,False,False,False,
CodeLlama-13b,75332795,field_match,True,True,True,0.75,0.3333333333333333,0.4,False,False,True,
CodeLlama-13b,75332795,field_match_compressed,True,True,True,0.75,0.3333333333333333,0.4,False,False,True,
CodeLlama-13b,75332795,full,True,True,True,0.75,0.3333333333333333,0.4,False,False,True,
CodeLlama-13b,19139429,audit_only,True,False,False,0.75,0.3333333333333333,0.3333333333333333,False,False,False,
CodeLlama-13b,19139429,field_match,True,True,False,0.75,0.3333333333333333,0.4,False,False,True,
CodeLlama-13b,19139429,field_match_compressed,True,True,False,0.75,0.3333333333333333,0.4,False,False,True,
CodeLlama-13b,19139429,full,True,True,False,0.75,0.3333333333333333,0.4,False,False,True,
CodeLlama-13b,40305080,audit_only,False,False,False,0.2222222222222222,0.0,0.0,False,False,False,unknown_tool
CodeLlama-13b,40305080,field_match,False,False,False,0.2222222222222222,0.0,0.0,False,False,False,unknown_tool
CodeLlama-13b,40305080,field_match_compressed,False,False,False,0.2222222222222222,0.0,0.0,False,False,False,unknown_tool
CodeLlama-13b,40305080,full,False,False,False,0.2222222222222222,0.0,0.0,False,False,False,unknown_tool
CodeLlama-13b,20881001,audit_only,False,False,False,0.3076923076923077,0.0,0.0,False,False,False,unknown_tool
CodeLlama-13b,20881001,field_match,False,False,False,0.3076923076923077,0.0,0.0,False,False,False,unknown_tool
CodeLlama-13b,20881001,field_match_compressed,False,False,False,0.3076923076923077,0.0,0.0,False,False,False,unknown_tool
CodeLlama-13b,20881001,full,False,False,False,0.3076923076923077,0.0,0.0,False,False,False,unknown_tool
CodeLlama-13b,16102080,audit_only,True,True,True,1.0,1.0,1.0,True,True,False,
CodeLlama-13b,16102080,field_match,True,True,True,1.0,1.0,1.0,True,True,False,
CodeLlama-13b,16102080,field_match_compressed,True,True,True,1.0,1.0,1.0,True,True,False,
CodeLlama-13b,16102080,full,True,True,True,1.0,1.0,1.0,True,True,False,
CodeLlama-13b,29696429,audit_only,False,False,False,0.3333333333333333,0.0,0.0,False,False,False,unknown_tool
CodeLlama-13b,29696429,field_match,False,False,False,0.3333333333333333,0.0,0.0,False,False,False,unknown_tool
CodeLlama-13b,29696429,field_match_compressed,False,False,False,0.3333333333333333,0.0,0.0,False,False,False,unknown_tool
CodeLlama-13b,29696429,full,False,False,False,0.3333333333333333,0.0,0.0,False,False,False,unknown_tool
CodeLlama-13b,27846910,audit_only,True,False,False,0.6666666666666666,0.0,0.0,False,False,False,
CodeLlama-13b,27846910,field_match,True,True,False,0.6666666666666666,0.0,0.0,False,False,True,
CodeLlama-13b,27846910,field_match_compressed,True,True,False,0.6666666666666666,0.0,0.0,False,False,True,
CodeLlama-13b,27846910,full,True,True,False,0.6666666666666666,0.0,0.0,False,False,True,
CodeLlama-13b,21967137,audit_only,False,False,False,0.5,0.3333333333333333,0.3333333333333333,False,False,False,unknown_tool
CodeLlama-13b,21967137,field_match,False,False,False,0.5,0.3333333333333333,0.3333333333333333,False,False,False,unknown_tool
CodeLlama-13b,21967137,field_match_compressed,False,False,False,0.5,0.3333333333333333,0.3333333333333333,False,False,False,unknown_tool
CodeLlama-13b,21967137,full,False,False,False,0.5,0.3333333333333333,0.3333333333333333,False,False,False,unknown_tool
CodeLlama-13b,26669669,audit_only,True,True,True,1.0,1.0,1.0,True,True,False,
CodeLlama-13b,26669669,field_match,True,True,True,1.0,1.0,1.0,True,True,False,
CodeLlama-13b,26669669,field_match_compressed,True,True,True,1.0,1.0,1.0,True,True,False,
CodeLlama-13b,26669669,full,True,True,True,1.0,1.0,1.0,True,True,False,
CodeLlama-13b,16350464,audit_only,False,False,False,1.0,1.0,1.0,True,True,False,invalid_node_reference
CodeLlama-13b,16350464,field_match,False,False,False,1.0,1.0,1.0,True,True,False,invalid_node_reference
CodeLlama-13b,16350464,field_match_compressed,False,False,False,1.0,1.0,1.0,True,True,False,invalid_node_reference
CodeLlama-13b,16350464,full,False,False,False,1.0,1.0,1.0,True,True,False,invalid_node_reference
CodeLlama-13b,16388049,audit_only,True,True,True,1.0,1.0,1.0,True,True,False,
CodeLlama-13b,16388049,field_match,True,True,True,1.0,1.0,1.0,True,True,False,
CodeLlama-13b,16388049,field_match_compressed,True,True,True,1.0,1.0,1.0,True,True,False,
CodeLlama-13b,16388049,full,True,True,True,1.0,1.0,1.0,True,True,False,
CodeLlama-13b,15074132,audit_only,False,False,False,0.25,0.0,0.0,False,False,False,unknown_tool
CodeLlama-13b,15074132,field_match,False,False,False,0.25,0.0,0.0,False,False,False,unknown_tool
CodeLlama-13b,15074132,field_match_compressed,False,False,False,0.25,0.0,0.0,False,False,False,unknown_tool
CodeLlama-13b,15074132,full,False,False,False,0.25,0.0,0.0,False,False,False,unknown_tool
CodeLlama-13b,30476945,audit_only,False,False,False,0.4444444444444444,0.2857142857142857,0.2857142857142857,False,False,False,unknown_tool
CodeLlama-13b,30476945,field_match,False,False,False,0.4444444444444444,0.2857142857142857,0.2857142857142857,False,False,False,unknown_tool
CodeLlama-13b,30476945,field_match_compressed,False,False,False,0.4444444444444444,0.2857142857142857,0.2857142857142857,False,False,False,unknown_tool
CodeLlama-13b,30476945,full,False,False,False,0.4444444444444444,0.2857142857142857,0.2857142857142857,False,False,False,unknown_tool
CodeLlama-13b,16309918,audit_only,True,True,True,1.0,1.0,1.0,True,True,False,
CodeLlama-13b,16309918,field_match,True,True,True,1.0,1.0,1.0,True,True,False,
CodeLlama-13b,16309918,field_match_compressed,True,True,True,1.0,1.0,1.0,True,True,False,
CodeLlama-13b,16309918,full,True,True,True,1.0,1.0,1.0,True,True,False,
CodeLlama-13b,26855287,audit_only,True,True,True,1.0,1.0,1.0,True,True,False,
CodeLlama-13b,26855287,field_match,True,True,True,1.0,1.0,1.0,True,True,False,
CodeLlama-13b,26855287,field_match_compressed,True,True,True,1.0,1.0,1.0,True,True,False,
CodeLlama-13b,26855287,full,True,True,True,1.0,1.0,1.0,True,True,False,
CodeLlama-13b,25583572,audit_only,False,False,False,0.75,0.6666666666666666,0.6666666666666666,False,False,False,unknown_tool
CodeLlama-13b,25583572,field_match,False,False,False,0.75,0.6666666666666666,0.6666666666666666,False,False,False,unknown_tool
CodeLlama-13b,25583572,field_match_compressed,False,False,False,0.75,0.6666666666666666,0.6666666666666666,False,False,False,unknown_tool
CodeLlama-13b,25583572,full,False,False,False,0.75,0.6666666666666666,0.6666666666666666,False,False,False,unknown_tool
CodeLlama-13b,93261718,audit_only,True,False,True,0.8888888888888888,0.2857142857142857,0.2857142857142857,False,False,False,
CodeLlama-13b,93261718,field_match,True,True,True,0.8888888888888888,0.2857142857142857,0.3333333333333333,False,False,True,
CodeLlama-13b,93261718,field_match_compressed,True,True,True,0.8888888888888888,0.2857142857142857,0.3333333333333333,False,False,True,
CodeLlama-13b,93261718,full,True,True,True,0.8888888888888888,0.2857142857142857,0.3333333333333333,False,False,True,
CodeLlama-13b,90843890,audit_only,False,False,False,0.75,0.6666666666666666,0.6666666666666666,False,False,False,unknown_tool
CodeLlama-13b,90843890,field_match,False,False,False,0.75,0.6666666666666666,0.6666666666666666,False,False,False,unknown_tool
CodeLlama-13b,90843890,field_match_compressed,False,False,False,0.75,0.6666666666666666,0.6666666666666666,False,False,False,unknown_tool
CodeLlama-13b,90843890,full,False,False,False,0.75,0.6666666666666666,0.6666666666666666,False,False,False,unknown_tool
CodeLlama-13b,16930208,audit_only,True,False,True,0.6666666666666666,0.2857142857142857,0.2857142857142857,False,False,False,
CodeLlama-13b,16930208,field_match,True,True,True,0.6666666666666666,0.2857142857142857,0.3333333333333333,False,False,True,
CodeLlama-13b,16930208,field_match_compressed,True,True,True,0.6666666666666666,0.2857142857142857,0.3333333333333333,False,False,True,
CodeLlama-13b,16930208,full,True,True,True,0.6666666666666666,0.2857142857142857,0.3333333333333333,False,False,True,
CodeLlama-13b,22647679,audit_only,True,True,True,0.4,0.0,0.0,False,False,False,
CodeLlama-13b,22647679,field_match,True,True,True,0.4,0.0,0.0,False,False,False,
CodeLlama-13b,22647679,field_match_compressed,True,True,True,0.4,0.0,0.0,False,False,False,
CodeLlama-13b,22647679,full,True,True,True,0.4,0.0,0.0,False,False,False,
CodeLlama-13b,89914283,audit_only,False,False,False,0.4,0.0,0.0,False,False,False,invalid_node_reference
CodeLlama-13b,89914283,field_match,False,False,False,0.4,0.0,0.0,False,False,False,invalid_node_reference
CodeLlama-13b,89914283,field_match_compressed,False,False,False,0.4,0.0,0.0,False,False,False,invalid_node_reference
CodeLlama-13b,89914283,full,False,False,False,0.4,0.0,0.0,False,False,False,invalid_node_reference
CodeLlama-13b,21365429,audit_only,True,True,True,0.6666666666666666,0.5,0.5,False,False,False,
CodeLlama-13b,21365429,field_match,True,True,True,0.6666666666666666,0.5,0.5,False,False,False,
CodeLlama-13b,21365429,field_match_compressed,True,True,True,0.6666666666666666,0.5,0.5,False,False,False,
CodeLlama-13b,21365429,full,True,True,True,0.6666666666666666,0.5,0.5,False,False,False,
CodeLlama-13b,26731193,audit_only,True,True,True,1.0,1.0,1.0,True,True,False,
CodeLlama-13b,26731193,field_match,True,True,True,1.0,1.0,1.0,True,True,False,
CodeLlama-13b,26731193,field_match_compressed,True,True,True,1.0,1.0,1.0,True,True,False,
CodeLlama-13b,26731193,full,True,True,True,1.0,1.0,1.0,True,True,False,
CodeLlama-13b,24699286,audit_only,True,True,True,0.9333333333333333,0.7692307692307693,0.7692307692307693,False,False,False,
CodeLlama-13b,24699286,field_match,True,True,True,0.9333333333333333,0.7692307692307693,0.7692307692307693,False,False,False,
CodeLlama-13b,24699286,field_match_compressed,True,True,True,0.9333333333333333,0.7692307692307693,0.7692307692307693,False,False,False,
CodeLlama-13b,24699286,full,True,True,True,0.9333333333333333,0.7692307692307693,0.7692307692307693,False,False,False,
CodeLlama-13b,14310314,audit_only,False,False,False,0.36363636363636365,0.0,0.0,False,False,False,unknown_tool
CodeLlama-13b,14310314,field_match,False,False,False,0.36363636363636365,0.0,0.0,False,False,False,unknown_tool
CodeLlama-13b,14310314,field_match_compressed,False,False,False,0.36363636363636365,0.0,0.0,False,False,False,unknown_tool
CodeLlama-13b,14310314,full,False,False,False,0.36363636363636365,0.0,0.0,False,False,False,unknown_tool
CodeLlama-13b,22586908,audit_only,False,False,False,0.5,0.3333333333333333,0.3333333333333333,False,False,False,unknown_tool
CodeLlama-13b,22586908,field_match,False,False,False,0.5,0.3333333333333333,0.3333333333333333,False,False,False,unknown_tool
CodeLlama-13b,22586908,field_match_compressed,False,False,False,0.5,0.3333333333333333,0.3333333333333333,False,False,False,unknown_tool
CodeLlama-13b,22586908,full,False,False,False,0.5,0.3333333333333333,0.3333333333333333,False,False,False,unknown_tool
CodeLlama-13b,34175058,audit_only,False,False,False,0.3333333333333333,0.0,0.0,False,False,False,invalid_node_reference
CodeLlama-13b,34175058,field_match,False,False,False,0.3333333333333333,0.0,0.0,False,False,False,invalid_node_reference
CodeLlama-13b,34175058,field_match_compressed,False,False,False,0.3333333333333333,0.0,0.0,False,False,False,invalid_node_reference
CodeLlama-13b,34175058,full,False,False,False,0.3333333333333333,0.0,0.0,False,False,False,invalid_node_reference
CodeLlama-13b,32544701,audit_only,True,True,False,0.8571428571428571,0.0,0.0,False,False,False,
CodeLlama-13b,32544701,field_match,True,True,False,0.8571428571428571,0.0,0.0,False,False,False,
CodeLlama-13b,32544701,field_match_compressed,True,True,False,0.8571428571428571,0.0,0.0,False,False,False,
CodeLlama-13b,32544701,full,True,True,False,0.8571428571428571,0.0,0.0,False,False,False,
CodeLlama-13b,58602552,audit_only,False,False,False,0.6666666666666666,0.5,0.5,False,False,False,unknown_tool
CodeLlama-13b,58602552,field_match,False,False,False,0.6666666666666666,0.5,0.5,False,False,False,unknown_tool
CodeLlama-13b,58602552,field_match_compressed,False,False,False,0.6666666666666666,0.5,0.5,False,False,False,unknown_tool
CodeLlama-13b,58602552,full,False,False,False,0.6666666666666666,0.5,0.5,False,False,False,unknown_tool
CodeLlama-13b,63538844,audit_only,False,False,False,0.3333333333333333,0.0,0.0,False,False,False,unknown_tool
CodeLlama-13b,63538844,field_match,False,False,False,0.3333333333333333,0.0,0.0,False,False,False,unknown_tool
CodeLlama-13b,63538844,field_match_compressed,False,False,False,0.3333333333333333,0.0,0.0,False,False,False,unknown_tool
CodeLlama-13b,63538844,full,False,False,False,0.3333333333333333,0.0,0.0,False,False,False,unknown_tool
CodeLlama-13b,33081245,audit_only,False,False,False,0.3333333333333333,0.0,0.0,False,False,False,unknown_tool
CodeLlama-13b,33081245,field_match,False,False,False,0.3333333333333333,0.0,0.0,False,False,False,unknown_tool
CodeLlama-13b,33081245,field_match_compressed,False,False,False,0.3333333333333333,0.0,0.0,False,False,False,unknown_tool
CodeLlama-13b,33081245,full,False,False,False,0.3333333333333333,0.0,0.0,False,False,False,unknown_tool
CodeLlama-13b,30499284,audit_only,False,False,False,0.3333333333333333,0.0,0.0,False,False,False,unknown_tool
CodeLlama-13b,30499284,field_match,False,False,False,0.3333333333333333,0.0,0.0,False,False,False,unknown_tool
CodeLlama-13b,30499284,field_match_compressed,False,False,False,0.3333333333333333,0.0,0.0,False,False,False,unknown_tool
CodeLlama-13b,30499284,full,False,False,False,0.3333333333333333,0.0,0.0,False,False,False,unknown_tool
CodeLlama-13b,17920579,audit_only,True,True,True,1.0,1.0,1.0,True,True,False,
CodeLlama-13b,17920579,field_match,True,True,True,1.0,1.0,1.0,True,True,False,
CodeLlama-13b,17920579,field_match_compressed,True,True,True,1.0,1.0,1.0,True,True,False,
CodeLlama-13b,17920579,full,True,True,True,1.0,1.0,1.0,True,True,False,
CodeLlama-13b,44885018,audit_only,False,False,False,0.7058823529411765,0.5333333333333333,0.5333333333333333,False,False,False,unknown_tool
CodeLlama-13b,44885018,field_match,False,False,False,0.7058823529411765,0.5333333333333333,0.5333333333333333,False,False,False,unknown_tool
CodeLlama-13b,44885018,field_match_compressed,False,False,False,0.7058823529411765,0.5333333333333333,0.5333333333333333,False,False,False,unknown_tool
CodeLlama-13b,44885018,full,False,False,False,0.7058823529411765,0.5333333333333333,0.5333333333333333,False,False,False,unknown_tool
CodeLlama-13b,14102577,audit_only,False,False,False,0.3333333333333333,0.0,0.0,False,False,False,unknown_tool
CodeLlama-13b,14102577,field_match,False,False,False,0.3333333333333333,0.0,0.0,False,False,False,unknown_tool
CodeLlama-13b,14102577,field_match_compressed,False,False,False,0.3333333333333333,0.0,0.0,False,False,False,unknown_tool
CodeLlama-13b,14102577,full,False,False,False,0.3333333333333333,0.0,0.0,False,False,False,unknown_tool
CodeLlama-13b,20309569,audit_only,False,False,False,0.2857142857142857,0.0,0.0,False,False,False,unknown_tool
CodeLlama-13b,20309569,field_match,False,False,False,0.2857142857142857,0.0,0.0,False,False,False,unknown_tool
CodeLlama-13b,20309569,field_match_compressed,False,False,False,0.2857142857142857,0.0,0.0,False,False,False,unknown_tool
CodeLlama-13b,20309569,full,False,False,False,0.2857142857142857,0.0,0.0,False,False,False,unknown_tool
CodeLlama-13b,24547366,audit_only,False,False,False,0.8888888888888888,0.5,0.5,False,False,False,ambiguous_repeated_tool
CodeLlama-13b,24547366,field_match,False,False,False,0.8888888888888888,0.5,0.5,False,False,False,ambiguous_repeated_tool
CodeLlama-13b,24547366,field_match_compressed,False,False,False,0.8888888888888888,0.5,0.5,False,False,False,ambiguous_repeated_tool
CodeLlama-13b,24547366,full,False,False,False,0.8888888888888888,0.5,0.5,False,False,False,ambiguous_repeated_tool
CodeLlama-13b,20142480,audit_only,True,True,True,1.0,1.0,1.0,True,True,False,
CodeLlama-13b,20142480,field_match,True,True,True,1.0,1.0,1.0,True,True,False,
CodeLlama-13b,20142480,field_match_compressed,True,True,True,1.0,1.0,1.0,True,True,False,
CodeLlama-13b,20142480,full,True,True,True,1.0,1.0,1.0,True,True,False,
CodeLlama-13b,99627875,audit_only,False,False,False,0.5714285714285714,0.0,0.0,False,False,False,invalid_node_reference
CodeLlama-13b,99627875,field_match,False,False,False,0.5714285714285714,0.0,0.0,False,False,False,invalid_node_reference
CodeLlama-13b,99627875,field_match_compressed,False,False,False,0.5714285714285714,0.0,0.0,False,False,False,invalid_node_reference
CodeLlama-13b,99627875,full,False,False,False,0.5714285714285714,0.0,0.0,False,False,False,invalid_node_reference
CodeLlama-13b,26320836,audit_only,False,False,False,0.8888888888888888,0.5714285714285714,0.5714285714285714,False,False,False,invalid_node_reference
CodeLlama-13b,26320836,field_match,False,False,False,0.8888888888888888,0.5714285714285714,0.5714285714285714,False,False,False,invalid_node_reference
CodeLlama-13b,26320836,field_match_compressed,False,False,False,0.8888888888888888,0.5714285714285714,0.5714285714285714,False,False,False,invalid_node_reference
CodeLlama-13b,26320836,full,False,False,False,0.8888888888888888,0.5714285714285714,0.5714285714285714,False,False,False,invalid_node_reference
CodeLlama-13b,24124949,audit_only,True,False,True,1.0,1.0,1.0,True,True,False,
CodeLlama-13b,24124949,field_match,True,True,True,1.0,1.0,0.0,True,False,True,
CodeLlama-13b,24124949,field_match_compressed,True,True,True,1.0,1.0,0.0,True,False,True,
CodeLlama-13b,24124949,full,True,True,True,1.0,1.0,0.0,True,False,True,
CodeLlama-13b,11519463,audit_only,False,False,False,0.75,0.6666666666666666,0.6666666666666666,False,False,False,unknown_tool
CodeLlama-13b,11519463,field_match,False,False,False,0.75,0.6666666666666666,0.6666666666666666,False,False,False,unknown_tool
CodeLlama-13b,11519463,field_match_compressed,False,False,False,0.75,0.6666666666666666,0.6666666666666666,False,False,False,unknown_tool
CodeLlama-13b,11519463,full,False,False,False,0.75,0.6666666666666666,0.6666666666666666,False,False,False,unknown_tool
CodeLlama-13b,19400148,audit_only,True,True,False,0.5,0.0,0.0,False,False,False,
CodeLlama-13b,19400148,field_match,True,True,False,0.5,0.0,0.0,False,False,False,
CodeLlama-13b,19400148,field_match_compressed,True,True,False,0.5,0.0,0.0,False,False,False,
CodeLlama-13b,19400148,full,True,True,False,0.5,0.0,0.0,False,False,False,
CodeLlama-13b,16961385,audit_only,False,False,False,0.2857142857142857,0.0,0.0,False,False,False,unknown_tool
CodeLlama-13b,16961385,field_match,False,False,False,0.2857142857142857,0.0,0.0,False,False,False,unknown_tool
CodeLlama-13b,16961385,field_match_compressed,False,False,False,0.2857142857142857,0.0,0.0,False,False,False,unknown_tool
CodeLlama-13b,16961385,full,False,False,False,0.2857142857142857,0.0,0.0,False,False,False,unknown_tool
CodeLlama-13b,20478511,audit_only,True,True,False,0.5714285714285714,0.0,0.0,False,False,False,
CodeLlama-13b,20478511,field_match,True,True,False,0.5714285714285714,0.0,0.0,False,False,False,
CodeLlama-13b,20478511,field_match_compressed,True,True,False,0.5714285714285714,0.0,0.0,False,False,False,
CodeLlama-13b,20478511,full,True,True,False,0.5714285714285714,0.0,0.0,False,False,False,
CodeLlama-13b,23030261,audit_only,True,True,True,1.0,1.0,1.0,True,True,False,
CodeLlama-13b,23030261,field_match,True,True,True,1.0,1.0,1.0,True,True,False,
CodeLlama-13b,23030261,field_match_compressed,True,True,True,1.0,1.0,1.0,True,True,False,
CodeLlama-13b,23030261,full,True,True,True,1.0,1.0,1.0,True,True,False,
CodeLlama-13b,89828567,audit_only,False,False,False,0.4,0.0,0.0,False,False,False,unknown_tool
CodeLlama-13b,89828567,field_match,False,False,False,0.4,0.0,0.0,False,False,False,unknown_tool
CodeLlama-13b,89828567,field_match_compressed,False,False,False,0.4,0.0,0.0,False,False,False,unknown_tool
CodeLlama-13b,89828567,full,False,False,False,0.4,0.0,0.0,False,False,False,unknown_tool
CodeLlama-13b,59401546,audit_only,True,True,False,1.0,0.6666666666666666,0.6666666666666666,False,False,False,
CodeLlama-13b,59401546,field_match,True,True,False,1.0,0.6666666666666666,0.6666666666666666,False,False,False,
CodeLlama-13b,59401546,field_match_compressed,True,True,False,1.0,0.6666666666666666,0.6666666666666666,False,False,False,
CodeLlama-13b,59401546,full,True,True,False,1.0,0.6666666666666666,0.6666666666666666,False,False,False,
CodeLlama-13b,74421628,audit_only,True,True,False,0.4,0.0,0.0,False,False,False,
CodeLlama-13b,74421628,field_match,True,True,False,0.4,0.0,0.0,False,False,False,
CodeLlama-13b,74421628,field_match_compressed,True,True,False,0.4,0.0,0.0,False,False,False,
CodeLlama-13b,74421628,full,True,True,False,0.4,0.0,0.0,False,False,False,
CodeLlama-13b,32707898,audit_only,True,True,True,1.0,1.0,1.0,True,True,False,
CodeLlama-13b,32707898,field_match,True,True,True,1.0,1.0,1.0,True,True,False,
CodeLlama-13b,32707898,field_match_compressed,True,True,True,1.0,1.0,1.0,True,True,False,
CodeLlama-13b,32707898,full,True,True,True,1.0,1.0,1.0,True,True,False,
CodeLlama-13b,22729535,audit_only,False,False,False,0.3333333333333333,0.0,0.0,False,False,False,unknown_tool
CodeLlama-13b,22729535,field_match,False,False,False,0.3333333333333333,0.0,0.0,False,False,False,unknown_tool
CodeLlama-13b,22729535,field_match_compressed,False,False,False,0.3333333333333333,0.0,0.0,False,False,False,unknown_tool
CodeLlama-13b,22729535,full,False,False,False,0.3333333333333333,0.0,0.0,False,False,False,unknown_tool
CodeLlama-13b,89053569,audit_only,False,False,False,0.2857142857142857,0.0,0.0,False,False,False,unsupported_embedded_reference
CodeLlama-13b,89053569,field_match,False,False,False,0.2857142857142857,0.0,0.0,False,False,False,unsupported_embedded_reference
CodeLlama-13b,89053569,field_match_compressed,False,False,False,0.2857142857142857,0.0,0.0,False,False,False,unsupported_embedded_reference
CodeLlama-13b,89053569,full,False,False,False,0.2857142857142857,0.0,0.0,False,False,False,unsupported_embedded_reference
CodeLlama-13b,24563098,audit_only,True,True,False,0.2857142857142857,0.0,0.0,False,False,False,
CodeLlama-13b,24563098,field_match,True,True,False,0.2857142857142857,0.0,0.0,False,False,False,
CodeLlama-13b,24563098,field_match_compressed,True,True,False,0.2857142857142857,0.0,0.0,False,False,False,
CodeLlama-13b,24563098,full,True,True,False,0.2857142857142857,0.0,0.0,False,False,False,
CodeLlama-13b,19090704,audit_only,False,False,False,0.0,0.0,0.0,False,False,False,unknown_tool
CodeLlama-13b,19090704,field_match,False,False,False,0.0,0.0,0.0,False,False,False,unknown_tool
CodeLlama-13b,19090704,field_match_compressed,False,False,False,0.0,0.0,0.0,False,False,False,unknown_tool
CodeLlama-13b,19090704,full,False,False,False,0.0,0.0,0.0,False,False,False,unknown_tool
CodeLlama-13b,50089396,audit_only,False,False,False,0.25,0.0,0.0,False,False,False,unknown_tool
CodeLlama-13b,50089396,field_match,False,False,False,0.25,0.0,0.0,False,False,False,unknown_tool
CodeLlama-13b,50089396,field_match_compressed,False,False,False,0.25,0.0,0.0,False,False,False,unknown_tool
CodeLlama-13b,50089396,full,False,False,False,0.25,0.0,0.0,False,False,False,unknown_tool
CodeLlama-13b,27315800,audit_only,False,False,False,0.8571428571428571,0.6666666666666666,0.6666666666666666,False,False,False,unknown_tool
CodeLlama-13b,27315800,field_match,False,False,False,0.8571428571428571,0.6666666666666666,0.6666666666666666,False,False,False,unknown_tool
CodeLlama-13b,27315800,field_match_compressed,False,False,False,0.8571428571428571,0.6666666666666666,0.6666666666666666,False,False,False,unknown_tool
CodeLlama-13b,27315800,full,False,False,False,0.8571428571428571,0.6666666666666666,0.6666666666666666,False,False,False,unknown_tool
CodeLlama-13b,33648020,audit_only,False,False,False,0.6,0.0,0.0,False,False,False,invalid_node_reference
CodeLlama-13b,33648020,field_match,False,False,False,0.6,0.0,0.0,False,False,False,invalid_node_reference
CodeLlama-13b,33648020,field_match_compressed,False,False,False,0.6,0.0,0.0,False,False,False,invalid_node_reference
CodeLlama-13b,33648020,full,False,False,False,0.6,0.0,0.0,False,False,False,invalid_node_reference
CodeLlama-13b,27574214,audit_only,False,False,False,0.3333333333333333,0.0,0.0,False,False,False,invalid_node_reference
CodeLlama-13b,27574214,field_match,False,False,False,0.3333333333333333,0.0,0.0,False,False,False,invalid_node_reference
CodeLlama-13b,27574214,field_match_compressed,False,False,False,0.3333333333333333,0.0,0.0,False,False,False,invalid_node_reference
CodeLlama-13b,27574214,full,False,False,False,0.3333333333333333,0.0,0.0,False,False,False,invalid_node_reference
CodeLlama-13b,20507866,audit_only,False,False,False,0.6666666666666666,0.4,0.4,False,False,False,unknown_tool
CodeLlama-13b,20507866,field_match,False,False,False,0.6666666666666666,0.4,0.4,False,False,False,unknown_tool
CodeLlama-13b,20507866,field_match_compressed,False,False,False,0.6666666666666666,0.4,0.4,False,False,False,unknown_tool
CodeLlama-13b,20507866,full,False,False,False,0.6666666666666666,0.4,0.4,False,False,False,unknown_tool
CodeLlama-13b,89994246,audit_only,False,False,False,0.25,0.0,0.0,False,False,False,unknown_tool
CodeLlama-13b,89994246,field_match,False,False,False,0.25,0.0,0.0,False,False,False,unknown_tool
CodeLlama-13b,89994246,field_match_compressed,False,False,False,0.25,0.0,0.0,False,False,False,unknown_tool
CodeLlama-13b,89994246,full,False,False,False,0.25,0.0,0.0,False,False,False,unknown_tool
CodeLlama-13b,25606667,audit_only,False,False,False,0.36363636363636365,0.0,0.0,False,False,False,unknown_tool
CodeLlama-13b,25606667,field_match,False,False,False,0.36363636363636365,0.0,0.0,False,False,False,unknown_tool
CodeLlama-13b,25606667,field_match_compressed,False,False,False,0.36363636363636365,0.0,0.0,False,False,False,unknown_tool
CodeLlama-13b,25606667,full,False,False,False,0.36363636363636365,0.0,0.0,False,False,False,unknown_tool
CodeLlama-13b,17133898,audit_only,True,False,True,0.3333333333333333,0.0,0.0,False,False,False,
CodeLlama-13b,17133898,field_match,True,True,True,0.3333333333333333,0.0,0.0,False,False,True,
CodeLlama-13b,17133898,field_match_compressed,True,True,True,0.3333333333333333,0.0,0.0,False,False,True,
CodeLlama-13b,17133898,full,True,True,True,0.3333333333333333,0.0,0.0,False,False,True,
CodeLlama-13b,81525020,audit_only,False,False,False,0.6666666666666666,0.5,0.5,False,False,False,unknown_tool
CodeLlama-13b,81525020,field_match,False,False,False,0.6666666666666666,0.5,0.5,False,False,False,unknown_tool
CodeLlama-13b,81525020,field_match_compressed,False,False,False,0.6666666666666666,0.5,0.5,False,False,False,unknown_tool
CodeLlama-13b,81525020,full,False,False,False,0.6666666666666666,0.5,0.5,False,False,False,unknown_tool
CodeLlama-13b,18205955,audit_only,True,True,False,0.75,0.3333333333333333,0.3333333333333333,False,False,False,
CodeLlama-13b,18205955,field_match,True,True,False,0.75,0.3333333333333333,0.3333333333333333,False,False,False,
CodeLlama-13b,18205955,field_match_compressed,True,True,False,0.75,0.3333333333333333,0.3333333333333333,False,False,False,
CodeLlama-13b,18205955,full,True,True,False,0.75,0.3333333333333333,0.3333333333333333,False,False,False,
CodeLlama-13b,67540416,audit_only,True,True,False,0.4,0.0,0.0,False,False,False,
CodeLlama-13b,67540416,field_match,True,True,False,0.4,0.0,0.0,False,False,False,
CodeLlama-13b,67540416,field_match_compressed,True,True,False,0.4,0.0,0.0,False,False,False,
CodeLlama-13b,67540416,full,True,True,False,0.4,0.0,0.0,False,False,False,
CodeLlama-13b,31905835,audit_only,True,True,False,1.0,1.0,1.0,True,True,False,
CodeLlama-13b,31905835,field_match,True,True,False,1.0,1.0,1.0,True,True,False,
CodeLlama-13b,31905835,field_match_compressed,True,True,False,1.0,1.0,1.0,True,True,False,
CodeLlama-13b,31905835,full,True,True,False,1.0,1.0,1.0,True,True,False,
CodeLlama-13b,31092613,audit_only,True,True,True,1.0,1.0,1.0,True,True,False,
CodeLlama-13b,31092613,field_match,True,True,True,1.0,1.0,1.0,True,True,False,
CodeLlama-13b,31092613,field_match_compressed,True,True,True,1.0,1.0,1.0,True,True,False,
CodeLlama-13b,31092613,full,True,True,True,1.0,1.0,1.0,True,True,False,
CodeLlama-13b,49173717,audit_only,False,False,False,0.25,0.0,0.0,False,False,False,unknown_tool
CodeLlama-13b,49173717,field_match,False,False,False,0.25,0.0,0.0,False,False,False,unknown_tool
CodeLlama-13b,49173717,field_match_compressed,False,False,False,0.25,0.0,0.0,False,False,False,unknown_tool
CodeLlama-13b,49173717,full,False,False,False,0.25,0.0,0.0,False,False,False,unknown_tool
CodeLlama-13b,15716659,audit_only,False,False,False,0.2222222222222222,0.0,0.0,False,False,False,unknown_tool
CodeLlama-13b,15716659,field_match,False,False,False,0.2222222222222222,0.0,0.0,False,False,False,unknown_tool
CodeLlama-13b,15716659,field_match_compressed,False,False,False,0.2222222222222222,0.0,0.0,False,False,False,unknown_tool
CodeLlama-13b,15716659,full,False,False,False,0.2222222222222222,0.0,0.0,False,False,False,unknown_tool
CodeLlama-13b,32613208,audit_only,False,False,False,0.5,0.0,0.0,False,False,False,unknown_tool
CodeLlama-13b,32613208,field_match,False,False,False,0.5,0.0,0.0,False,False,False,unknown_tool
CodeLlama-13b,32613208,field_match_compressed,False,False,False,0.5,0.0,0.0,False,False,False,unknown_tool
CodeLlama-13b,32613208,full,False,False,False,0.5,0.0,0.0,False,False,False,unknown_tool
CodeLlama-13b,24020636,audit_only,False,False,False,0.0,0.0,0.0,False,False,False,unknown_tool
CodeLlama-13b,24020636,field_match,False,False,False,0.0,0.0,0.0,False,False,False,unknown_tool
CodeLlama-13b,24020636,field_match_compressed,False,False,False,0.0,0.0,0.0,False,False,False,unknown_tool
CodeLlama-13b,24020636,full,False,False,False,0.0,0.0,0.0,False,False,False,unknown_tool
CodeLlama-13b,29114190,audit_only,False,False,False,0.6,0.5,0.5,False,False,False,unknown_tool
CodeLlama-13b,29114190,field_match,False,False,False,0.6,0.5,0.5,False,False,False,unknown_tool
CodeLlama-13b,29114190,field_match_compressed,False,False,False,0.6,0.5,0.5,False,False,False,unknown_tool
CodeLlama-13b,29114190,full,False,False,False,0.6,0.5,0.5,False,False,False,unknown_tool
CodeLlama-13b,25687453,audit_only,False,False,False,0.6666666666666666,0.5,0.5,False,False,False,invalid_argument_container
CodeLlama-13b,25687453,field_match,False,False,False,0.6666666666666666,0.5,0.5,False,False,False,invalid_argument_container
CodeLlama-13b,25687453,field_match_compressed,False,False,False,0.6666666666666666,0.5,0.5,False,False,False,invalid_argument_container
CodeLlama-13b,25687453,full,False,False,False,0.6666666666666666,0.5,0.5,False,False,False,invalid_argument_container
CodeLlama-13b,14278121,audit_only,False,False,False,0.5,0.0,0.0,False,False,False,unknown_tool
CodeLlama-13b,14278121,field_match,False,False,False,0.5,0.0,0.0,False,False,False,unknown_tool
CodeLlama-13b,14278121,field_match_compressed,False,False,False,0.5,0.0,0.0,False,False,False,unknown_tool
CodeLlama-13b,14278121,full,False,False,False,0.5,0.0,0.0,False,False,False,unknown_tool
CodeLlama-13b,79295235,audit_only,False,False,False,0.5714285714285714,0.0,0.0,False,False,False,unknown_tool
CodeLlama-13b,79295235,field_match,False,False,False,0.5714285714285714,0.0,0.0,False,False,False,unknown_tool
CodeLlama-13b,79295235,field_match_compressed,False,False,False,0.5714285714285714,0.0,0.0,False,False,False,unknown_tool
CodeLlama-13b,79295235,full,False,False,False,0.5714285714285714,0.0,0.0,False,False,False,unknown_tool
CodeLlama-13b,20369799,audit_only,True,True,True,1.0,1.0,1.0,True,True,False,
CodeLlama-13b,20369799,field_match,True,True,True,1.0,1.0,1.0,True,True,False,
CodeLlama-13b,20369799,field_match_compressed,True,True,True,1.0,1.0,1.0,True,True,False,
CodeLlama-13b,20369799,full,True,True,True,1.0,1.0,1.0,True,True,False,
CodeLlama-13b,33215593,audit_only,True,True,False,1.0,0.0,0.0,False,False,False,
CodeLlama-13b,33215593,field_match,True,True,False,1.0,0.0,0.0,False,False,False,
CodeLlama-13b,33215593,field_match_compressed,True,True,False,1.0,0.0,0.0,False,False,False,
CodeLlama-13b,33215593,full,True,True,False,1.0,0.0,0.0,False,False,False,
CodeLlama-13b,59848791,audit_only,True,False,False,0.5,0.0,0.0,False,False,False,
CodeLlama-13b,59848791,field_match,True,True,False,0.5,0.0,0.0,False,False,True,
CodeLlama-13b,59848791,field_match_compressed,True,True,False,0.5,0.0,0.0,False,False,True,
CodeLlama-13b,59848791,full,True,True,False,0.5,0.0,0.0,False,False,True,
CodeLlama-13b,14600856,audit_only,True,True,False,0.6666666666666666,0.5,0.5,False,False,False,
CodeLlama-13b,14600856,field_match,True,True,False,0.6666666666666666,0.5,0.5,False,False,False,
CodeLlama-13b,14600856,field_match_compressed,True,True,False,0.6666666666666666,0.5,0.5,False,False,False,
CodeLlama-13b,14600856,full,True,True,False,0.6666666666666666,0.5,0.5,False,False,False,
CodeLlama-13b,10050429,audit_only,False,False,False,0.2857142857142857,0.0,0.0,False,False,False,unknown_tool
CodeLlama-13b,10050429,field_match,False,False,False,0.2857142857142857,0.0,0.0,False,False,False,unknown_tool
CodeLlama-13b,10050429,field_match_compressed,False,False,False,0.2857142857142857,0.0,0.0,False,False,False,unknown_tool
CodeLlama-13b,10050429,full,False,False,False,0.2857142857142857,0.0,0.0,False,False,False,unknown_tool
CodeLlama-13b,30733386,audit_only,False,False,False,0.25,0.0,0.0,False,False,False,unknown_tool
CodeLlama-13b,30733386,field_match,False,False,False,0.25,0.0,0.0,False,False,False,unknown_tool
CodeLlama-13b,30733386,field_match_compressed,False,False,False,0.25,0.0,0.0,False,False,False,unknown_tool
CodeLlama-13b,30733386,full,False,False,False,0.25,0.0,0.0,False,False,False,unknown_tool
CodeLlama-13b,19338535,audit_only,False,False,False,0.6666666666666666,0.0,0.0,False,False,False,unknown_tool
CodeLlama-13b,19338535,field_match,False,False,False,0.6666666666666666,0.0,0.0,False,False,False,unknown_tool
CodeLlama-13b,19338535,field_match_compressed,False,False,False,0.6666666666666666,0.0,0.0,False,False,False,unknown_tool
CodeLlama-13b,19338535,full,False,False,False,0.6666666666666666,0.0,0.0,False,False,False,unknown_tool
CodeLlama-13b,26422351,audit_only,False,False,False,0.15384615384615385,0.0,0.0,False,False,False,unknown_tool
CodeLlama-13b,26422351,field_match,False,False,False,0.15384615384615385,0.0,0.0,False,False,False,unknown_tool
CodeLlama-13b,26422351,field_match_compressed,False,False,False,0.15384615384615385,0.0,0.0,False,False,False,unknown_tool
CodeLlama-13b,26422351,full,False,False,False,0.15384615384615385,0.0,0.0,False,False,False,unknown_tool
CodeLlama-13b,11693201,audit_only,True,False,False,0.6666666666666666,0.0,0.0,False,False,False,
CodeLlama-13b,11693201,field_match,True,True,False,0.6666666666666666,0.0,0.0,False,False,True,
CodeLlama-13b,11693201,field_match_compressed,True,True,False,0.6666666666666666,0.0,0.0,False,False,True,
CodeLlama-13b,11693201,full,True,True,False,0.6666666666666666,0.0,0.0,False,False,True,
CodeLlama-13b,87101358,audit_only,False,False,False,0.75,0.42857142857142855,0.42857142857142855,False,False,False,unknown_tool
CodeLlama-13b,87101358,field_match,False,False,False,0.75,0.42857142857142855,0.42857142857142855,False,False,False,unknown_tool
CodeLlama-13b,87101358,field_match_compressed,False,False,False,0.75,0.42857142857142855,0.42857142857142855,False,False,False,unknown_tool
CodeLlama-13b,87101358,full,False,False,False,0.75,0.42857142857142855,0.42857142857142855,False,False,False,unknown_tool
CodeLlama-13b,15570591,audit_only,False,False,False,0.4,0.0,0.0,False,False,False,unknown_tool
CodeLlama-13b,15570591,field_match,False,False,False,0.4,0.0,0.0,False,False,False,unknown_tool
CodeLlama-13b,15570591,field_match_compressed,False,False,False,0.4,0.0,0.0,False,False,False,unknown_tool
CodeLlama-13b,15570591,full,False,False,False,0.4,0.0,0.0,False,False,False,unknown_tool
CodeLlama-13b,27292858,audit_only,False,False,False,0.8,0.6666666666666666,0.6666666666666666,False,False,False,unknown_tool
CodeLlama-13b,27292858,field_match,False,False,False,0.8,0.6666666666666666,0.6666666666666666,False,False,False,unknown_tool
CodeLlama-13b,27292858,field_match_compressed,False,False,False,0.8,0.6666666666666666,0.6666666666666666,False,False,False,unknown_tool
CodeLlama-13b,27292858,full,False,False,False,0.8,0.6666666666666666,0.6666666666666666,False,False,False,unknown_tool
CodeLlama-13b,14931745,audit_only,False,False,False,0.6666666666666666,0.0,0.0,False,False,False,unknown_tool
CodeLlama-13b,14931745,field_match,False,False,False,0.6666666666666666,0.0,0.0,False,False,False,unknown_tool
CodeLlama-13b,14931745,field_match_compressed,False,False,False,0.6666666666666666,0.0,0.0,False,False,False,unknown_tool
CodeLlama-13b,14931745,full,False,False,False,0.6666666666666666,0.0,0.0,False,False,False,unknown_tool
CodeLlama-13b,60446859,audit_only,False,False,False,0.75,0.6666666666666666,0.6666666666666666,False,False,False,invalid_argument_container
CodeLlama-13b,60446859,field_match,False,False,False,0.75,0.6666666666666666,0.6666666666666666,False,False,False,invalid_argument_container
CodeLlama-13b,60446859,field_match_compressed,False,False,False,0.75,0.6666666666666666,0.6666666666666666,False,False,False,invalid_argument_container
CodeLlama-13b,60446859,full,False,False,False,0.75,0.6666666666666666,0.6666666666666666,False,False,False,invalid_argument_container
CodeLlama-13b,31719847,audit_only,True,True,False,1.0,1.0,1.0,True,True,False,
CodeLlama-13b,31719847,field_match,True,True,False,1.0,1.0,1.0,True,True,False,
CodeLlama-13b,31719847,field_match_compressed,True,True,False,1.0,1.0,1.0,True,True,False,
CodeLlama-13b,31719847,full,True,True,False,1.0,1.0,1.0,True,True,False,
CodeLlama-13b,33636840,audit_only,False,False,False,0.25,0.0,0.0,False,False,False,unknown_tool
CodeLlama-13b,33636840,field_match,False,False,False,0.25,0.0,0.0,False,False,False,unknown_tool
CodeLlama-13b,33636840,field_match_compressed,False,False,False,0.25,0.0,0.0,False,False,False,unknown_tool
CodeLlama-13b,33636840,full,False,False,False,0.25,0.0,0.0,False,False,False,unknown_tool
CodeLlama-13b,42924647,audit_only,True,True,True,1.0,1.0,1.0,True,True,False,
CodeLlama-13b,42924647,field_match,True,True,True,1.0,1.0,1.0,True,True,False,
CodeLlama-13b,42924647,field_match_compressed,True,True,True,1.0,1.0,1.0,True,True,False,
CodeLlama-13b,42924647,full,True,True,True,1.0,1.0,1.0,True,True,False,
CodeLlama-13b,20911644,audit_only,False,False,False,0.5714285714285714,0.0,0.0,False,False,False,unknown_tool
CodeLlama-13b,20911644,field_match,False,False,False,0.5714285714285714,0.0,0.0,False,False,False,unknown_tool
CodeLlama-13b,20911644,field_match_compressed,False,False,False,0.5714285714285714,0.0,0.0,False,False,False,unknown_tool
CodeLlama-13b,20911644,full,False,False,False,0.5714285714285714,0.0,0.0,False,False,False,unknown_tool
CodeLlama-13b,15505366,audit_only,False,False,False,0.0,0.0,0.0,False,False,False,unknown_tool
CodeLlama-13b,15505366,field_match,False,False,False,0.0,0.0,0.0,False,False,False,unknown_tool
CodeLlama-13b,15505366,field_match_compressed,False,False,False,0.0,0.0,0.0,False,False,False,unknown_tool
CodeLlama-13b,15505366,full,False,False,False,0.0,0.0,0.0,False,False,False,unknown_tool
CodeLlama-13b,95753430,audit_only,True,True,False,0.2222222222222222,0.0,0.0,False,False,False,
CodeLlama-13b,95753430,field_match,True,True,False,0.2222222222222222,0.0,0.0,False,False,False,
CodeLlama-13b,95753430,field_match_compressed,True,True,False,0.2222222222222222,0.0,0.0,False,False,False,
CodeLlama-13b,95753430,full,True,True,False,0.2222222222222222,0.0,0.0,False,False,False,
CodeLlama-13b,27912137,audit_only,False,False,False,0.2857142857142857,0.0,0.0,False,False,False,unknown_tool
CodeLlama-13b,27912137,field_match,False,False,False,0.2857142857142857,0.0,0.0,False,False,False,unknown_tool
CodeLlama-13b,27912137,field_match_compressed,False,False,False,0.2857142857142857,0.0,0.0,False,False,False,unknown_tool
CodeLlama-13b,27912137,full,False,False,False,0.2857142857142857,0.0,0.0,False,False,False,unknown_tool
CodeLlama-13b,56678487,audit_only,False,False,False,0.7272727272727273,0.4444444444444444,0.4444444444444444,False,False,False,invalid_node_reference
CodeLlama-13b,56678487,field_match,False,False,False,0.7272727272727273,0.4444444444444444,0.4444444444444444,False,False,False,invalid_node_reference
CodeLlama-13b,56678487,field_match_compressed,False,False,False,0.7272727272727273,0.4444444444444444,0.4444444444444444,False,False,False,invalid_node_reference
CodeLlama-13b,56678487,full,False,False,False,0.7272727272727273,0.4444444444444444,0.4444444444444444,False,False,False,invalid_node_reference
CodeLlama-13b,54934009,audit_only,True,True,True,1.0,1.0,1.0,True,True,False,
CodeLlama-13b,54934009,field_match,True,True,True,1.0,1.0,1.0,True,True,False,
CodeLlama-13b,54934009,field_match_compressed,True,True,True,1.0,1.0,1.0,True,True,False,
CodeLlama-13b,54934009,full,True,True,True,1.0,1.0,1.0,True,True,False,
CodeLlama-13b,55821648,audit_only,False,False,False,0.0,0.0,0.0,False,False,False,unknown_tool
CodeLlama-13b,55821648,field_match,False,False,False,0.0,0.0,0.0,False,False,False,unknown_tool
CodeLlama-13b,55821648,field_match_compressed,False,False,False,0.0,0.0,0.0,False,False,False,unknown_tool
CodeLlama-13b,55821648,full,False,False,False,0.0,0.0,0.0,False,False,False,unknown_tool
CodeLlama-13b,54753899,audit_only,False,False,False,0.5714285714285714,0.0,0.0,False,False,False,unknown_tool
CodeLlama-13b,54753899,field_match,False,False,False,0.5714285714285714,0.0,0.0,False,False,False,unknown_tool
CodeLlama-13b,54753899,field_match_compressed,False,False,False,0.5714285714285714,0.0,0.0,False,False,False,unknown_tool
CodeLlama-13b,54753899,full,False,False,False,0.5714285714285714,0.0,0.0,False,False,False,unknown_tool
CodeLlama-13b,10320078,audit_only,True,True,True,0.5,0.0,0.0,False,False,False,
CodeLlama-13b,10320078,field_match,True,True,True,0.5,0.0,0.0,False,False,False,
CodeLlama-13b,10320078,field_match_compressed,True,True,True,0.5,0.0,0.0,False,False,False,
CodeLlama-13b,10320078,full,True,True,True,0.5,0.0,0.0,False,False,False,
CodeLlama-13b,17180350,audit_only,False,False,False,0.0,0.0,0.0,False,False,False,invalid_node_reference
CodeLlama-13b,17180350,field_match,False,False,False,0.0,0.0,0.0,False,False,False,invalid_node_reference
CodeLlama-13b,17180350,field_match_compressed,False,False,False,0.0,0.0,0.0,False,False,False,invalid_node_reference
CodeLlama-13b,17180350,full,False,False,False,0.0,0.0,0.0,False,False,False,invalid_node_reference
CodeLlama-13b,22077941,audit_only,True,True,True,0.6666666666666666,0.2857142857142857,0.2857142857142857,False,False,False,
CodeLlama-13b,22077941,field_match,True,True,True,0.6666666666666666,0.2857142857142857,0.2857142857142857,False,False,False,
CodeLlama-13b,22077941,field_match_compressed,True,True,True,0.6666666666666666,0.2857142857142857,0.2857142857142857,False,False,False,
CodeLlama-13b,22077941,full,True,True,True,0.6666666666666666,0.2857142857142857,0.2857142857142857,False,False,False,
CodeLlama-13b,10330022,audit_only,True,True,False,0.3333333333333333,0.0,0.0,False,False,False,
CodeLlama-13b,10330022,field_match,True,True,False,0.3333333333333333,0.0,0.0,False,False,False,
CodeLlama-13b,10330022,field_match_compressed,True,True,False,0.3333333333333333,0.0,0.0,False,False,False,
CodeLlama-13b,10330022,full,True,True,False,0.3333333333333333,0.0,0.0,False,False,False,
CodeLlama-13b,26252440,audit_only,False,False,False,0.3333333333333333,0.0,0.0,False,False,False,unknown_tool
CodeLlama-13b,26252440,field_match,False,False,False,0.3333333333333333,0.0,0.0,False,False,False,unknown_tool
CodeLlama-13b,26252440,field_match_compressed,False,False,False,0.3333333333333333,0.0,0.0,False,False,False,unknown_tool
CodeLlama-13b,26252440,full,False,False,False,0.3333333333333333,0.0,0.0,False,False,False,unknown_tool
CodeLlama-13b,31085942,audit_only,True,False,False,0.6666666666666666,0.2857142857142857,0.2857142857142857,False,False,False,
CodeLlama-13b,31085942,field_match,True,True,False,0.6666666666666666,0.2857142857142857,0.3333333333333333,False,False,True,
CodeLlama-13b,31085942,field_match_compressed,True,True,False,0.6666666666666666,0.2857142857142857,0.3333333333333333,False,False,True,
CodeLlama-13b,31085942,full,True,True,False,0.6666666666666666,0.2857142857142857,0.3333333333333333,False,False,True,
CodeLlama-13b,30327512,audit_only,True,True,True,1.0,1.0,1.0,True,True,False,
CodeLlama-13b,30327512,field_match,True,True,True,1.0,1.0,1.0,True,True,False,
CodeLlama-13b,30327512,field_match_compressed,True,True,True,1.0,1.0,1.0,True,True,False,
CodeLlama-13b,30327512,full,True,True,True,1.0,1.0,1.0,True,True,False,
CodeLlama-13b,22751188,audit_only,False,False,False,0.6666666666666666,0.0,0.0,False,False,False,unknown_tool
CodeLlama-13b,22751188,field_match,False,False,False,0.6666666666666666,0.0,0.0,False,False,False,unknown_tool
CodeLlama-13b,22751188,field_match_compressed,False,False,False,0.6666666666666666,0.0,0.0,False,False,False,unknown_tool
CodeLlama-13b,22751188,full,False,False,False,0.6666666666666666,0.0,0.0,False,False,False,unknown_tool
CodeLlama-13b,15141261,audit_only,False,False,False,0.0,0.0,0.0,False,False,False,unknown_tool
CodeLlama-13b,15141261,field_match,False,False,False,0.0,0.0,0.0,False,False,False,unknown_tool
CodeLlama-13b,15141261,field_match_compressed,False,False,False,0.0,0.0,0.0,False,False,False,unknown_tool
CodeLlama-13b,15141261,full,False,False,False,0.0,0.0,0.0,False,False,False,unknown_tool
CodeLlama-13b,53380984,audit_only,True,True,False,0.3333333333333333,0.0,0.0,False,False,False,
CodeLlama-13b,53380984,field_match,True,True,False,0.3333333333333333,0.0,0.0,False,False,False,
CodeLlama-13b,53380984,field_match_compressed,True,True,False,0.3333333333333333,0.0,0.0,False,False,False,
CodeLlama-13b,53380984,full,True,True,False,0.3333333333333333,0.0,0.0,False,False,False,
CodeLlama-13b,29134930,audit_only,True,True,False,0.9090909090909091,0.6666666666666666,0.6666666666666666,False,False,False,
CodeLlama-13b,29134930,field_match,True,True,False,0.9090909090909091,0.6666666666666666,0.6666666666666666,False,False,False,
CodeLlama-13b,29134930,field_match_compressed,True,True,False,0.9090909090909091,0.6666666666666666,0.6666666666666666,False,False,False,
CodeLlama-13b,29134930,full,True,True,False,0.9090909090909091,0.6666666666666666,0.6666666666666666,False,False,False,
CodeLlama-13b,11060040,audit_only,False,False,False,0.3333333333333333,0.0,0.0,False,False,False,unknown_tool
CodeLlama-13b,11060040,field_match,False,False,False,0.3333333333333333,0.0,0.0,False,False,False,unknown_tool
CodeLlama-13b,11060040,field_match_compressed,False,False,False,0.3333333333333333,0.0,0.0,False,False,False,unknown_tool
CodeLlama-13b,11060040,full,False,False,False,0.3333333333333333,0.0,0.0,False,False,False,unknown_tool
CodeLlama-13b,23152737,audit_only,False,False,False,0.5714285714285714,0.16666666666666666,0.16666666666666666,False,False,False,unknown_tool
CodeLlama-13b,23152737,field_match,False,False,False,0.5714285714285714,0.16666666666666666,0.16666666666666666,False,False,False,unknown_tool
CodeLlama-13b,23152737,field_match_compressed,False,False,False,0.5714285714285714,0.16666666666666666,0.16666666666666666,False,False,False,unknown_tool
CodeLlama-13b,23152737,full,False,False,False,0.5714285714285714,0.16666666666666666,0.16666666666666666,False,False,False,unknown_tool
CodeLlama-13b,24031668,audit_only,True,True,True,1.0,1.0,1.0,True,True,False,
CodeLlama-13b,24031668,field_match,True,True,True,1.0,1.0,1.0,True,True,False,
CodeLlama-13b,24031668,field_match_compressed,True,True,True,1.0,1.0,1.0,True,True,False,
CodeLlama-13b,24031668,full,True,True,True,1.0,1.0,1.0,True,True,False,
CodeLlama-13b,59925132,audit_only,False,False,False,0.0,0.0,0.0,False,False,False,unknown_tool
CodeLlama-13b,59925132,field_match,False,False,False,0.0,0.0,0.0,False,False,False,unknown_tool
CodeLlama-13b,59925132,field_match_compressed,False,False,False,0.0,0.0,0.0,False,False,False,unknown_tool
CodeLlama-13b,59925132,full,False,False,False,0.0,0.0,0.0,False,False,False,unknown_tool
CodeLlama-13b,15275044,audit_only,False,False,False,0.6666666666666666,0.0,0.0,False,False,False,unknown_tool
CodeLlama-13b,15275044,field_match,False,False,False,0.6666666666666666,0.0,0.0,False,False,False,unknown_tool
CodeLlama-13b,15275044,field_match_compressed,False,False,False,0.6666666666666666,0.0,0.0,False,False,False,unknown_tool
CodeLlama-13b,15275044,full,False,False,False,0.6666666666666666,0.0,0.0,False,False,False,unknown_tool
CodeLlama-13b,18902420,audit_only,False,False,False,0.2857142857142857,0.0,0.0,False,False,False,invalid_node_reference
CodeLlama-13b,18902420,field_match,False,False,False,0.2857142857142857,0.0,0.0,False,False,False,invalid_node_reference
CodeLlama-13b,18902420,field_match_compressed,False,False,False,0.2857142857142857,0.0,0.0,False,False,False,invalid_node_reference
CodeLlama-13b,18902420,full,False,False,False,0.2857142857142857,0.0,0.0,False,False,False,invalid_node_reference
CodeLlama-13b,24425303,audit_only,True,True,False,0.5454545454545454,0.4444444444444444,0.4444444444444444,False,False,False,
CodeLlama-13b,24425303,field_match,True,True,False,0.5454545454545454,0.4444444444444444,0.4444444444444444,False,False,False,
CodeLlama-13b,24425303,field_match_compressed,True,True,False,0.5454545454545454,0.4444444444444444,0.4444444444444444,False,False,False,
CodeLlama-13b,24425303,full,True,True,False,0.5454545454545454,0.4444444444444444,0.4444444444444444,False,False,False,
CodeLlama-13b,33263743,audit_only,False,False,False,0.6666666666666666,0.0,0.0,False,False,False,unknown_tool
CodeLlama-13b,33263743,field_match,False,False,False,0.6666666666666666,0.0,0.0,False,False,False,unknown_tool
CodeLlama-13b,33263743,field_match_compressed,False,False,False,0.6666666666666666,0.0,0.0,False,False,False,unknown_tool
CodeLlama-13b,33263743,full,False,False,False,0.6666666666666666,0.0,0.0,False,False,False,unknown_tool
CodeLlama-13b,96341237,audit_only,False,False,False,0.6666666666666666,0.0,0.0,False,False,False,unknown_tool
CodeLlama-13b,96341237,field_match,False,False,False,0.6666666666666666,0.0,0.0,False,False,False,unknown_tool
CodeLlama-13b,96341237,field_match_compressed,False,False,False,0.6666666666666666,0.0,0.0,False,False,False,unknown_tool
CodeLlama-13b,96341237,full,False,False,False,0.6666666666666666,0.0,0.0,False,False,False,unknown_tool
CodeLlama-13b,23608191,audit_only,False,False,False,0.75,0.6666666666666666,0.6666666666666666,False,False,False,unknown_tool
CodeLlama-13b,23608191,field_match,False,False,False,0.75,0.6666666666666666,0.6666666666666666,False,False,False,unknown_tool
CodeLlama-13b,23608191,field_match_compressed,False,False,False,0.75,0.6666666666666666,0.6666666666666666,False,False,False,unknown_tool
CodeLlama-13b,23608191,full,False,False,False,0.75,0.6666666666666666,0.6666666666666666,False,False,False,unknown_tool
CodeLlama-13b,29493415,audit_only,False,False,False,0.75,0.6666666666666666,0.6666666666666666,False,False,False,unknown_tool
CodeLlama-13b,29493415,field_match,False,False,False,0.75,0.6666666666666666,0.6666666666666666,False,False,False,unknown_tool
CodeLlama-13b,29493415,field_match_compressed,False,False,False,0.75,0.6666666666666666,0.6666666666666666,False,False,False,unknown_tool
CodeLlama-13b,29493415,full,False,False,False,0.75,0.6666666666666666,0.6666666666666666,False,False,False,unknown_tool
CodeLlama-13b,16005844,audit_only,True,True,False,0.5714285714285714,0.0,0.0,False,False,False,
CodeLlama-13b,16005844,field_match,True,True,False,0.5714285714285714,0.0,0.0,False,False,False,
CodeLlama-13b,16005844,field_match_compressed,True,True,False,0.5714285714285714,0.0,0.0,False,False,False,
CodeLlama-13b,16005844,full,True,True,False,0.5714285714285714,0.0,0.0,False,False,False,
CodeLlama-13b,13268295,audit_only,True,True,False,0.8571428571428571,0.4,0.4,False,False,False,
CodeLlama-13b,13268295,field_match,True,True,False,0.8571428571428571,0.4,0.4,False,False,False,
CodeLlama-13b,13268295,field_match_compressed,True,True,False,0.8571428571428571,0.4,0.4,False,False,False,
CodeLlama-13b,13268295,full,True,True,False,0.8571428571428571,0.4,0.4,False,False,False,
CodeLlama-13b,63586942,audit_only,True,True,False,0.25,0.0,0.0,False,False,False,
CodeLlama-13b,63586942,field_match,True,True,False,0.25,0.0,0.0,False,False,False,
CodeLlama-13b,63586942,field_match_compressed,True,True,False,0.25,0.0,0.0,False,False,False,
CodeLlama-13b,63586942,full,True,True,False,0.25,0.0,0.0,False,False,False,
CodeLlama-13b,68780357,audit_only,True,False,False,0.4,0.0,0.0,False,False,False,
CodeLlama-13b,68780357,field_match,True,True,False,0.4,0.0,0.0,False,False,True,
CodeLlama-13b,68780357,field_match_compressed,True,True,False,0.4,0.0,0.0,False,False,True,
CodeLlama-13b,68780357,full,True,True,False,0.4,0.0,0.0,False,False,True,
CodeLlama-13b,73317651,audit_only,True,False,False,0.8,0.5,0.5,False,False,False,
CodeLlama-13b,73317651,field_match,True,True,False,0.8,0.5,0.2857142857142857,False,False,True,
CodeLlama-13b,73317651,field_match_compressed,True,True,False,0.8,0.5,0.2857142857142857,False,False,True,
CodeLlama-13b,73317651,full,True,True,False,0.8,0.5,0.2857142857142857,False,False,True,
CodeLlama-13b,14414379,audit_only,True,True,True,1.0,1.0,1.0,True,True,False,
CodeLlama-13b,14414379,field_match,True,True,True,1.0,1.0,1.0,True,True,False,
CodeLlama-13b,14414379,field_match_compressed,True,True,True,1.0,1.0,1.0,True,True,False,
CodeLlama-13b,14414379,full,True,True,True,1.0,1.0,1.0,True,True,False,
CodeLlama-13b,86004399,audit_only,False,False,False,0.75,0.3333333333333333,0.3333333333333333,False,False,False,unknown_tool
CodeLlama-13b,86004399,field_match,False,False,False,0.75,0.3333333333333333,0.3333333333333333,False,False,False,unknown_tool
CodeLlama-13b,86004399,field_match_compressed,False,False,False,0.75,0.3333333333333333,0.3333333333333333,False,False,False,unknown_tool
CodeLlama-13b,86004399,full,False,False,False,0.75,0.3333333333333333,0.3333333333333333,False,False,False,unknown_tool
CodeLlama-13b,22527213,audit_only,True,True,True,0.6666666666666666,0.5,0.5,False,False,False,
CodeLlama-13b,22527213,field_match,True,True,True,0.6666666666666666,0.5,0.5,False,False,False,
CodeLlama-13b,22527213,field_match_compressed,True,True,True,0.6666666666666666,0.5,0.5,False,False,False,
CodeLlama-13b,22527213,full,True,True,True,0.6666666666666666,0.5,0.5,False,False,False,
CodeLlama-13b,20640286,audit_only,True,True,True,1.0,1.0,1.0,True,True,False,
CodeLlama-13b,20640286,field_match,True,True,True,1.0,1.0,1.0,True,True,False,
CodeLlama-13b,20640286,field_match_compressed,True,True,True,1.0,1.0,1.0,True,True,False,
CodeLlama-13b,20640286,full,True,True,True,1.0,1.0,1.0,True,True,False,
CodeLlama-13b,26448700,audit_only,False,False,False,0.5,0.3333333333333333,0.3333333333333333,False,False,False,invalid_argument_container
CodeLlama-13b,26448700,field_match,False,False,False,0.5,0.3333333333333333,0.3333333333333333,False,False,False,invalid_argument_container
CodeLlama-13b,26448700,field_match_compressed,False,False,False,0.5,0.3333333333333333,0.3333333333333333,False,False,False,invalid_argument_container
CodeLlama-13b,26448700,full,False,False,False,0.5,0.3333333333333333,0.3333333333333333,False,False,False,invalid_argument_container
CodeLlama-13b,90854784,audit_only,True,True,False,0.8888888888888888,0.8571428571428571,0.8571428571428571,False,False,False,
CodeLlama-13b,90854784,field_match,True,True,False,0.8888888888888888,0.8571428571428571,0.8571428571428571,False,False,False,
CodeLlama-13b,90854784,field_match_compressed,True,True,False,0.8888888888888888,0.8571428571428571,0.8571428571428571,False,False,False,
CodeLlama-13b,90854784,full,True,True,False,0.8888888888888888,0.8571428571428571,0.8571428571428571,False,False,False,
CodeLlama-13b,25676805,audit_only,False,False,False,0.0,0.0,0.0,False,False,False,unknown_tool
CodeLlama-13b,25676805,field_match,False,False,False,0.0,0.0,0.0,False,False,False,unknown_tool
CodeLlama-13b,25676805,field_match_compressed,False,False,False,0.0,0.0,0.0,False,False,False,unknown_tool
CodeLlama-13b,25676805,full,False,False,False,0.0,0.0,0.0,False,False,False,unknown_tool
CodeLlama-13b,10769461,audit_only,False,False,False,1.0,1.0,1.0,True,True,False,invalid_node_reference
CodeLlama-13b,10769461,field_match,False,False,False,1.0,1.0,1.0,True,True,False,invalid_node_reference
CodeLlama-13b,10769461,field_match_compressed,False,False,False,1.0,1.0,1.0,True,True,False,invalid_node_reference
CodeLlama-13b,10769461,full,False,False,False,1.0,1.0,1.0,True,True,False,invalid_node_reference
CodeLlama-13b,11357103,audit_only,False,False,False,0.3333333333333333,0.0,0.0,False,False,False,unknown_tool
CodeLlama-13b,11357103,field_match,False,False,False,0.3333333333333333,0.0,0.0,False,False,False,unknown_tool
CodeLlama-13b,11357103,field_match_compressed,False,False,False,0.3333333333333333,0.0,0.0,False,False,False,unknown_tool
CodeLlama-13b,11357103,full,False,False,False,0.3333333333333333,0.0,0.0,False,False,False,unknown_tool
CodeLlama-13b,21012060,audit_only,True,True,False,0.5,0.3333333333333333,0.3333333333333333,False,False,False,
CodeLlama-13b,21012060,field_match,True,True,False,0.5,0.3333333333333333,0.3333333333333333,False,False,False,
CodeLlama-13b,21012060,field_match_compressed,True,True,False,0.5,0.3333333333333333,0.3333333333333333,False,False,False,
CodeLlama-13b,21012060,full,True,True,False,0.5,0.3333333333333333,0.3333333333333333,False,False,False,
CodeLlama-13b,23875699,audit_only,True,True,False,0.4,0.25,0.25,False,False,False,
CodeLlama-13b,23875699,field_match,True,True,False,0.4,0.25,0.25,False,False,False,
CodeLlama-13b,23875699,field_match_compressed,True,True,False,0.4,0.25,0.25,False,False,False,
CodeLlama-13b,23875699,full,True,True,False,0.4,0.25,0.25,False,False,False,
CodeLlama-13b,12616733,audit_only,False,False,False,0.0,0.0,0.0,False,False,False,unknown_tool
CodeLlama-13b,12616733,field_match,False,False,False,0.0,0.0,0.0,False,False,False,unknown_tool
CodeLlama-13b,12616733,field_match_compressed,False,False,False,0.0,0.0,0.0,False,False,False,unknown_tool
CodeLlama-13b,12616733,full,False,False,False,0.0,0.0,0.0,False,False,False,unknown_tool
CodeLlama-13b,25303450,audit_only,True,True,False,0.8333333333333334,0.8,0.8,False,False,False,
CodeLlama-13b,25303450,field_match,True,True,False,0.8333333333333334,0.8,0.8,False,False,False,
CodeLlama-13b,25303450,field_match_compressed,True,True,False,0.8333333333333334,0.8,0.8,False,False,False,
CodeLlama-13b,25303450,full,True,True,False,0.8333333333333334,0.8,0.8,False,False,False,
CodeLlama-13b,30829675,audit_only,False,False,False,0.0,0.0,0.0,False,False,False,unknown_tool
CodeLlama-13b,30829675,field_match,False,False,False,0.0,0.0,0.0,False,False,False,unknown_tool
CodeLlama-13b,30829675,field_match_compressed,False,False,False,0.0,0.0,0.0,False,False,False,unknown_tool
CodeLlama-13b,30829675,full,False,False,False,0.0,0.0,0.0,False,False,False,unknown_tool
CodeLlama-13b,21660053,audit_only,True,True,False,1.0,1.0,1.0,True,True,False,
CodeLlama-13b,21660053,field_match,True,True,False,1.0,1.0,1.0,True,True,False,
CodeLlama-13b,21660053,field_match_compressed,True,True,False,1.0,1.0,1.0,True,True,False,
CodeLlama-13b,21660053,full,True,True,False,1.0,1.0,1.0,True,True,False,
CodeLlama-13b,18488825,audit_only,False,False,False,0.5714285714285714,0.0,0.0,False,False,False,unknown_tool
CodeLlama-13b,18488825,field_match,False,False,False,0.5714285714285714,0.0,0.0,False,False,False,unknown_tool
CodeLlama-13b,18488825,field_match_compressed,False,False,False,0.5714285714285714,0.0,0.0,False,False,False,unknown_tool
CodeLlama-13b,18488825,full,False,False,False,0.5714285714285714,0.0,0.0,False,False,False,unknown_tool
CodeLlama-13b,21812478,audit_only,False,False,False,0.3333333333333333,0.0,0.0,False,False,False,unknown_tool
CodeLlama-13b,21812478,field_match,False,False,False,0.3333333333333333,0.0,0.0,False,False,False,unknown_tool
CodeLlama-13b,21812478,field_match_compressed,False,False,False,0.3333333333333333,0.0,0.0,False,False,False,unknown_tool
CodeLlama-13b,21812478,full,False,False,False,0.3333333333333333,0.0,0.0,False,False,False,unknown_tool
CodeLlama-13b,96651044,audit_only,False,False,False,1.0,1.0,1.0,True,True,False,invalid_node_reference
CodeLlama-13b,96651044,field_match,False,False,False,1.0,1.0,1.0,True,True,False,invalid_node_reference
CodeLlama-13b,96651044,field_match_compressed,False,False,False,1.0,1.0,1.0,True,True,False,invalid_node_reference
CodeLlama-13b,96651044,full,False,False,False,1.0,1.0,1.0,True,True,False,invalid_node_reference
CodeLlama-13b,94814619,audit_only,True,True,False,0.8,0.6666666666666666,0.6666666666666666,False,False,False,
CodeLlama-13b,94814619,field_match,True,True,False,0.8,0.6666666666666666,0.6666666666666666,False,False,False,
CodeLlama-13b,94814619,field_match_compressed,True,True,False,0.8,0.6666666666666666,0.6666666666666666,False,False,False,
CodeLlama-13b,94814619,full,True,True,False,0.8,0.6666666666666666,0.6666666666666666,False,False,False,
CodeLlama-13b,83814528,audit_only,False,False,False,0.0,0.0,0.0,False,False,False,unknown_tool
CodeLlama-13b,83814528,field_match,False,False,False,0.0,0.0,0.0,False,False,False,unknown_tool
CodeLlama-13b,83814528,field_match_compressed,False,False,False,0.0,0.0,0.0,False,False,False,unknown_tool
CodeLlama-13b,83814528,full,False,False,False,0.0,0.0,0.0,False,False,False,unknown_tool
CodeLlama-13b,83219429,audit_only,False,False,False,0.4444444444444444,0.0,0.0,False,False,False,invalid_node_reference
CodeLlama-13b,83219429,field_match,False,False,False,0.4444444444444444,0.0,0.0,False,False,False,invalid_node_reference
CodeLlama-13b,83219429,field_match_compressed,False,False,False,0.4444444444444444,0.0,0.0,False,False,False,invalid_node_reference
CodeLlama-13b,83219429,full,False,False,False,0.4444444444444444,0.0,0.0,False,False,False,invalid_node_reference
CodeLlama-13b,29201002,audit_only,True,True,False,1.0,1.0,1.0,True,True,False,
CodeLlama-13b,29201002,field_match,True,True,False,1.0,1.0,1.0,True,True,False,
CodeLlama-13b,29201002,field_match_compressed,True,True,False,1.0,1.0,1.0,True,True,False,
CodeLlama-13b,29201002,full,True,True,False,1.0,1.0,1.0,True,True,False,
CodeLlama-13b,28688470,audit_only,True,True,True,0.8,0.6666666666666666,0.6666666666666666,False,False,False,
CodeLlama-13b,28688470,field_match,True,True,True,0.8,0.6666666666666666,0.6666666666666666,False,False,False,
CodeLlama-13b,28688470,field_match_compressed,True,True,True,0.8,0.6666666666666666,0.6666666666666666,False,False,False,
CodeLlama-13b,28688470,full,True,True,True,0.8,0.6666666666666666,0.6666666666666666,False,False,False,
CodeLlama-13b,77607824,audit_only,True,False,False,0.3333333333333333,0.0,0.0,False,False,False,
CodeLlama-13b,77607824,field_match,True,True,False,0.3333333333333333,0.0,0.0,False,False,True,
CodeLlama-13b,77607824,field_match_compressed,True,True,False,0.3333333333333333,0.0,0.0,False,False,True,
CodeLlama-13b,77607824,full,True,True,False,0.3333333333333333,0.0,0.0,False,False,True,
CodeLlama-13b,10583992,audit_only,True,True,False,0.6666666666666666,0.5714285714285714,0.5714285714285714,False,False,False,
CodeLlama-13b,10583992,field_match,True,True,False,0.6666666666666666,0.5714285714285714,0.5714285714285714,False,False,False,
CodeLlama-13b,10583992,field_match_compressed,True,True,False,0.6666666666666666,0.5714285714285714,0.5714285714285714,False,False,False,
CodeLlama-13b,10583992,full,True,True,False,0.6666666666666666,0.5714285714285714,0.5714285714285714,False,False,False,
CodeLlama-13b,75616216,audit_only,False,False,False,0.2857142857142857,0.0,0.0,False,False,False,unknown_tool
CodeLlama-13b,75616216,field_match,False,False,False,0.2857142857142857,0.0,0.0,False,False,False,unknown_tool
CodeLlama-13b,75616216,field_match_compressed,False,False,False,0.2857142857142857,0.0,0.0,False,False,False,unknown_tool
CodeLlama-13b,75616216,full,False,False,False,0.2857142857142857,0.0,0.0,False,False,False,unknown_tool
CodeLlama-13b,29522974,audit_only,False,False,False,0.75,0.6666666666666666,0.6666666666666666,False,False,False,unknown_tool
CodeLlama-13b,29522974,field_match,False,False,False,0.75,0.6666666666666666,0.6666666666666666,False,False,False,unknown_tool
CodeLlama-13b,29522974,field_match_compressed,False,False,False,0.75,0.6666666666666666,0.6666666666666666,False,False,False,unknown_tool
CodeLlama-13b,29522974,full,False,False,False,0.75,0.6666666666666666,0.6666666666666666,False,False,False,unknown_tool
CodeLlama-13b,54921108,audit_only,False,False,False,0.25,0.0,0.0,False,False,False,unknown_tool
CodeLlama-13b,54921108,field_match,False,False,False,0.25,0.0,0.0,False,False,False,unknown_tool
CodeLlama-13b,54921108,field_match_compressed,False,False,False,0.25,0.0,0.0,False,False,False,unknown_tool
CodeLlama-13b,54921108,full,False,False,False,0.25,0.0,0.0,False,False,False,unknown_tool
CodeLlama-13b,11862987,audit_only,False,False,False,0.6153846153846154,0.0,0.0,False,False,False,unknown_tool
CodeLlama-13b,11862987,field_match,False,False,False,0.6153846153846154,0.0,0.0,False,False,False,unknown_tool
CodeLlama-13b,11862987,field_match_compressed,False,False,False,0.6153846153846154,0.0,0.0,False,False,False,unknown_tool
CodeLlama-13b,11862987,full,False,False,False,0.6153846153846154,0.0,0.0,False,False,False,unknown_tool
CodeLlama-13b,26019692,audit_only,False,False,False,0.6666666666666666,0.0,0.0,False,False,False,unknown_tool
CodeLlama-13b,26019692,field_match,False,False,False,0.6666666666666666,0.0,0.0,False,False,False,unknown_tool
CodeLlama-13b,26019692,field_match_compressed,False,False,False,0.6666666666666666,0.0,0.0,False,False,False,unknown_tool
CodeLlama-13b,26019692,full,False,False,False,0.6666666666666666,0.0,0.0,False,False,False,unknown_tool
CodeLlama-13b,15826204,audit_only,True,True,False,1.0,1.0,1.0,True,True,False,
CodeLlama-13b,15826204,field_match,True,True,False,1.0,1.0,1.0,True,True,False,
CodeLlama-13b,15826204,field_match_compressed,True,True,False,1.0,1.0,1.0,True,True,False,
CodeLlama-13b,15826204,full,True,True,False,1.0,1.0,1.0,True,True,False,
CodeLlama-13b,19048264,audit_only,True,True,False,0.75,0.3333333333333333,0.3333333333333333,False,False,False,
CodeLlama-13b,19048264,field_match,True,True,False,0.75,0.3333333333333333,0.3333333333333333,False,False,False,
CodeLlama-13b,19048264,field_match_compressed,True,True,False,0.75,0.3333333333333333,0.3333333333333333,False,False,False,
CodeLlama-13b,19048264,full,True,True,False,0.75,0.3333333333333333,0.3333333333333333,False,False,False,
CodeLlama-13b,75500481,audit_only,False,False,False,0.6666666666666666,0.46153846153846156,0.46153846153846156,False,False,False,unknown_tool
CodeLlama-13b,75500481,field_match,False,False,False,0.6666666666666666,0.46153846153846156,0.46153846153846156,False,False,False,unknown_tool
CodeLlama-13b,75500481,field_match_compressed,False,False,False,0.6666666666666666,0.46153846153846156,0.46153846153846156,False,False,False,unknown_tool
CodeLlama-13b,75500481,full,False,False,False,0.6666666666666666,0.46153846153846156,0.46153846153846156,False,False,False,unknown_tool
CodeLlama-13b,23156734,audit_only,False,False,False,0.75,0.0,0.0,False,False,False,unknown_tool
CodeLlama-13b,23156734,field_match,False,False,False,0.75,0.0,0.0,False,False,False,unknown_tool
CodeLlama-13b,23156734,field_match_compressed,False,False,False,0.75,0.0,0.0,False,False,False,unknown_tool
CodeLlama-13b,23156734,full,False,False,False,0.75,0.0,0.0,False,False,False,unknown_tool
CodeLlama-13b,29305949,audit_only,False,False,False,0.6666666666666666,0.0,0.0,False,False,False,unsupported_embedded_reference
CodeLlama-13b,29305949,field_match,False,False,False,0.6666666666666666,0.0,0.0,False,False,False,unsupported_embedded_reference
CodeLlama-13b,29305949,field_match_compressed,False,False,False,0.6666666666666666,0.0,0.0,False,False,False,unsupported_embedded_reference
CodeLlama-13b,29305949,full,False,False,False,0.6666666666666666,0.0,0.0,False,False,False,unsupported_embedded_reference
CodeLlama-13b,52274653,audit_only,False,False,False,0.5,0.0,0.0,False,False,False,unknown_tool
CodeLlama-13b,52274653,field_match,False,False,False,0.5,0.0,0.0,False,False,False,unknown_tool
CodeLlama-13b,52274653,field_match_compressed,False,False,False,0.5,0.0,0.0,False,False,False,unknown_tool
CodeLlama-13b,52274653,full,False,False,False,0.5,0.0,0.0,False,False,False,unknown_tool
CodeLlama-13b,14042192,audit_only,False,False,False,0.3333333333333333,0.0,0.0,False,False,False,unknown_tool
CodeLlama-13b,14042192,field_match,False,False,False,0.3333333333333333,0.0,0.0,False,False,False,unknown_tool
CodeLlama-13b,14042192,field_match_compressed,False,False,False,0.3333333333333333,0.0,0.0,False,False,False,unknown_tool
CodeLlama-13b,14042192,full,False,False,False,0.3333333333333333,0.0,0.0,False,False,False,unknown_tool
CodeLlama-13b,58719908,audit_only,False,False,False,0.6153846153846154,0.18181818181818182,0.18181818181818182,False,False,False,unknown_tool
CodeLlama-13b,58719908,field_match,False,False,False,0.6153846153846154,0.18181818181818182,0.18181818181818182,False,False,False,unknown_tool
CodeLlama-13b,58719908,field_match_compressed,False,False,False,0.6153846153846154,0.18181818181818182,0.18181818181818182,False,False,False,unknown_tool
CodeLlama-13b,58719908,full,False,False,False,0.6153846153846154,0.18181818181818182,0.18181818181818182,False,False,False,unknown_tool
CodeLlama-13b,26964253,audit_only,False,False,False,0.5454545454545454,0.2,0.2,False,False,False,unknown_tool
CodeLlama-13b,26964253,field_match,False,False,False,0.5454545454545454,0.2,0.2,False,False,False,unknown_tool
CodeLlama-13b,26964253,field_match_compressed,False,False,False,0.5454545454545454,0.2,0.2,False,False,False,unknown_tool
CodeLlama-13b,26964253,full,False,False,False,0.5454545454545454,0.2,0.2,False,False,False,unknown_tool
CodeLlama-13b,26076670,audit_only,True,False,False,0.5714285714285714,0.0,0.0,False,False,False,
CodeLlama-13b,26076670,field_match,True,True,False,0.5714285714285714,0.0,0.0,False,False,True,
CodeLlama-13b,26076670,field_match_compressed,True,True,False,0.5714285714285714,0.0,0.0,False,False,True,
CodeLlama-13b,26076670,full,True,True,False,0.5714285714285714,0.0,0.0,False,False,True,
CodeLlama-13b,64685181,audit_only,False,False,False,0.6666666666666666,0.0,0.0,False,False,False,unknown_tool
CodeLlama-13b,64685181,field_match,False,False,False,0.6666666666666666,0.0,0.0,False,False,False,unknown_tool
CodeLlama-13b,64685181,field_match_compressed,False,False,False,0.6666666666666666,0.0,0.0,False,False,False,unknown_tool
CodeLlama-13b,64685181,full,False,False,False,0.6666666666666666,0.0,0.0,False,False,False,unknown_tool
CodeLlama-13b,28613625,audit_only,False,False,False,0.6,0.5,0.5,False,False,False,unknown_tool
CodeLlama-13b,28613625,field_match,False,False,False,0.6,0.5,0.5,False,False,False,unknown_tool
CodeLlama-13b,28613625,field_match_compressed,False,False,False,0.6,0.5,0.5,False,False,False,unknown_tool
CodeLlama-13b,28613625,full,False,False,False,0.6,0.5,0.5,False,False,False,unknown_tool
CodeLlama-13b,64221637,audit_only,False,False,False,0.5714285714285714,0.0,0.0,False,False,False,invalid_node_reference
CodeLlama-13b,64221637,field_match,False,False,False,0.5714285714285714,0.0,0.0,False,False,False,invalid_node_reference
CodeLlama-13b,64221637,field_match_compressed,False,False,False,0.5714285714285714,0.0,0.0,False,False,False,invalid_node_reference
CodeLlama-13b,64221637,full,False,False,False,0.5714285714285714,0.0,0.0,False,False,False,invalid_node_reference
CodeLlama-13b,49230148,audit_only,True,True,False,0.25,0.0,0.0,False,False,False,
CodeLlama-13b,49230148,field_match,True,True,False,0.25,0.0,0.0,False,False,False,
CodeLlama-13b,49230148,field_match_compressed,True,True,False,0.25,0.0,0.0,False,False,False,
CodeLlama-13b,49230148,full,True,True,False,0.25,0.0,0.0,False,False,False,
CodeLlama-13b,23268672,audit_only,True,False,False,0.2857142857142857,0.0,0.0,False,False,False,
CodeLlama-13b,23268672,field_match,True,True,False,0.2857142857142857,0.0,0.0,False,False,True,
CodeLlama-13b,23268672,field_match_compressed,True,True,False,0.2857142857142857,0.0,0.0,False,False,True,
CodeLlama-13b,23268672,full,True,True,False,0.2857142857142857,0.0,0.0,False,False,True,
CodeLlama-13b,23699985,audit_only,True,False,True,0.0,0.0,0.0,False,False,False,
CodeLlama-13b,23699985,field_match,True,True,True,0.0,0.0,0.0,False,False,True,
CodeLlama-13b,23699985,field_match_compressed,True,True,True,0.0,0.0,0.0,False,False,True,
CodeLlama-13b,23699985,full,True,True,True,0.0,0.0,0.0,False,False,True,
CodeLlama-13b,32585878,audit_only,True,True,True,0.8,0.6666666666666666,0.6666666666666666,False,False,False,
CodeLlama-13b,32585878,field_match,True,True,True,0.8,0.6666666666666666,0.6666666666666666,False,False,False,
CodeLlama-13b,32585878,field_match_compressed,True,True,True,0.8,0.6666666666666666,0.6666666666666666,False,False,False,
CodeLlama-13b,32585878,full,True,True,True,0.8,0.6666666666666666,0.6666666666666666,False,False,False,
CodeLlama-13b,15677588,audit_only,True,True,False,1.0,1.0,1.0,True,True,False,
CodeLlama-13b,15677588,field_match,True,True,False,1.0,1.0,1.0,True,True,False,
CodeLlama-13b,15677588,field_match_compressed,True,True,False,1.0,1.0,1.0,True,True,False,
CodeLlama-13b,15677588,full,True,True,False,1.0,1.0,1.0,True,True,False,
CodeLlama-13b,49411079,audit_only,False,False,False,0.5714285714285714,0.4,0.4,False,False,False,unknown_tool
CodeLlama-13b,49411079,field_match,False,False,False,0.5714285714285714,0.4,0.4,False,False,False,unknown_tool
CodeLlama-13b,49411079,field_match_compressed,False,False,False,0.5714285714285714,0.4,0.4,False,False,False,unknown_tool
CodeLlama-13b,49411079,full,False,False,False,0.5714285714285714,0.4,0.4,False,False,False,unknown_tool
CodeLlama-13b,28028547,audit_only,False,False,False,0.6666666666666666,0.5,0.5,False,False,False,unknown_tool
CodeLlama-13b,28028547,field_match,False,False,False,0.6666666666666666,0.5,0.5,False,False,False,unknown_tool
CodeLlama-13b,28028547,field_match_compressed,False,False,False,0.6666666666666666,0.5,0.5,False,False,False,unknown_tool
CodeLlama-13b,28028547,full,False,False,False,0.6666666666666666,0.5,0.5,False,False,False,unknown_tool
CodeLlama-13b,68419360,audit_only,False,False,False,0.3333333333333333,0.0,0.0,False,False,False,unknown_tool
CodeLlama-13b,68419360,field_match,False,False,False,0.3333333333333333,0.0,0.0,False,False,False,unknown_tool
CodeLlama-13b,68419360,field_match_compressed,False,False,False,0.3333333333333333,0.0,0.0,False,False,False,unknown_tool
CodeLlama-13b,68419360,full,False,False,False,0.3333333333333333,0.0,0.0,False,False,False,unknown_tool
CodeLlama-13b,28555676,audit_only,True,True,True,0.6666666666666666,0.0,0.0,False,False,False,
CodeLlama-13b,28555676,field_match,True,True,True,0.6666666666666666,0.0,0.0,False,False,False,
CodeLlama-13b,28555676,field_match_compressed,True,True,True,0.6666666666666666,0.0,0.0,False,False,False,
CodeLlama-13b,28555676,full,True,True,True,0.6666666666666666,0.0,0.0,False,False,False,
CodeLlama-13b,29759828,audit_only,False,False,False,0.25,0.0,0.0,False,False,False,unknown_tool
CodeLlama-13b,29759828,field_match,False,False,False,0.25,0.0,0.0,False,False,False,unknown_tool
CodeLlama-13b,29759828,field_match_compressed,False,False,False,0.25,0.0,0.0,False,False,False,unknown_tool
CodeLlama-13b,29759828,full,False,False,False,0.25,0.0,0.0,False,False,False,unknown_tool
CodeLlama-13b,55144102,audit_only,True,True,True,0.75,0.3333333333333333,0.3333333333333333,False,False,False,
CodeLlama-13b,55144102,field_match,True,True,True,0.75,0.3333333333333333,0.3333333333333333,False,False,False,
CodeLlama-13b,55144102,field_match_compressed,True,True,True,0.75,0.3333333333333333,0.3333333333333333,False,False,False,
CodeLlama-13b,55144102,full,True,True,True,0.75,0.3333333333333333,0.3333333333333333,False,False,False,
CodeLlama-13b,19693213,audit_only,False,False,False,0.25,0.0,0.0,False,False,False,unknown_tool
CodeLlama-13b,19693213,field_match,False,False,False,0.25,0.0,0.0,False,False,False,unknown_tool
CodeLlama-13b,19693213,field_match_compressed,False,False,False,0.25,0.0,0.0,False,False,False,unknown_tool
CodeLlama-13b,19693213,full,False,False,False,0.25,0.0,0.0,False,False,False,unknown_tool
CodeLlama-13b,65826010,audit_only,False,False,False,0.6666666666666666,0.5,0.5,False,False,False,unknown_tool
CodeLlama-13b,65826010,field_match,False,False,False,0.6666666666666666,0.5,0.5,False,False,False,unknown_tool
CodeLlama-13b,65826010,field_match_compressed,False,False,False,0.6666666666666666,0.5,0.5,False,False,False,unknown_tool
CodeLlama-13b,65826010,full,False,False,False,0.6666666666666666,0.5,0.5,False,False,False,unknown_tool
CodeLlama-13b,22921876,audit_only,False,False,False,0.2857142857142857,0.0,0.0,False,False,False,unknown_tool
CodeLlama-13b,22921876,field_match,False,False,False,0.2857142857142857,0.0,0.0,False,False,False,unknown_tool
CodeLlama-13b,22921876,field_match_compressed,False,False,False,0.2857142857142857,0.0,0.0,False,False,False,unknown_tool
CodeLlama-13b,22921876,full,False,False,False,0.2857142857142857,0.0,0.0,False,False,False,unknown_tool
CodeLlama-13b,20638363,audit_only,False,False,False,0.8333333333333334,0.6,0.6,False,False,False,unknown_tool
CodeLlama-13b,20638363,field_match,False,False,False,0.8333333333333334,0.6,0.6,False,False,False,unknown_tool
CodeLlama-13b,20638363,field_match_compressed,False,False,False,0.8333333333333334,0.6,0.6,False,False,False,unknown_tool
CodeLlama-13b,20638363,full,False,False,False,0.8333333333333334,0.6,0.6,False,False,False,unknown_tool
CodeLlama-13b,68396832,audit_only,False,False,False,0.6666666666666666,0.0,0.0,False,False,False,unknown_tool
CodeLlama-13b,68396832,field_match,False,False,False,0.6666666666666666,0.0,0.0,False,False,False,unknown_tool
CodeLlama-13b,68396832,field_match_compressed,False,False,False,0.6666666666666666,0.0,0.0,False,False,False,unknown_tool
CodeLlama-13b,68396832,full,False,False,False,0.6666666666666666,0.0,0.0,False,False,False,unknown_tool
CodeLlama-13b,26290711,audit_only,True,False,True,0.5714285714285714,0.0,0.0,False,False,False,
CodeLlama-13b,26290711,field_match,True,True,True,0.5714285714285714,0.0,0.0,False,False,True,
CodeLlama-13b,26290711,field_match_compressed,True,True,True,0.5714285714285714,0.0,0.0,False,False,True,
CodeLlama-13b,26290711,full,True,True,True,0.5714285714285714,0.0,0.0,False,False,True,
CodeLlama-13b,14291540,audit_only,False,False,False,0.75,0.3333333333333333,0.3333333333333333,False,False,False,unknown_tool
CodeLlama-13b,14291540,field_match,False,False,False,0.75,0.3333333333333333,0.3333333333333333,False,False,False,unknown_tool
CodeLlama-13b,14291540,field_match_compressed,False,False,False,0.75,0.3333333333333333,0.3333333333333333,False,False,False,unknown_tool
CodeLlama-13b,14291540,full,False,False,False,0.75,0.3333333333333333,0.3333333333333333,False,False,False,unknown_tool
CodeLlama-13b,30644541,audit_only,True,True,False,0.0,0.0,0.0,False,False,False,
CodeLlama-13b,30644541,field_match,True,True,False,0.0,0.0,0.0,False,False,False,
CodeLlama-13b,30644541,field_match_compressed,True,True,False,0.0,0.0,0.0,False,False,False,
CodeLlama-13b,30644541,full,True,True,False,0.0,0.0,0.0,False,False,False,
CodeLlama-13b,82679026,audit_only,False,False,False,0.5714285714285714,0.0,0.0,False,False,False,invalid_node_reference
CodeLlama-13b,82679026,field_match,False,False,False,0.5714285714285714,0.0,0.0,False,False,False,invalid_node_reference
CodeLlama-13b,82679026,field_match_compressed,False,False,False,0.5714285714285714,0.0,0.0,False,False,False,invalid_node_reference
CodeLlama-13b,82679026,full,False,False,False,0.5714285714285714,0.0,0.0,False,False,False,invalid_node_reference
CodeLlama-13b,23232014,audit_only,True,True,True,1.0,1.0,1.0,True,True,False,
CodeLlama-13b,23232014,field_match,True,True,True,1.0,1.0,1.0,True,True,False,
CodeLlama-13b,23232014,field_match_compressed,True,True,True,1.0,1.0,1.0,True,True,False,
CodeLlama-13b,23232014,full,True,True,True,1.0,1.0,1.0,True,True,False,
CodeLlama-13b,84848422,audit_only,True,True,True,0.8,0.0,0.0,False,False,False,
CodeLlama-13b,84848422,field_match,True,True,True,0.8,0.0,0.0,False,False,False,
CodeLlama-13b,84848422,field_match_compressed,True,True,True,0.8,0.0,0.0,False,False,False,
CodeLlama-13b,84848422,full,True,True,True,0.8,0.0,0.0,False,False,False,
CodeLlama-13b,13842784,audit_only,True,False,True,0.2857142857142857,0.0,0.0,False,False,False,
CodeLlama-13b,13842784,field_match,True,True,True,0.2857142857142857,0.0,0.0,False,False,True,
CodeLlama-13b,13842784,field_match_compressed,True,True,True,0.2857142857142857,0.0,0.0,False,False,True,
CodeLlama-13b,13842784,full,True,True,True,0.2857142857142857,0.0,0.0,False,False,True,
CodeLlama-13b,12659430,audit_only,False,False,False,0.5714285714285714,0.0,0.0,False,False,False,unknown_tool
CodeLlama-13b,12659430,field_match,False,False,False,0.5714285714285714,0.0,0.0,False,False,False,unknown_tool
CodeLlama-13b,12659430,field_match_compressed,False,False,False,0.5714285714285714,0.0,0.0,False,False,False,unknown_tool
CodeLlama-13b,12659430,full,False,False,False,0.5714285714285714,0.0,0.0,False,False,False,unknown_tool
CodeLlama-13b,75837574,audit_only,False,False,False,0.5714285714285714,0.0,0.0,False,False,False,invalid_argument_container
CodeLlama-13b,75837574,field_match,False,False,False,0.5714285714285714,0.0,0.0,False,False,False,invalid_argument_container
CodeLlama-13b,75837574,field_match_compressed,False,False,False,0.5714285714285714,0.0,0.0,False,False,False,invalid_argument_container
CodeLlama-13b,75837574,full,False,False,False,0.5714285714285714,0.0,0.0,False,False,False,invalid_argument_container
CodeLlama-13b,86570475,audit_only,False,False,False,0.18181818181818182,0.0,0.0,False,False,False,unknown_tool
CodeLlama-13b,86570475,field_match,False,False,False,0.18181818181818182,0.0,0.0,False,False,False,unknown_tool
CodeLlama-13b,86570475,field_match_compressed,False,False,False,0.18181818181818182,0.0,0.0,False,False,False,unknown_tool
CodeLlama-13b,86570475,full,False,False,False,0.18181818181818182,0.0,0.0,False,False,False,unknown_tool
CodeLlama-13b,11010352,audit_only,True,True,True,1.0,1.0,1.0,True,True,False,
CodeLlama-13b,11010352,field_match,True,True,True,1.0,1.0,1.0,True,True,False,
CodeLlama-13b,11010352,field_match_compressed,True,True,True,1.0,1.0,1.0,True,True,False,
CodeLlama-13b,11010352,full,True,True,True,1.0,1.0,1.0,True,True,False,
CodeLlama-13b,22901346,audit_only,True,True,True,1.0,1.0,1.0,True,True,False,
CodeLlama-13b,22901346,field_match,True,True,True,1.0,1.0,1.0,True,True,False,
CodeLlama-13b,22901346,field_match_compressed,True,True,True,1.0,1.0,1.0,True,True,False,
CodeLlama-13b,22901346,full,True,True,True,1.0,1.0,1.0,True,True,False,
CodeLlama-13b,31242326,audit_only,True,False,True,0.75,0.6666666666666666,0.6666666666666666,False,False,False,
CodeLlama-13b,31242326,field_match,True,True,True,0.75,0.6666666666666666,0.3333333333333333,False,False,True,
CodeLlama-13b,31242326,field_match_compressed,True,True,True,0.75,0.6666666666666666,0.3333333333333333,False,False,True,
CodeLlama-13b,31242326,full,True,True,True,0.75,0.6666666666666666,0.3333333333333333,False,False,True,
CodeLlama-13b,39055462,audit_only,False,False,False,0.75,0.6666666666666666,0.6666666666666666,False,False,False,unknown_tool
CodeLlama-13b,39055462,field_match,False,False,False,0.75,0.6666666666666666,0.6666666666666666,False,False,False,unknown_tool
CodeLlama-13b,39055462,field_match_compressed,False,False,False,0.75,0.6666666666666666,0.6666666666666666,False,False,False,unknown_tool
CodeLlama-13b,39055462,full,False,False,False,0.75,0.6666666666666666,0.6666666666666666,False,False,False,unknown_tool
CodeLlama-13b,47678424,audit_only,False,False,False,0.2222222222222222,0.0,0.0,False,False,False,unknown_tool
CodeLlama-13b,47678424,field_match,False,False,False,0.2222222222222222,0.0,0.0,False,False,False,unknown_tool
CodeLlama-13b,47678424,field_match_compressed,False,False,False,0.2222222222222222,0.0,0.0,False,False,False,unknown_tool
CodeLlama-13b,47678424,full,False,False,False,0.2222222222222222,0.0,0.0,False,False,False,unknown_tool
CodeLlama-13b,10458619,audit_only,True,True,False,0.4444444444444444,0.0,0.0,False,False,False,
CodeLlama-13b,10458619,field_match,True,True,False,0.4444444444444444,0.0,0.0,False,False,False,
CodeLlama-13b,10458619,field_match_compressed,True,True,False,0.4444444444444444,0.0,0.0,False,False,False,
CodeLlama-13b,10458619,full,True,True,False,0.4444444444444444,0.0,0.0,False,False,False,
CodeLlama-13b,29843187,audit_only,False,False,False,0.0,0.0,0.0,False,False,False,unknown_tool
CodeLlama-13b,29843187,field_match,False,False,False,0.0,0.0,0.0,False,False,False,unknown_tool
CodeLlama-13b,29843187,field_match_compressed,False,False,False,0.0,0.0,0.0,False,False,False,unknown_tool
CodeLlama-13b,29843187,full,False,False,False,0.0,0.0,0.0,False,False,False,unknown_tool
CodeLlama-13b,13380776,audit_only,True,False,False,0.25,0.0,0.0,False,False,False,
CodeLlama-13b,13380776,field_match,True,True,False,0.25,0.0,0.0,False,False,True,
CodeLlama-13b,13380776,field_match_compressed,True,True,False,0.25,0.0,0.0,False,False,True,
CodeLlama-13b,13380776,full,True,True,False,0.25,0.0,0.0,False,False,True,
CodeLlama-13b,16871675,audit_only,True,True,True,1.0,1.0,1.0,True,True,False,
CodeLlama-13b,16871675,field_match,True,True,True,1.0,1.0,1.0,True,True,False,
CodeLlama-13b,16871675,field_match_compressed,True,True,True,1.0,1.0,1.0,True,True,False,
CodeLlama-13b,16871675,full,True,True,True,1.0,1.0,1.0,True,True,False,
CodeLlama-13b,13351081,audit_only,False,False,False,0.8,0.5,0.5,False,False,False,invalid_argument_container
CodeLlama-13b,13351081,field_match,False,False,False,0.8,0.5,0.5,False,False,False,invalid_argument_container
CodeLlama-13b,13351081,field_match_compressed,False,False,False,0.8,0.5,0.5,False,False,False,invalid_argument_container
CodeLlama-13b,13351081,full,False,False,False,0.8,0.5,0.5,False,False,False,invalid_argument_container
CodeLlama-13b,20634345,audit_only,True,True,True,0.8571428571428571,0.4,0.4,False,False,False,
CodeLlama-13b,20634345,field_match,True,True,True,0.8571428571428571,0.4,0.4,False,False,False,
CodeLlama-13b,20634345,field_match_compressed,True,True,True,0.8571428571428571,0.4,0.4,False,False,False,
CodeLlama-13b,20634345,full,True,True,True,0.8571428571428571,0.4,0.4,False,False,False,
CodeLlama-13b,95882967,audit_only,True,False,True,0.6,0.5,0.5,False,False,False,
CodeLlama-13b,95882967,field_match,True,True,True,0.6,0.5,0.5714285714285714,False,False,True,
CodeLlama-13b,95882967,field_match_compressed,True,True,True,0.6,0.5,0.5714285714285714,False,False,True,
CodeLlama-13b,95882967,full,True,True,True,0.6,0.5,0.5714285714285714,False,False,True,
CodeLlama-13b,18459902,audit_only,True,True,False,0.5714285714285714,0.0,0.0,False,False,False,
CodeLlama-13b,18459902,field_match,True,True,False,0.5714285714285714,0.0,0.0,False,False,False,
CodeLlama-13b,18459902,field_match_compressed,True,True,False,0.5714285714285714,0.0,0.0,False,False,False,
CodeLlama-13b,18459902,full,True,True,False,0.5714285714285714,0.0,0.0,False,False,False,
CodeLlama-13b,78739891,audit_only,True,True,True,1.0,1.0,1.0,True,True,False,
CodeLlama-13b,78739891,field_match,True,True,True,1.0,1.0,1.0,True,True,False,
CodeLlama-13b,78739891,field_match_compressed,True,True,True,1.0,1.0,1.0,True,True,False,
CodeLlama-13b,78739891,full,True,True,True,1.0,1.0,1.0,True,True,False,
CodeLlama-13b,79733558,audit_only,True,True,False,0.5454545454545454,0.4444444444444444,0.4444444444444444,False,False,False,
CodeLlama-13b,79733558,field_match,True,True,False,0.5454545454545454,0.4444444444444444,0.4444444444444444,False,False,False,
CodeLlama-13b,79733558,field_match_compressed,True,True,False,0.5454545454545454,0.4444444444444444,0.4444444444444444,False,False,False,
CodeLlama-13b,79733558,full,True,True,False,0.5454545454545454,0.4444444444444444,0.4444444444444444,False,False,False,
CodeLlama-13b,10964234,audit_only,False,False,False,0.5,0.0,0.0,False,False,False,unknown_tool
CodeLlama-13b,10964234,field_match,False,False,False,0.5,0.0,0.0,False,False,False,unknown_tool
CodeLlama-13b,10964234,field_match_compressed,False,False,False,0.5,0.0,0.0,False,False,False,unknown_tool
CodeLlama-13b,10964234,full,False,False,False,0.5,0.0,0.0,False,False,False,unknown_tool
CodeLlama-13b,21850728,audit_only,True,False,False,0.6,0.5,0.5,False,False,False,
CodeLlama-13b,21850728,field_match,True,True,False,0.6,0.5,0.5714285714285714,False,False,True,
CodeLlama-13b,21850728,field_match_compressed,True,True,False,0.6,0.5,0.5714285714285714,False,False,True,
CodeLlama-13b,21850728,full,True,True,False,0.6,0.5,0.5714285714285714,False,False,True,
CodeLlama-13b,20593215,audit_only,False,False,False,0.3333333333333333,0.0,0.0,False,False,False,invalid_node_reference
CodeLlama-13b,20593215,field_match,False,False,False,0.3333333333333333,0.0,0.0,False,False,False,invalid_node_reference
CodeLlama-13b,20593215,field_match_compressed,False,False,False,0.3333333333333333,0.0,0.0,False,False,False,invalid_node_reference
CodeLlama-13b,20593215,full,False,False,False,0.3333333333333333,0.0,0.0,False,False,False,invalid_node_reference
CodeLlama-13b,38636941,audit_only,True,False,True,0.6,0.25,0.25,False,False,False,
CodeLlama-13b,38636941,field_match,True,True,True,0.6,0.25,0.0,False,False,True,
CodeLlama-13b,38636941,field_match_compressed,True,True,True,0.6,0.25,0.0,False,False,True,
CodeLlama-13b,38636941,full,True,True,True,0.6,0.25,0.0,False,False,True,
CodeLlama-13b,12377113,audit_only,True,False,False,1.0,0.0,0.0,False,False,False,
CodeLlama-13b,12377113,field_match,True,True,False,1.0,0.0,0.0,False,False,True,
CodeLlama-13b,12377113,field_match_compressed,True,True,False,1.0,0.0,0.0,False,False,True,
CodeLlama-13b,12377113,full,True,True,False,1.0,0.0,0.0,False,False,True,
CodeLlama-13b,21025473,audit_only,False,False,False,0.6666666666666666,0.0,0.0,False,False,False,unknown_tool
CodeLlama-13b,21025473,field_match,False,False,False,0.6666666666666666,0.0,0.0,False,False,False,unknown_tool
CodeLlama-13b,21025473,field_match_compressed,False,False,False,0.6666666666666666,0.0,0.0,False,False,False,unknown_tool
CodeLlama-13b,21025473,full,False,False,False,0.6666666666666666,0.0,0.0,False,False,False,unknown_tool
CodeLlama-13b,29732540,audit_only,True,True,True,0.8,0.0,0.0,False,False,False,
CodeLlama-13b,29732540,field_match,True,True,True,0.8,0.0,0.0,False,False,False,
CodeLlama-13b,29732540,field_match_compressed,True,True,True,0.8,0.0,0.0,False,False,False,
CodeLlama-13b,29732540,full,True,True,True,0.8,0.0,0.0,False,False,False,
CodeLlama-13b,28799432,audit_only,True,True,True,0.5714285714285714,0.4,0.4,False,False,False,
CodeLlama-13b,28799432,field_match,True,True,True,0.5714285714285714,0.4,0.4,False,False,False,
CodeLlama-13b,28799432,field_match_compressed,True,True,True,0.5714285714285714,0.4,0.4,False,False,False,
CodeLlama-13b,28799432,full,True,True,True,0.5714285714285714,0.4,0.4,False,False,False,
CodeLlama-13b,56777184,audit_only,False,False,False,0.6,0.25,0.25,False,False,False,unknown_tool
CodeLlama-13b,56777184,field_match,False,False,False,0.6,0.25,0.25,False,False,False,unknown_tool
CodeLlama-13b,56777184,field_match_compressed,False,False,False,0.6,0.25,0.25,False,False,False,unknown_tool
CodeLlama-13b,56777184,full,False,False,False,0.6,0.25,0.25,False,False,False,unknown_tool
CodeLlama-13b,13258975,audit_only,True,True,False,0.6666666666666666,0.5,0.5,False,False,False,
CodeLlama-13b,13258975,field_match,True,True,False,0.6666666666666666,0.5,0.5,False,False,False,
CodeLlama-13b,13258975,field_match_compressed,True,True,False,0.6666666666666666,0.5,0.5,False,False,False,
CodeLlama-13b,13258975,full,True,True,False,0.6666666666666666,0.5,0.5,False,False,False,
CodeLlama-13b,10201211,audit_only,False,False,False,0.5714285714285714,0.3333333333333333,0.3333333333333333,False,False,False,unknown_tool
CodeLlama-13b,10201211,field_match,False,False,False,0.5714285714285714,0.3333333333333333,0.3333333333333333,False,False,False,unknown_tool
CodeLlama-13b,10201211,field_match_compressed,False,False,False,0.5714285714285714,0.3333333333333333,0.3333333333333333,False,False,False,unknown_tool
CodeLlama-13b,10201211,full,False,False,False,0.5714285714285714,0.3333333333333333,0.3333333333333333,False,False,False,unknown_tool
CodeLlama-13b,24781552,audit_only,False,False,False,1.0,1.0,1.0,True,True,False,ambiguous_repeated_tool
CodeLlama-13b,24781552,field_match,False,False,False,1.0,1.0,1.0,True,True,False,ambiguous_repeated_tool
CodeLlama-13b,24781552,field_match_compressed,False,False,False,1.0,1.0,1.0,True,True,False,ambiguous_repeated_tool
CodeLlama-13b,24781552,full,False,False,False,1.0,1.0,1.0,True,True,False,ambiguous_repeated_tool
CodeLlama-13b,31932040,audit_only,False,False,False,0.2857142857142857,0.0,0.0,False,False,False,unknown_tool
CodeLlama-13b,31932040,field_match,False,False,False,0.2857142857142857,0.0,0.0,False,False,False,unknown_tool
CodeLlama-13b,31932040,field_match_compressed,False,False,False,0.2857142857142857,0.0,0.0,False,False,False,unknown_tool
CodeLlama-13b,31932040,full,False,False,False,0.2857142857142857,0.0,0.0,False,False,False,unknown_tool
CodeLlama-13b,24636390,audit_only,False,False,False,0.2222222222222222,0.0,0.0,False,False,False,unknown_tool
CodeLlama-13b,24636390,field_match,False,False,False,0.2222222222222222,0.0,0.0,False,False,False,unknown_tool
CodeLlama-13b,24636390,field_match_compressed,False,False,False,0.2222222222222222,0.0,0.0,False,False,False,unknown_tool
CodeLlama-13b,24636390,full,False,False,False,0.2222222222222222,0.0,0.0,False,False,False,unknown_tool
CodeLlama-13b,14575169,audit_only,False,False,False,0.5714285714285714,0.0,0.0,False,False,False,invalid_node_reference
CodeLlama-13b,14575169,field_match,False,False,False,0.5714285714285714,0.0,0.0,False,False,False,invalid_node_reference
CodeLlama-13b,14575169,field_match_compressed,False,False,False,0.5714285714285714,0.0,0.0,False,False,False,invalid_node_reference
CodeLlama-13b,14575169,full,False,False,False,0.5714285714285714,0.0,0.0,False,False,False,invalid_node_reference
CodeLlama-13b,81779710,audit_only,False,False,False,0.25,0.0,0.0,False,False,False,unknown_tool
CodeLlama-13b,81779710,field_match,False,False,False,0.25,0.0,0.0,False,False,False,unknown_tool
CodeLlama-13b,81779710,field_match_compressed,False,False,False,0.25,0.0,0.0,False,False,False,unknown_tool
CodeLlama-13b,81779710,full,False,False,False,0.25,0.0,0.0,False,False,False,unknown_tool
CodeLlama-13b,80671397,audit_only,True,True,False,0.6,0.25,0.25,False,False,False,
CodeLlama-13b,80671397,field_match,True,True,False,0.6,0.25,0.25,False,False,False,
CodeLlama-13b,80671397,field_match_compressed,True,True,False,0.6,0.25,0.25,False,False,False,
CodeLlama-13b,80671397,full,True,True,False,0.6,0.25,0.25,False,False,False,
CodeLlama-13b,69232823,audit_only,True,True,False,0.75,0.3333333333333333,0.3333333333333333,False,False,False,
CodeLlama-13b,69232823,field_match,True,True,False,0.75,0.3333333333333333,0.3333333333333333,False,False,False,
CodeLlama-13b,69232823,field_match_compressed,True,True,False,0.75,0.3333333333333333,0.3333333333333333,False,False,False,
CodeLlama-13b,69232823,full,True,True,False,0.75,0.3333333333333333,0.3333333333333333,False,False,False,
CodeLlama-13b,20666150,audit_only,True,True,True,1.0,1.0,1.0,True,True,False,
CodeLlama-13b,20666150,field_match,True,True,True,1.0,1.0,1.0,True,True,False,
CodeLlama-13b,20666150,field_match_compressed,True,True,True,1.0,1.0,1.0,True,True,False,
CodeLlama-13b,20666150,full,True,True,True,1.0,1.0,1.0,True,True,False,
CodeLlama-13b,23662996,audit_only,False,False,False,0.0,0.0,0.0,False,False,False,unknown_tool
CodeLlama-13b,23662996,field_match,False,False,False,0.0,0.0,0.0,False,False,False,unknown_tool
CodeLlama-13b,23662996,field_match_compressed,False,False,False,0.0,0.0,0.0,False,False,False,unknown_tool
CodeLlama-13b,23662996,full,False,False,False,0.0,0.0,0.0,False,False,False,unknown_tool
CodeLlama-13b,24490454,audit_only,False,False,False,0.6666666666666666,0.5,0.5,False,False,False,unknown_tool
CodeLlama-13b,24490454,field_match,False,False,False,0.6666666666666666,0.5,0.5,False,False,False,unknown_tool
CodeLlama-13b,24490454,field_match_compressed,False,False,False,0.6666666666666666,0.5,0.5,False,False,False,unknown_tool
CodeLlama-13b,24490454,full,False,False,False,0.6666666666666666,0.5,0.5,False,False,False,unknown_tool
CodeLlama-13b,18775869,audit_only,False,False,False,0.5,0.3333333333333333,0.3333333333333333,False,False,False,unknown_tool
CodeLlama-13b,18775869,field_match,False,False,False,0.5,0.3333333333333333,0.3333333333333333,False,False,False,unknown_tool
CodeLlama-13b,18775869,field_match_compressed,False,False,False,0.5,0.3333333333333333,0.3333333333333333,False,False,False,unknown_tool
CodeLlama-13b,18775869,full,False,False,False,0.5,0.3333333333333333,0.3333333333333333,False,False,False,unknown_tool
CodeLlama-13b,13754263,audit_only,False,False,False,0.3333333333333333,0.0,0.0,False,False,False,unknown_tool
CodeLlama-13b,13754263,field_match,False,False,False,0.3333333333333333,0.0,0.0,False,False,False,unknown_tool
CodeLlama-13b,13754263,field_match_compressed,False,False,False,0.3333333333333333,0.0,0.0,False,False,False,unknown_tool
CodeLlama-13b,13754263,full,False,False,False,0.3333333333333333,0.0,0.0,False,False,False,unknown_tool
CodeLlama-13b,17976193,audit_only,True,True,True,1.0,1.0,1.0,True,True,False,
CodeLlama-13b,17976193,field_match,True,True,True,1.0,1.0,1.0,True,True,False,
CodeLlama-13b,17976193,field_match_compressed,True,True,True,1.0,1.0,1.0,True,True,False,
CodeLlama-13b,17976193,full,True,True,True,1.0,1.0,1.0,True,True,False,
CodeLlama-13b,16472185,audit_only,False,False,False,0.6666666666666666,0.2857142857142857,0.2857142857142857,False,False,False,unknown_tool
CodeLlama-13b,16472185,field_match,False,False,False,0.6666666666666666,0.2857142857142857,0.2857142857142857,False,False,False,unknown_tool
CodeLlama-13b,16472185,field_match_compressed,False,False,False,0.6666666666666666,0.2857142857142857,0.2857142857142857,False,False,False,unknown_tool
CodeLlama-13b,16472185,full,False,False,False,0.6666666666666666,0.2857142857142857,0.2857142857142857,False,False,False,unknown_tool
CodeLlama-13b,33517826,audit_only,True,True,False,0.75,0.3333333333333333,0.3333333333333333,False,False,False,
CodeLlama-13b,33517826,field_match,True,True,False,0.75,0.3333333333333333,0.3333333333333333,False,False,False,
CodeLlama-13b,33517826,field_match_compressed,True,True,False,0.75,0.3333333333333333,0.3333333333333333,False,False,False,
CodeLlama-13b,33517826,full,True,True,False,0.75,0.3333333333333333,0.3333333333333333,False,False,False,
CodeLlama-13b,78444204,audit_only,True,True,False,0.6666666666666666,0.0,0.0,False,False,False,
CodeLlama-13b,78444204,field_match,True,True,False,0.6666666666666666,0.0,0.0,False,False,False,
CodeLlama-13b,78444204,field_match_compressed,True,True,False,0.6666666666666666,0.0,0.0,False,False,False,
CodeLlama-13b,78444204,full,True,True,False,0.6666666666666666,0.0,0.0,False,False,False,
CodeLlama-13b,15732028,audit_only,False,False,False,0.6666666666666666,0.5,0.5,False,False,False,unknown_tool
CodeLlama-13b,15732028,field_match,False,False,False,0.6666666666666666,0.5,0.5,False,False,False,unknown_tool
CodeLlama-13b,15732028,field_match_compressed,False,False,False,0.6666666666666666,0.5,0.5,False,False,False,unknown_tool
CodeLlama-13b,15732028,full,False,False,False,0.6666666666666666,0.5,0.5,False,False,False,unknown_tool
CodeLlama-13b,21368313,audit_only,False,False,False,0.8571428571428571,0.6666666666666666,0.6666666666666666,False,False,False,unknown_tool
CodeLlama-13b,21368313,field_match,False,False,False,0.8571428571428571,0.6666666666666666,0.6666666666666666,False,False,False,unknown_tool
CodeLlama-13b,21368313,field_match_compressed,False,False,False,0.8571428571428571,0.6666666666666666,0.6666666666666666,False,False,False,unknown_tool
CodeLlama-13b,21368313,full,False,False,False,0.8571428571428571,0.6666666666666666,0.6666666666666666,False,False,False,unknown_tool
CodeLlama-13b,30669671,audit_only,True,True,True,1.0,1.0,1.0,True,True,False,
CodeLlama-13b,30669671,field_match,True,True,True,1.0,1.0,1.0,True,True,False,
CodeLlama-13b,30669671,field_match_compressed,True,True,True,1.0,1.0,1.0,True,True,False,
CodeLlama-13b,30669671,full,True,True,True,1.0,1.0,1.0,True,True,False,
CodeLlama-13b,93455984,audit_only,True,False,False,0.6,0.0,0.0,False,False,False,
CodeLlama-13b,93455984,field_match,True,True,False,0.6,0.0,0.0,False,False,True,
CodeLlama-13b,93455984,field_match_compressed,True,True,False,0.6,0.0,0.0,False,False,True,
CodeLlama-13b,93455984,full,True,True,False,0.6,0.0,0.0,False,False,True,
CodeLlama-13b,30173785,audit_only,False,False,False,0.6666666666666666,0.0,0.0,False,False,False,unknown_tool
CodeLlama-13b,30173785,field_match,False,False,False,0.6666666666666666,0.0,0.0,False,False,False,unknown_tool
CodeLlama-13b,30173785,field_match_compressed,False,False,False,0.6666666666666666,0.0,0.0,False,False,False,unknown_tool
CodeLlama-13b,30173785,full,False,False,False,0.6666666666666666,0.0,0.0,False,False,False,unknown_tool
CodeLlama-13b,27940970,audit_only,True,False,False,0.5,0.0,0.0,False,False,False,
CodeLlama-13b,27940970,field_match,True,True,False,0.5,0.0,0.0,False,False,True,
CodeLlama-13b,27940970,field_match_compressed,True,True,False,0.5,0.0,0.0,False,False,True,
CodeLlama-13b,27940970,full,True,True,False,0.5,0.0,0.0,False,False,True,
CodeLlama-13b,11437012,audit_only,True,True,False,1.0,0.0,0.0,False,False,False,
CodeLlama-13b,11437012,field_match,True,True,False,1.0,0.0,0.0,False,False,False,
CodeLlama-13b,11437012,field_match_compressed,True,True,False,1.0,0.0,0.0,False,False,False,
CodeLlama-13b,11437012,full,True,True,False,1.0,0.0,0.0,False,False,False,
CodeLlama-13b,12657394,audit_only,False,False,False,0.18181818181818182,0.0,0.0,False,False,False,unknown_tool
CodeLlama-13b,12657394,field_match,False,False,False,0.18181818181818182,0.0,0.0,False,False,False,unknown_tool
CodeLlama-13b,12657394,field_match_compressed,False,False,False,0.18181818181818182,0.0,0.0,False,False,False,unknown_tool
CodeLlama-13b,12657394,full,False,False,False,0.18181818181818182,0.0,0.0,False,False,False,unknown_tool
CodeLlama-13b,21360464,audit_only,False,False,False,0.3333333333333333,0.0,0.0,False,False,False,unknown_tool
CodeLlama-13b,21360464,field_match,False,False,False,0.3333333333333333,0.0,0.0,False,False,False,unknown_tool
CodeLlama-13b,21360464,field_match_compressed,False,False,False,0.3333333333333333,0.0,0.0,False,False,False,unknown_tool
CodeLlama-13b,21360464,full,False,False,False,0.3333333333333333,0.0,0.0,False,False,False,unknown_tool
CodeLlama-13b,13925917,audit_only,False,False,False,0.625,0.42857142857142855,0.42857142857142855,False,False,False,unknown_tool
CodeLlama-13b,13925917,field_match,False,False,False,0.625,0.42857142857142855,0.42857142857142855,False,False,False,unknown_tool
CodeLlama-13b,13925917,field_match_compressed,False,False,False,0.625,0.42857142857142855,0.42857142857142855,False,False,False,unknown_tool
CodeLlama-13b,13925917,full,False,False,False,0.625,0.42857142857142855,0.42857142857142855,False,False,False,unknown_tool
CodeLlama-13b,18454845,audit_only,False,False,False,0.5,0.2,0.2,False,False,False,unknown_tool
CodeLlama-13b,18454845,field_match,False,False,False,0.5,0.2,0.2,False,False,False,unknown_tool
CodeLlama-13b,18454845,field_match_compressed,False,False,False,0.5,0.2,0.2,False,False,False,unknown_tool
CodeLlama-13b,18454845,full,False,False,False,0.5,0.2,0.2,False,False,False,unknown_tool
CodeLlama-13b,17025449,audit_only,False,False,False,0.46153846153846156,0.18181818181818182,0.18181818181818182,False,False,False,unknown_tool
CodeLlama-13b,17025449,field_match,False,False,False,0.46153846153846156,0.18181818181818182,0.18181818181818182,False,False,False,unknown_tool
CodeLlama-13b,17025449,field_match_compressed,False,False,False,0.46153846153846156,0.18181818181818182,0.18181818181818182,False,False,False,unknown_tool
CodeLlama-13b,17025449,full,False,False,False,0.46153846153846156,0.18181818181818182,0.18181818181818182,False,False,False,unknown_tool
CodeLlama-13b,31872072,audit_only,False,False,False,0.3333333333333333,0.0,0.0,False,False,False,unknown_tool
CodeLlama-13b,31872072,field_match,False,False,False,0.3333333333333333,0.0,0.0,False,False,False,unknown_tool
CodeLlama-13b,31872072,field_match_compressed,False,False,False,0.3333333333333333,0.0,0.0,False,False,False,unknown_tool
CodeLlama-13b,31872072,full,False,False,False,0.3333333333333333,0.0,0.0,False,False,False,unknown_tool
CodeLlama-13b,18652784,audit_only,False,False,False,0.6666666666666666,0.0,0.0,False,False,False,unknown_tool
CodeLlama-13b,18652784,field_match,False,False,False,0.6666666666666666,0.0,0.0,False,False,False,unknown_tool
CodeLlama-13b,18652784,field_match_compressed,False,False,False,0.6666666666666666,0.0,0.0,False,False,False,unknown_tool
CodeLlama-13b,18652784,full,False,False,False,0.6666666666666666,0.0,0.0,False,False,False,unknown_tool
CodeLlama-13b,87327927,audit_only,True,True,False,0.6,0.25,0.25,False,False,False,
CodeLlama-13b,87327927,field_match,True,True,False,0.6,0.25,0.25,False,False,False,
CodeLlama-13b,87327927,field_match_compressed,True,True,False,0.6,0.25,0.25,False,False,False,
CodeLlama-13b,87327927,full,True,True,False,0.6,0.25,0.25,False,False,False,
CodeLlama-13b,29178445,audit_only,False,False,False,0.5714285714285714,0.0,0.0,False,False,False,unknown_tool
CodeLlama-13b,29178445,field_match,False,False,False,0.5714285714285714,0.0,0.0,False,False,False,unknown_tool
CodeLlama-13b,29178445,field_match_compressed,False,False,False,0.5714285714285714,0.0,0.0,False,False,False,unknown_tool
CodeLlama-13b,29178445,full,False,False,False,0.5714285714285714,0.0,0.0,False,False,False,unknown_tool
CodeLlama-13b,32525760,audit_only,False,False,False,0.5,0.0,0.0,False,False,False,unknown_tool
CodeLlama-13b,32525760,field_match,False,False,False,0.5,0.0,0.0,False,False,False,unknown_tool
CodeLlama-13b,32525760,field_match_compressed,False,False,False,0.5,0.0,0.0,False,False,False,unknown_tool
CodeLlama-13b,32525760,full,False,False,False,0.5,0.0,0.0,False,False,False,unknown_tool
CodeLlama-13b,20833651,audit_only,True,False,False,0.6666666666666666,0.0,0.0,False,False,False,
CodeLlama-13b,20833651,field_match,True,True,False,0.6666666666666666,0.0,0.0,False,False,True,
CodeLlama-13b,20833651,field_match_compressed,True,True,False,0.6666666666666666,0.0,0.0,False,False,True,
CodeLlama-13b,20833651,full,True,True,False,0.6666666666666666,0.0,0.0,False,False,True,
CodeLlama-13b,18395525,audit_only,True,False,False,0.0,0.0,0.0,False,False,False,
CodeLlama-13b,18395525,field_match,True,True,False,0.0,0.0,0.0,False,False,True,
CodeLlama-13b,18395525,field_match_compressed,True,True,False,0.0,0.0,0.0,False,False,True,
CodeLlama-13b,18395525,full,True,True,False,0.0,0.0,0.0,False,False,True,
CodeLlama-13b,55649559,audit_only,False,False,False,0.0,0.0,0.0,False,False,False,unknown_tool
CodeLlama-13b,55649559,field_match,False,False,False,0.0,0.0,0.0,False,False,False,unknown_tool
CodeLlama-13b,55649559,field_match_compressed,False,False,False,0.0,0.0,0.0,False,False,False,unknown_tool
CodeLlama-13b,55649559,full,False,False,False,0.0,0.0,0.0,False,False,False,unknown_tool
CodeLlama-13b,22539900,audit_only,True,False,False,0.8571428571428571,0.4,0.4,False,False,False,
CodeLlama-13b,22539900,field_match,True,True,False,0.8571428571428571,0.4,0.5,False,False,True,
CodeLlama-13b,22539900,field_match_compressed,True,True,False,0.8571428571428571,0.4,0.5,False,False,True,
CodeLlama-13b,22539900,full,True,True,False,0.8571428571428571,0.4,0.5,False,False,True,
CodeLlama-13b,37524177,audit_only,False,False,False,0.4444444444444444,0.2857142857142857,0.2857142857142857,False,False,False,unknown_tool
CodeLlama-13b,37524177,field_match,False,False,False,0.4444444444444444,0.2857142857142857,0.2857142857142857,False,False,False,unknown_tool
CodeLlama-13b,37524177,field_match_compressed,False,False,False,0.4444444444444444,0.2857142857142857,0.2857142857142857,False,False,False,unknown_tool
CodeLlama-13b,37524177,full,False,False,False,0.4444444444444444,0.2857142857142857,0.2857142857142857,False,False,False,unknown_tool
CodeLlama-13b,73648276,audit_only,False,False,False,0.5,0.0,0.0,False,False,False,unknown_tool
CodeLlama-13b,73648276,field_match,False,False,False,0.5,0.0,0.0,False,False,False,unknown_tool
CodeLlama-13b,73648276,field_match_compressed,False,False,False,0.5,0.0,0.0,False,False,False,unknown_tool
CodeLlama-13b,73648276,full,False,False,False,0.5,0.0,0.0,False,False,False,unknown_tool
CodeLlama-13b,67948248,audit_only,True,False,True,0.4,0.0,0.0,False,False,False,
CodeLlama-13b,67948248,field_match,True,True,True,0.4,0.0,0.0,False,False,True,
CodeLlama-13b,67948248,field_match_compressed,True,True,True,0.4,0.0,0.0,False,False,True,
CodeLlama-13b,67948248,full,True,True,True,0.4,0.0,0.0,False,False,True,
CodeLlama-13b,41914644,audit_only,True,False,False,0.3333333333333333,0.0,0.0,False,False,False,
CodeLlama-13b,41914644,field_match,True,True,False,0.3333333333333333,0.0,0.0,False,False,True,
CodeLlama-13b,41914644,field_match_compressed,True,True,False,0.3333333333333333,0.0,0.0,False,False,True,
CodeLlama-13b,41914644,full,True,True,False,0.3333333333333333,0.0,0.0,False,False,True,
CodeLlama-13b,25132217,audit_only,False,False,False,0.5,0.3333333333333333,0.3333333333333333,False,False,False,unknown_tool
CodeLlama-13b,25132217,field_match,False,False,False,0.5,0.3333333333333333,0.3333333333333333,False,False,False,unknown_tool
CodeLlama-13b,25132217,field_match_compressed,False,False,False,0.5,0.3333333333333333,0.3333333333333333,False,False,False,unknown_tool
CodeLlama-13b,25132217,full,False,False,False,0.5,0.3333333333333333,0.3333333333333333,False,False,False,unknown_tool
CodeLlama-13b,30986868,audit_only,True,False,False,0.4,0.0,0.0,False,False,False,
CodeLlama-13b,30986868,field_match,True,True,False,0.4,0.0,0.0,False,False,True,
CodeLlama-13b,30986868,field_match_compressed,True,True,False,0.4,0.0,0.0,False,False,True,
CodeLlama-13b,30986868,full,True,True,False,0.4,0.0,0.0,False,False,True,
CodeLlama-13b,74152398,audit_only,False,False,False,0.6666666666666666,0.5,0.5,False,False,False,invalid_node_reference
CodeLlama-13b,74152398,field_match,False,False,False,0.6666666666666666,0.5,0.5,False,False,False,invalid_node_reference
CodeLlama-13b,74152398,field_match_compressed,False,False,False,0.6666666666666666,0.5,0.5,False,False,False,invalid_node_reference
CodeLlama-13b,74152398,full,False,False,False,0.6666666666666666,0.5,0.5,False,False,False,invalid_node_reference
CodeLlama-13b,22513062,audit_only,False,False,False,1.0,1.0,1.0,True,True,False,invalid_node_reference
CodeLlama-13b,22513062,field_match,False,False,False,1.0,1.0,1.0,True,True,False,invalid_node_reference
CodeLlama-13b,22513062,field_match_compressed,False,False,False,1.0,1.0,1.0,True,True,False,invalid_node_reference
CodeLlama-13b,22513062,full,False,False,False,1.0,1.0,1.0,True,True,False,invalid_node_reference
CodeLlama-13b,10159776,audit_only,False,False,False,0.6666666666666666,0.2857142857142857,0.2857142857142857,False,False,False,unknown_tool
CodeLlama-13b,10159776,field_match,False,False,False,0.6666666666666666,0.2857142857142857,0.2857142857142857,False,False,False,unknown_tool
CodeLlama-13b,10159776,field_match_compressed,False,False,False,0.6666666666666666,0.2857142857142857,0.2857142857142857,False,False,False,unknown_tool
CodeLlama-13b,10159776,full,False,False,False,0.6666666666666666,0.2857142857142857,0.2857142857142857,False,False,False,unknown_tool
CodeLlama-13b,18345101,audit_only,False,False,False,0.4444444444444444,0.0,0.0,False,False,False,unknown_tool
CodeLlama-13b,18345101,field_match,False,False,False,0.4444444444444444,0.0,0.0,False,False,False,unknown_tool
CodeLlama-13b,18345101,field_match_compressed,False,False,False,0.4444444444444444,0.0,0.0,False,False,False,unknown_tool
CodeLlama-13b,18345101,full,False,False,False,0.4444444444444444,0.0,0.0,False,False,False,unknown_tool
CodeLlama-13b,16167259,audit_only,True,True,False,0.6666666666666666,0.2857142857142857,0.2857142857142857,False,False,False,
CodeLlama-13b,16167259,field_match,True,True,False,0.6666666666666666,0.2857142857142857,0.2857142857142857,False,False,False,
CodeLlama-13b,16167259,field_match_compressed,True,True,False,0.6666666666666666,0.2857142857142857,0.2857142857142857,False,False,False,
CodeLlama-13b,16167259,full,True,True,False,0.6666666666666666,0.2857142857142857,0.2857142857142857,False,False,False,
CodeLlama-13b,42199067,audit_only,True,True,True,1.0,1.0,1.0,True,True,False,
CodeLlama-13b,42199067,field_match,True,True,True,1.0,1.0,1.0,True,True,False,
CodeLlama-13b,42199067,field_match_compressed,True,True,True,1.0,1.0,1.0,True,True,False,
CodeLlama-13b,42199067,full,True,True,True,1.0,1.0,1.0,True,True,False,
CodeLlama-13b,18631304,audit_only,False,False,False,0.3076923076923077,0.0,0.0,False,False,False,invalid_node_reference
CodeLlama-13b,18631304,field_match,False,False,False,0.3076923076923077,0.0,0.0,False,False,False,invalid_node_reference
CodeLlama-13b,18631304,field_match_compressed,False,False,False,0.3076923076923077,0.0,0.0,False,False,False,invalid_node_reference
CodeLlama-13b,18631304,full,False,False,False,0.3076923076923077,0.0,0.0,False,False,False,invalid_node_reference
CodeLlama-13b,26271521,audit_only,False,False,False,0.3333333333333333,0.0,0.0,False,False,False,unknown_tool
CodeLlama-13b,26271521,field_match,False,False,False,0.3333333333333333,0.0,0.0,False,False,False,unknown_tool
CodeLlama-13b,26271521,field_match_compressed,False,False,False,0.3333333333333333,0.0,0.0,False,False,False,unknown_tool
CodeLlama-13b,26271521,full,False,False,False,0.3333333333333333,0.0,0.0,False,False,False,unknown_tool
CodeLlama-13b,32057897,audit_only,False,False,False,0.8,0.5,0.5,False,False,False,unknown_tool
CodeLlama-13b,32057897,field_match,False,False,False,0.8,0.5,0.5,False,False,False,unknown_tool
CodeLlama-13b,32057897,field_match_compressed,False,False,False,0.8,0.5,0.5,False,False,False,unknown_tool
CodeLlama-13b,32057897,full,False,False,False,0.8,0.5,0.5,False,False,False,unknown_tool
CodeLlama-13b,12657417,audit_only,True,True,False,0.3333333333333333,0.0,0.0,False,False,False,
CodeLlama-13b,12657417,field_match,True,True,False,0.3333333333333333,0.0,0.0,False,False,False,
CodeLlama-13b,12657417,field_match_compressed,True,True,False,0.3333333333333333,0.0,0.0,False,False,False,
CodeLlama-13b,12657417,full,True,True,False,0.3333333333333333,0.0,0.0,False,False,False,
CodeLlama-13b,30875028,audit_only,False,False,False,0.6666666666666666,0.5,0.5,False,False,False,unknown_tool
CodeLlama-13b,30875028,field_match,False,False,False,0.6666666666666666,0.5,0.5,False,False,False,unknown_tool
CodeLlama-13b,30875028,field_match_compressed,False,False,False,0.6666666666666666,0.5,0.5,False,False,False,unknown_tool
CodeLlama-13b,30875028,full,False,False,False,0.6666666666666666,0.5,0.5,False,False,False,unknown_tool
CodeLlama-13b,28823138,audit_only,True,True,False,0.4,0.0,0.0,False,False,False,
CodeLlama-13b,28823138,field_match,True,True,False,0.4,0.0,0.0,False,False,False,
CodeLlama-13b,28823138,field_match_compressed,True,True,False,0.4,0.0,0.0,False,False,False,
CodeLlama-13b,28823138,full,True,True,False,0.4,0.0,0.0,False,False,False,
CodeLlama-13b,18333396,audit_only,True,True,False,0.4,0.0,0.0,False,False,False,
CodeLlama-13b,18333396,field_match,True,True,False,0.4,0.0,0.0,False,False,False,
CodeLlama-13b,18333396,field_match_compressed,True,True,False,0.4,0.0,0.0,False,False,False,
CodeLlama-13b,18333396,full,True,True,False,0.4,0.0,0.0,False,False,False,
CodeLlama-13b,29458826,audit_only,True,False,False,0.5714285714285714,0.0,0.0,False,False,False,
CodeLlama-13b,29458826,field_match,True,True,False,0.5714285714285714,0.0,0.5,False,False,True,
CodeLlama-13b,29458826,field_match_compressed,True,True,False,0.5714285714285714,0.0,0.5,False,False,True,
CodeLlama-13b,29458826,full,True,True,False,0.5714285714285714,0.0,0.5,False,False,True,
CodeLlama-13b,26514729,audit_only,False,False,False,0.4,0.0,0.0,False,False,False,unknown_tool
CodeLlama-13b,26514729,field_match,False,False,False,0.4,0.0,0.0,False,False,False,unknown_tool
CodeLlama-13b,26514729,field_match_compressed,False,False,False,0.4,0.0,0.0,False,False,False,unknown_tool
CodeLlama-13b,26514729,full,False,False,False,0.4,0.0,0.0,False,False,False,unknown_tool
CodeLlama-13b,32236593,audit_only,True,True,False,0.5,0.0,0.0,False,False,False,
CodeLlama-13b,32236593,field_match,True,True,False,0.5,0.0,0.0,False,False,False,
CodeLlama-13b,32236593,field_match_compressed,True,True,False,0.5,0.0,0.0,False,False,False,
CodeLlama-13b,32236593,full,True,True,False,0.5,0.0,0.0,False,False,False,
CodeLlama-13b,44921618,audit_only,True,True,False,1.0,1.0,1.0,True,True,False,
CodeLlama-13b,44921618,field_match,True,True,False,1.0,1.0,1.0,True,True,False,
CodeLlama-13b,44921618,field_match_compressed,True,True,False,1.0,1.0,1.0,True,True,False,
CodeLlama-13b,44921618,full,True,True,False,1.0,1.0,1.0,True,True,False,
CodeLlama-13b,12612371,audit_only,True,True,False,0.6666666666666666,0.0,0.0,False,False,False,
CodeLlama-13b,12612371,field_match,True,True,False,0.6666666666666666,0.0,0.0,False,False,False,
CodeLlama-13b,12612371,field_match_compressed,True,True,False,0.6666666666666666,0.0,0.0,False,False,False,
CodeLlama-13b,12612371,full,True,True,False,0.6666666666666666,0.0,0.0,False,False,False,
CodeLlama-13b,45995210,audit_only,True,True,True,1.0,1.0,1.0,True,True,False,
CodeLlama-13b,45995210,field_match,True,True,True,1.0,1.0,1.0,True,True,False,
CodeLlama-13b,45995210,field_match_compressed,True,True,True,1.0,1.0,1.0,True,True,False,
CodeLlama-13b,45995210,full,True,True,True,1.0,1.0,1.0,True,True,False,
CodeLlama-13b,16278219,audit_only,False,False,False,0.5714285714285714,0.4,0.4,False,False,False,invalid_node_reference
CodeLlama-13b,16278219,field_match,False,False,False,0.5714285714285714,0.4,0.4,False,False,False,invalid_node_reference
CodeLlama-13b,16278219,field_match_compressed,False,False,False,0.5714285714285714,0.4,0.4,False,False,False,invalid_node_reference
CodeLlama-13b,16278219,full,False,False,False,0.5714285714285714,0.4,0.4,False,False,False,invalid_node_reference
CodeLlama-13b,12793269,audit_only,False,False,False,0.5714285714285714,0.4,0.4,False,False,False,unknown_tool
CodeLlama-13b,12793269,field_match,False,False,False,0.5714285714285714,0.4,0.4,False,False,False,unknown_tool
CodeLlama-13b,12793269,field_match_compressed,False,False,False,0.5714285714285714,0.4,0.4,False,False,False,unknown_tool
CodeLlama-13b,12793269,full,False,False,False,0.5714285714285714,0.4,0.4,False,False,False,unknown_tool
CodeLlama-13b,30068904,audit_only,False,False,False,0.2857142857142857,0.0,0.0,False,False,False,unknown_tool
CodeLlama-13b,30068904,field_match,False,False,False,0.2857142857142857,0.0,0.0,False,False,False,unknown_tool
CodeLlama-13b,30068904,field_match_compressed,False,False,False,0.2857142857142857,0.0,0.0,False,False,False,unknown_tool
CodeLlama-13b,30068904,full,False,False,False,0.2857142857142857,0.0,0.0,False,False,False,unknown_tool
CodeLlama-13b,41866354,audit_only,False,False,False,0.75,0.0,0.0,False,False,False,unknown_tool
CodeLlama-13b,41866354,field_match,False,False,False,0.75,0.0,0.0,False,False,False,unknown_tool
CodeLlama-13b,41866354,field_match_compressed,False,False,False,0.75,0.0,0.0,False,False,False,unknown_tool
CodeLlama-13b,41866354,full,False,False,False,0.75,0.0,0.0,False,False,False,unknown_tool
CodeLlama-13b,14071691,audit_only,True,True,False,1.0,1.0,1.0,True,True,False,
CodeLlama-13b,14071691,field_match,True,True,False,1.0,1.0,1.0,True,True,False,
CodeLlama-13b,14071691,field_match_compressed,True,True,False,1.0,1.0,1.0,True,True,False,
CodeLlama-13b,14071691,full,True,True,False,1.0,1.0,1.0,True,True,False,
CodeLlama-13b,15629367,audit_only,False,False,False,0.2,0.0,0.0,False,False,False,unknown_tool
CodeLlama-13b,15629367,field_match,False,False,False,0.2,0.0,0.0,False,False,False,unknown_tool
CodeLlama-13b,15629367,field_match_compressed,False,False,False,0.2,0.0,0.0,False,False,False,unknown_tool
CodeLlama-13b,15629367,full,False,False,False,0.2,0.0,0.0,False,False,False,unknown_tool
CodeLlama-13b,20912596,audit_only,True,False,False,0.6,0.25,0.25,False,False,False,
CodeLlama-13b,20912596,field_match,True,True,False,0.6,0.25,0.2857142857142857,False,False,True,
CodeLlama-13b,20912596,field_match_compressed,True,True,False,0.6,0.25,0.2857142857142857,False,False,True,
CodeLlama-13b,20912596,full,True,True,False,0.6,0.25,0.2857142857142857,False,False,True,
CodeLlama-13b,30280625,audit_only,False,False,False,0.5,0.0,0.0,False,False,False,unknown_tool
CodeLlama-13b,30280625,field_match,False,False,False,0.5,0.0,0.0,False,False,False,unknown_tool
CodeLlama-13b,30280625,field_match_compressed,False,False,False,0.5,0.0,0.0,False,False,False,unknown_tool
CodeLlama-13b,30280625,full,False,False,False,0.5,0.0,0.0,False,False,False,unknown_tool
CodeLlama-13b,27997019,audit_only,True,True,False,0.8571428571428571,0.8,0.8,False,False,False,
CodeLlama-13b,27997019,field_match,True,True,False,0.8571428571428571,0.8,0.8,False,False,False,
CodeLlama-13b,27997019,field_match_compressed,True,True,False,0.8571428571428571,0.8,0.8,False,False,False,
CodeLlama-13b,27997019,full,True,True,False,0.8571428571428571,0.8,0.8,False,False,False,
CodeLlama-13b,72002913,audit_only,True,False,True,1.0,1.0,1.0,True,True,False,
CodeLlama-13b,72002913,field_match,True,True,True,1.0,1.0,0.8333333333333334,True,False,True,
CodeLlama-13b,72002913,field_match_compressed,True,True,True,1.0,1.0,0.8333333333333334,True,False,True,
CodeLlama-13b,72002913,full,True,True,True,1.0,1.0,0.8333333333333334,True,False,True,
CodeLlama-13b,16102407,audit_only,False,False,False,0.4,0.0,0.0,False,False,False,unknown_tool
CodeLlama-13b,16102407,field_match,False,False,False,0.4,0.0,0.0,False,False,False,unknown_tool
CodeLlama-13b,16102407,field_match_compressed,False,False,False,0.4,0.0,0.0,False,False,False,unknown_tool
CodeLlama-13b,16102407,full,False,False,False,0.4,0.0,0.0,False,False,False,unknown_tool
CodeLlama-13b,12544591,audit_only,False,False,False,0.3333333333333333,0.0,0.0,False,False,False,unknown_tool
CodeLlama-13b,12544591,field_match,False,False,False,0.3333333333333333,0.0,0.0,False,False,False,unknown_tool
CodeLlama-13b,12544591,field_match_compressed,False,False,False,0.3333333333333333,0.0,0.0,False,False,False,unknown_tool
CodeLlama-13b,12544591,full,False,False,False,0.3333333333333333,0.0,0.0,False,False,False,unknown_tool
CodeLlama-13b,13171761,audit_only,False,False,False,0.5714285714285714,0.4,0.4,False,False,False,unknown_tool
CodeLlama-13b,13171761,field_match,False,False,False,0.5714285714285714,0.4,0.4,False,False,False,unknown_tool
CodeLlama-13b,13171761,field_match_compressed,False,False,False,0.5714285714285714,0.4,0.4,False,False,False,unknown_tool
CodeLlama-13b,13171761,full,False,False,False,0.5714285714285714,0.4,0.4,False,False,False,unknown_tool
CodeLlama-13b,82360299,audit_only,True,True,True,0.8,0.5,0.5,False,False,False,
CodeLlama-13b,82360299,field_match,True,True,True,0.8,0.5,0.5,False,False,False,
CodeLlama-13b,82360299,field_match_compressed,True,True,True,0.8,0.5,0.5,False,False,False,
CodeLlama-13b,82360299,full,True,True,True,0.8,0.5,0.5,False,False,False,
CodeLlama-13b,21265262,audit_only,True,False,True,1.0,1.0,1.0,True,True,False,
CodeLlama-13b,21265262,field_match,True,True,True,1.0,1.0,0.6666666666666666,True,False,True,
CodeLlama-13b,21265262,field_match_compressed,True,True,True,1.0,1.0,0.6666666666666666,True,False,True,
CodeLlama-13b,21265262,full,True,True,True,1.0,1.0,0.6666666666666666,True,False,True,
CodeLlama-13b,22409766,audit_only,False,False,False,0.6,0.2222222222222222,0.2222222222222222,False,False,False,ambiguous_repeated_tool
CodeLlama-13b,22409766,field_match,False,False,False,0.6,0.2222222222222222,0.2222222222222222,False,False,False,ambiguous_repeated_tool
CodeLlama-13b,22409766,field_match_compressed,False,False,False,0.6,0.2222222222222222,0.2222222222222222,False,False,False,ambiguous_repeated_tool
CodeLlama-13b,22409766,full,False,False,False,0.6,0.2222222222222222,0.2222222222222222,False,False,False,ambiguous_repeated_tool
CodeLlama-13b,29505223,audit_only,True,True,True,1.0,1.0,1.0,True,True,False,
CodeLlama-13b,29505223,field_match,True,True,True,1.0,1.0,1.0,True,True,False,
CodeLlama-13b,29505223,field_match_compressed,True,True,True,1.0,1.0,1.0,True,True,False,
CodeLlama-13b,29505223,full,True,True,True,1.0,1.0,1.0,True,True,False,
CodeLlama-13b,28957129,audit_only,False,False,False,0.6666666666666666,0.5,0.5,False,False,False,invalid_argument_container
CodeLlama-13b,28957129,field_match,False,False,False,0.6666666666666666,0.5,0.5,False,False,False,invalid_argument_container
CodeLlama-13b,28957129,field_match_compressed,False,False,False,0.6666666666666666,0.5,0.5,False,False,False,invalid_argument_container
CodeLlama-13b,28957129,full,False,False,False,0.6666666666666666,0.5,0.5,False,False,False,invalid_argument_container
CodeLlama-13b,22613571,audit_only,True,False,False,0.2,0.0,0.0,False,False,False,
CodeLlama-13b,22613571,field_match,True,True,False,0.2,0.0,0.0,False,False,True,
CodeLlama-13b,22613571,field_match_compressed,True,True,False,0.2,0.0,0.0,False,False,True,
CodeLlama-13b,22613571,full,True,True,False,0.2,0.0,0.0,False,False,True,
CodeLlama-13b,16183062,audit_only,True,True,False,0.5714285714285714,0.4,0.4,False,False,False,
CodeLlama-13b,16183062,field_match,True,True,False,0.5714285714285714,0.4,0.4,False,False,False,
CodeLlama-13b,16183062,field_match_compressed,True,True,False,0.5714285714285714,0.4,0.4,False,False,False,
CodeLlama-13b,16183062,full,True,True,False,0.5714285714285714,0.4,0.4,False,False,False,
CodeLlama-13b,29227923,audit_only,True,False,False,0.75,0.3333333333333333,0.3333333333333333,False,False,False,
CodeLlama-13b,29227923,field_match,True,True,False,0.75,0.3333333333333333,0.4,False,False,True,
CodeLlama-13b,29227923,field_match_compressed,True,True,False,0.75,0.3333333333333333,0.4,False,False,True,
CodeLlama-13b,29227923,full,True,True,False,0.75,0.3333333333333333,0.4,False,False,True,
CodeLlama-13b,28555836,audit_only,False,False,False,0.2857142857142857,0.0,0.0,False,False,False,unknown_tool
CodeLlama-13b,28555836,field_match,False,False,False,0.2857142857142857,0.0,0.0,False,False,False,unknown_tool
CodeLlama-13b,28555836,field_match_compressed,False,False,False,0.2857142857142857,0.0,0.0,False,False,False,unknown_tool
CodeLlama-13b,28555836,full,False,False,False,0.2857142857142857,0.0,0.0,False,False,False,unknown_tool
CodeLlama-13b,27945683,audit_only,False,False,False,0.2222222222222222,0.0,0.0,False,False,False,unknown_tool
CodeLlama-13b,27945683,field_match,False,False,False,0.2222222222222222,0.0,0.0,False,False,False,unknown_tool
CodeLlama-13b,27945683,field_match_compressed,False,False,False,0.2222222222222222,0.0,0.0,False,False,False,unknown_tool
CodeLlama-13b,27945683,full,False,False,False,0.2222222222222222,0.0,0.0,False,False,False,unknown_tool
CodeLlama-13b,81898989,audit_only,True,True,False,0.75,0.6666666666666666,0.6666666666666666,False,False,False,
CodeLlama-13b,81898989,field_match,True,True,False,0.75,0.6666666666666666,0.6666666666666666,False,False,False,
CodeLlama-13b,81898989,field_match_compressed,True,True,False,0.75,0.6666666666666666,0.6666666666666666,False,False,False,
CodeLlama-13b,81898989,full,True,True,False,0.75,0.6666666666666666,0.6666666666666666,False,False,False,
CodeLlama-13b,36137018,audit_only,True,True,False,0.7142857142857143,0.3333333333333333,0.3333333333333333,False,False,False,
CodeLlama-13b,36137018,field_match,True,True,False,0.7142857142857143,0.3333333333333333,0.3333333333333333,False,False,False,
CodeLlama-13b,36137018,field_match_compressed,True,True,False,0.7142857142857143,0.3333333333333333,0.3333333333333333,False,False,False,
CodeLlama-13b,36137018,full,True,True,False,0.7142857142857143,0.3333333333333333,0.3333333333333333,False,False,False,
CodeLlama-13b,68842384,audit_only,False,False,False,0.5,0.0,0.0,False,False,False,invalid_node_reference
CodeLlama-13b,68842384,field_match,False,False,False,0.5,0.0,0.0,False,False,False,invalid_node_reference
CodeLlama-13b,68842384,field_match_compressed,False,False,False,0.5,0.0,0.0,False,False,False,invalid_node_reference
CodeLlama-13b,68842384,full,False,False,False,0.5,0.0,0.0,False,False,False,invalid_node_reference
CodeLlama-13b,23137059,audit_only,False,False,False,0.5,0.0,0.0,False,False,False,unknown_tool
CodeLlama-13b,23137059,field_match,False,False,False,0.5,0.0,0.0,False,False,False,unknown_tool
CodeLlama-13b,23137059,field_match_compressed,False,False,False,0.5,0.0,0.0,False,False,False,unknown_tool
CodeLlama-13b,23137059,full,False,False,False,0.5,0.0,0.0,False,False,False,unknown_tool
CodeLlama-13b,88993035,audit_only,True,True,True,1.0,1.0,1.0,True,True,False,
CodeLlama-13b,88993035,field_match,True,True,True,1.0,1.0,1.0,True,True,False,
CodeLlama-13b,88993035,field_match_compressed,True,True,True,1.0,1.0,1.0,True,True,False,
CodeLlama-13b,88993035,full,True,True,True,1.0,1.0,1.0,True,True,False,
CodeLlama-13b,22108965,audit_only,True,True,False,0.6666666666666666,0.5,0.5,False,False,False,
CodeLlama-13b,22108965,field_match,True,True,False,0.6666666666666666,0.5,0.5,False,False,False,
CodeLlama-13b,22108965,field_match_compressed,True,True,False,0.6666666666666666,0.5,0.5,False,False,False,
CodeLlama-13b,22108965,full,True,True,False,0.6666666666666666,0.5,0.5,False,False,False,
CodeLlama-13b,17934951,audit_only,False,False,False,0.6666666666666666,0.5,0.5,False,False,False,unknown_tool
CodeLlama-13b,17934951,field_match,False,False,False,0.6666666666666666,0.5,0.5,False,False,False,unknown_tool
CodeLlama-13b,17934951,field_match_compressed,False,False,False,0.6666666666666666,0.5,0.5,False,False,False,unknown_tool
CodeLlama-13b,17934951,full,False,False,False,0.6666666666666666,0.5,0.5,False,False,False,unknown_tool
CodeLlama-13b,88374923,audit_only,True,False,False,0.0,0.0,0.0,False,False,False,
CodeLlama-13b,88374923,field_match,True,True,False,0.0,0.0,0.0,False,False,True,
CodeLlama-13b,88374923,field_match_compressed,True,True,False,0.0,0.0,0.0,False,False,True,
CodeLlama-13b,88374923,full,True,True,False,0.0,0.0,0.0,False,False,True,
CodeLlama-13b,30990439,audit_only,False,False,False,0.8,0.25,0.25,False,False,False,invalid_node_reference
CodeLlama-13b,30990439,field_match,False,False,False,0.8,0.25,0.25,False,False,False,invalid_node_reference
CodeLlama-13b,30990439,field_match_compressed,False,False,False,0.8,0.25,0.25,False,False,False,invalid_node_reference
CodeLlama-13b,30990439,full,False,False,False,0.8,0.25,0.25,False,False,False,invalid_node_reference
CodeLlama-13b,20785958,audit_only,False,False,False,0.5,0.0,0.0,False,False,False,unknown_tool
CodeLlama-13b,20785958,field_match,False,False,False,0.5,0.0,0.0,False,False,False,unknown_tool
CodeLlama-13b,20785958,field_match_compressed,False,False,False,0.5,0.0,0.0,False,False,False,unknown_tool
CodeLlama-13b,20785958,full,False,False,False,0.5,0.0,0.0,False,False,False,unknown_tool
CodeLlama-13b,26140199,audit_only,False,False,False,0.75,0.3333333333333333,0.3333333333333333,False,False,False,unknown_tool
CodeLlama-13b,26140199,field_match,False,False,False,0.75,0.3333333333333333,0.3333333333333333,False,False,False,unknown_tool
CodeLlama-13b,26140199,field_match_compressed,False,False,False,0.75,0.3333333333333333,0.3333333333333333,False,False,False,unknown_tool
CodeLlama-13b,26140199,full,False,False,False,0.75,0.3333333333333333,0.3333333333333333,False,False,False,unknown_tool
CodeLlama-13b,21563157,audit_only,True,True,True,0.2857142857142857,0.0,0.0,False,False,False,
CodeLlama-13b,21563157,field_match,True,True,True,0.2857142857142857,0.0,0.0,False,False,False,
CodeLlama-13b,21563157,field_match_compressed,True,True,True,0.2857142857142857,0.0,0.0,False,False,False,
CodeLlama-13b,21563157,full,True,True,True,0.2857142857142857,0.0,0.0,False,False,False,
CodeLlama-13b,31850224,audit_only,False,False,False,0.6666666666666666,0.5,0.5,False,False,False,unknown_tool
CodeLlama-13b,31850224,field_match,False,False,False,0.6666666666666666,0.5,0.5,False,False,False,unknown_tool
CodeLlama-13b,31850224,field_match_compressed,False,False,False,0.6666666666666666,0.5,0.5,False,False,False,unknown_tool
CodeLlama-13b,31850224,full,False,False,False,0.6666666666666666,0.5,0.5,False,False,False,unknown_tool
CodeLlama-13b,35149597,audit_only,True,True,True,0.75,0.6666666666666666,0.6666666666666666,False,False,False,
CodeLlama-13b,35149597,field_match,True,True,True,0.75,0.6666666666666666,0.6666666666666666,False,False,False,
CodeLlama-13b,35149597,field_match_compressed,True,True,True,0.75,0.6666666666666666,0.6666666666666666,False,False,False,
CodeLlama-13b,35149597,full,True,True,True,0.75,0.6666666666666666,0.6666666666666666,False,False,False,
CodeLlama-13b,12042749,audit_only,False,False,False,0.5714285714285714,0.0,0.0,False,False,False,unknown_tool
CodeLlama-13b,12042749,field_match,False,False,False,0.5714285714285714,0.0,0.0,False,False,False,unknown_tool
CodeLlama-13b,12042749,field_match_compressed,False,False,False,0.5714285714285714,0.0,0.0,False,False,False,unknown_tool
CodeLlama-13b,12042749,full,False,False,False,0.5714285714285714,0.0,0.0,False,False,False,unknown_tool
CodeLlama-13b,17395473,audit_only,True,True,False,0.3333333333333333,0.0,0.0,False,False,False,
CodeLlama-13b,17395473,field_match,True,True,False,0.3333333333333333,0.0,0.0,False,False,False,
CodeLlama-13b,17395473,field_match_compressed,True,True,False,0.3333333333333333,0.0,0.0,False,False,False,
CodeLlama-13b,17395473,full,True,True,False,0.3333333333333333,0.0,0.0,False,False,False,
CodeLlama-13b,59295479,audit_only,True,True,True,1.0,1.0,1.0,True,True,False,
CodeLlama-13b,59295479,field_match,True,True,True,1.0,1.0,1.0,True,True,False,
CodeLlama-13b,59295479,field_match_compressed,True,True,True,1.0,1.0,1.0,True,True,False,
CodeLlama-13b,59295479,full,True,True,True,1.0,1.0,1.0,True,True,False,
CodeLlama-13b,32756643,audit_only,False,False,False,0.2857142857142857,0.0,0.0,False,False,False,invalid_node_reference
CodeLlama-13b,32756643,field_match,False,False,False,0.2857142857142857,0.0,0.0,False,False,False,invalid_node_reference
CodeLlama-13b,32756643,field_match_compressed,False,False,False,0.2857142857142857,0.0,0.0,False,False,False,invalid_node_reference
CodeLlama-13b,32756643,full,False,False,False,0.2857142857142857,0.0,0.0,False,False,False,invalid_node_reference
CodeLlama-13b,27103924,audit_only,True,False,False,0.6666666666666666,0.5,0.5,False,False,False,
CodeLlama-13b,27103924,field_match,True,True,False,0.6666666666666666,0.5,0.6666666666666666,False,False,True,
CodeLlama-13b,27103924,field_match_compressed,True,True,False,0.6666666666666666,0.5,0.6666666666666666,False,False,True,
CodeLlama-13b,27103924,full,True,True,False,0.6666666666666666,0.5,0.6666666666666666,False,False,True,
CodeLlama-13b,95335826,audit_only,False,False,False,0.5,0.0,0.0,False,False,False,unknown_tool
CodeLlama-13b,95335826,field_match,False,False,False,0.5,0.0,0.0,False,False,False,unknown_tool
CodeLlama-13b,95335826,field_match_compressed,False,False,False,0.5,0.0,0.0,False,False,False,unknown_tool
CodeLlama-13b,95335826,full,False,False,False,0.5,0.0,0.0,False,False,False,unknown_tool
CodeLlama-13b,26719409,audit_only,True,True,False,0.3333333333333333,0.0,0.0,False,False,False,
CodeLlama-13b,26719409,field_match,True,True,False,0.3333333333333333,0.0,0.0,False,False,False,
CodeLlama-13b,26719409,field_match_compressed,True,True,False,0.3333333333333333,0.0,0.0,False,False,False,
CodeLlama-13b,26719409,full,True,True,False,0.3333333333333333,0.0,0.0,False,False,False,
CodeLlama-13b,29700804,audit_only,False,False,False,0.5,0.0,0.0,False,False,False,unknown_tool
CodeLlama-13b,29700804,field_match,False,False,False,0.5,0.0,0.0,False,False,False,unknown_tool
CodeLlama-13b,29700804,field_match_compressed,False,False,False,0.5,0.0,0.0,False,False,False,unknown_tool
CodeLlama-13b,29700804,full,False,False,False,0.5,0.0,0.0,False,False,False,unknown_tool
CodeLlama-13b,18267263,audit_only,True,True,True,1.0,1.0,1.0,True,True,False,
CodeLlama-13b,18267263,field_match,True,True,True,1.0,1.0,1.0,True,True,False,
CodeLlama-13b,18267263,field_match_compressed,True,True,True,1.0,1.0,1.0,True,True,False,
CodeLlama-13b,18267263,full,True,True,True,1.0,1.0,1.0,True,True,False,
CodeLlama-13b,24280791,audit_only,False,False,False,0.25,0.0,0.0,False,False,False,unknown_tool
CodeLlama-13b,24280791,field_match,False,False,False,0.25,0.0,0.0,False,False,False,unknown_tool
CodeLlama-13b,24280791,field_match_compressed,False,False,False,0.25,0.0,0.0,False,False,False,unknown_tool
CodeLlama-13b,24280791,full,False,False,False,0.25,0.0,0.0,False,False,False,unknown_tool
CodeLlama-13b,31356910,audit_only,False,False,False,0.8571428571428571,0.6666666666666666,0.6666666666666666,False,False,False,unknown_tool
CodeLlama-13b,31356910,field_match,False,False,False,0.8571428571428571,0.6666666666666666,0.6666666666666666,False,False,False,unknown_tool
CodeLlama-13b,31356910,field_match_compressed,False,False,False,0.8571428571428571,0.6666666666666666,0.6666666666666666,False,False,False,unknown_tool
CodeLlama-13b,31356910,full,False,False,False,0.8571428571428571,0.6666666666666666,0.6666666666666666,False,False,False,unknown_tool
CodeLlama-13b,20889516,audit_only,False,False,False,0.8,0.5,0.5,False,False,False,unknown_tool
CodeLlama-13b,20889516,field_match,False,False,False,0.8,0.5,0.5,False,False,False,unknown_tool
CodeLlama-13b,20889516,field_match_compressed,False,False,False,0.8,0.5,0.5,False,False,False,unknown_tool
CodeLlama-13b,20889516,full,False,False,False,0.8,0.5,0.5,False,False,False,unknown_tool
CodeLlama-13b,30199071,audit_only,False,False,False,0.5,0.3333333333333333,0.3333333333333333,False,False,False,unknown_tool
CodeLlama-13b,30199071,field_match,False,False,False,0.5,0.3333333333333333,0.3333333333333333,False,False,False,unknown_tool
CodeLlama-13b,30199071,field_match_compressed,False,False,False,0.5,0.3333333333333333,0.3333333333333333,False,False,False,unknown_tool
CodeLlama-13b,30199071,full,False,False,False,0.5,0.3333333333333333,0.3333333333333333,False,False,False,unknown_tool
CodeLlama-13b,24209156,audit_only,False,False,False,0.5,0.0,0.0,False,False,False,unknown_tool
CodeLlama-13b,24209156,field_match,False,False,False,0.5,0.0,0.0,False,False,False,unknown_tool
CodeLlama-13b,24209156,field_match_compressed,False,False,False,0.5,0.0,0.0,False,False,False,unknown_tool
CodeLlama-13b,24209156,full,False,False,False,0.5,0.0,0.0,False,False,False,unknown_tool
CodeLlama-13b,14812601,audit_only,False,False,False,0.2857142857142857,0.0,0.0,False,False,False,unknown_tool
CodeLlama-13b,14812601,field_match,False,False,False,0.2857142857142857,0.0,0.0,False,False,False,unknown_tool
CodeLlama-13b,14812601,field_match_compressed,False,False,False,0.2857142857142857,0.0,0.0,False,False,False,unknown_tool
CodeLlama-13b,14812601,full,False,False,False,0.2857142857142857,0.0,0.0,False,False,False,unknown_tool
CodeLlama-13b,14843258,audit_only,True,True,True,0.4444444444444444,0.2857142857142857,0.2857142857142857,False,False,False,
CodeLlama-13b,14843258,field_match,True,True,True,0.4444444444444444,0.2857142857142857,0.2857142857142857,False,False,False,
CodeLlama-13b,14843258,field_match_compressed,True,True,True,0.4444444444444444,0.2857142857142857,0.2857142857142857,False,False,False,
CodeLlama-13b,14843258,full,True,True,True,0.4444444444444444,0.2857142857142857,0.2857142857142857,False,False,False,
CodeLlama-13b,34019840,audit_only,True,True,True,1.0,1.0,1.0,True,True,False,
CodeLlama-13b,34019840,field_match,True,True,True,1.0,1.0,1.0,True,True,False,
CodeLlama-13b,34019840,field_match_compressed,True,True,True,1.0,1.0,1.0,True,True,False,
CodeLlama-13b,34019840,full,True,True,True,1.0,1.0,1.0,True,True,False,
CodeLlama-13b,75898302,audit_only,False,False,False,0.75,0.3333333333333333,0.3333333333333333,False,False,False,invalid_node_reference
CodeLlama-13b,75898302,field_match,False,False,False,0.75,0.3333333333333333,0.3333333333333333,False,False,False,invalid_node_reference
CodeLlama-13b,75898302,field_match_compressed,False,False,False,0.75,0.3333333333333333,0.3333333333333333,False,False,False,invalid_node_reference
CodeLlama-13b,75898302,full,False,False,False,0.75,0.3333333333333333,0.3333333333333333,False,False,False,invalid_node_reference
CodeLlama-13b,16947728,audit_only,False,False,False,0.5,0.3333333333333333,0.3333333333333333,False,False,False,unknown_tool
CodeLlama-13b,16947728,field_match,False,False,False,0.5,0.3333333333333333,0.3333333333333333,False,False,False,unknown_tool
CodeLlama-13b,16947728,field_match_compressed,False,False,False,0.5,0.3333333333333333,0.3333333333333333,False,False,False,unknown_tool
CodeLlama-13b,16947728,full,False,False,False,0.5,0.3333333333333333,0.3333333333333333,False,False,False,unknown_tool
CodeLlama-13b,22818958,audit_only,True,True,True,0.0,0.0,0.0,False,False,False,
CodeLlama-13b,22818958,field_match,True,True,True,0.0,0.0,0.0,False,False,False,
CodeLlama-13b,22818958,field_match_compressed,True,True,True,0.0,0.0,0.0,False,False,False,
CodeLlama-13b,22818958,full,True,True,True,0.0,0.0,0.0,False,False,False,
CodeLlama-13b,15570196,audit_only,True,True,True,0.75,0.3333333333333333,0.3333333333333333,False,False,False,
CodeLlama-13b,15570196,field_match,True,True,True,0.75,0.3333333333333333,0.3333333333333333,False,False,False,
CodeLlama-13b,15570196,field_match_compressed,True,True,True,0.75,0.3333333333333333,0.3333333333333333,False,False,False,
CodeLlama-13b,15570196,full,True,True,True,0.75,0.3333333333333333,0.3333333333333333,False,False,False,
CodeLlama-13b,28299238,audit_only,True,True,False,0.6666666666666666,0.0,0.0,False,False,False,
CodeLlama-13b,28299238,field_match,True,True,False,0.6666666666666666,0.0,0.0,False,False,False,
CodeLlama-13b,28299238,field_match_compressed,True,True,False,0.6666666666666666,0.0,0.0,False,False,False,
CodeLlama-13b,28299238,full,True,True,False,0.6666666666666666,0.0,0.0,False,False,False,
CodeLlama-13b,28779760,audit_only,False,False,False,0.2857142857142857,0.0,0.0,False,False,False,unknown_tool
CodeLlama-13b,28779760,field_match,False,False,False,0.2857142857142857,0.0,0.0,False,False,False,unknown_tool
CodeLlama-13b,28779760,field_match_compressed,False,False,False,0.2857142857142857,0.0,0.0,False,False,False,unknown_tool
CodeLlama-13b,28779760,full,False,False,False,0.2857142857142857,0.0,0.0,False,False,False,unknown_tool
CodeLlama-13b,12965513,audit_only,False,False,False,0.2222222222222222,0.0,0.0,False,False,False,unknown_tool
CodeLlama-13b,12965513,field_match,False,False,False,0.2222222222222222,0.0,0.0,False,False,False,unknown_tool
CodeLlama-13b,12965513,field_match_compressed,False,False,False,0.2222222222222222,0.0,0.0,False,False,False,unknown_tool
CodeLlama-13b,12965513,full,False,False,False,0.2222222222222222,0.0,0.0,False,False,False,unknown_tool
CodeLlama-13b,22714115,audit_only,False,False,False,0.2857142857142857,0.0,0.0,False,False,False,unknown_tool
CodeLlama-13b,22714115,field_match,False,False,False,0.2857142857142857,0.0,0.0,False,False,False,unknown_tool
CodeLlama-13b,22714115,field_match_compressed,False,False,False,0.2857142857142857,0.0,0.0,False,False,False,unknown_tool
CodeLlama-13b,22714115,full,False,False,False,0.2857142857142857,0.0,0.0,False,False,False,unknown_tool
CodeLlama-13b,11796569,audit_only,False,False,False,0.3333333333333333,0.0,0.0,False,False,False,unknown_tool
CodeLlama-13b,11796569,field_match,False,False,False,0.3333333333333333,0.0,0.0,False,False,False,unknown_tool
CodeLlama-13b,11796569,field_match_compressed,False,False,False,0.3333333333333333,0.0,0.0,False,False,False,unknown_tool
CodeLlama-13b,11796569,full,False,False,False,0.3333333333333333,0.0,0.0,False,False,False,unknown_tool
CodeLlama-13b,15248928,audit_only,True,True,False,0.75,0.6666666666666666,0.6666666666666666,False,False,False,
CodeLlama-13b,15248928,field_match,True,True,False,0.75,0.6666666666666666,0.6666666666666666,False,False,False,
CodeLlama-13b,15248928,field_match_compressed,True,True,False,0.75,0.6666666666666666,0.6666666666666666,False,False,False,
CodeLlama-13b,15248928,full,True,True,False,0.75,0.6666666666666666,0.6666666666666666,False,False,False,
CodeLlama-13b,24043306,audit_only,True,True,True,0.5714285714285714,0.0,0.0,False,False,False,
CodeLlama-13b,24043306,field_match,True,True,True,0.5714285714285714,0.0,0.0,False,False,False,
CodeLlama-13b,24043306,field_match_compressed,True,True,True,0.5714285714285714,0.0,0.0,False,False,False,
CodeLlama-13b,24043306,full,True,True,True,0.5714285714285714,0.0,0.0,False,False,False,
CodeLlama-13b,22497113,audit_only,True,True,True,0.4,0.0,0.0,False,False,False,
CodeLlama-13b,22497113,field_match,True,True,True,0.4,0.0,0.0,False,False,False,
CodeLlama-13b,22497113,field_match_compressed,True,True,True,0.4,0.0,0.0,False,False,False,
CodeLlama-13b,22497113,full,True,True,True,0.4,0.0,0.0,False,False,False,
CodeLlama-13b,25249249,audit_only,False,False,False,0.0,0.0,0.0,False,False,False,unknown_tool
CodeLlama-13b,25249249,field_match,False,False,False,0.0,0.0,0.0,False,False,False,unknown_tool
CodeLlama-13b,25249249,field_match_compressed,False,False,False,0.0,0.0,0.0,False,False,False,unknown_tool
CodeLlama-13b,25249249,full,False,False,False,0.0,0.0,0.0,False,False,False,unknown_tool
CodeLlama-13b,51035809,audit_only,False,False,False,0.5454545454545454,0.2222222222222222,0.2222222222222222,False,False,False,invalid_node_reference
CodeLlama-13b,51035809,field_match,False,False,False,0.5454545454545454,0.2222222222222222,0.2222222222222222,False,False,False,invalid_node_reference
CodeLlama-13b,51035809,field_match_compressed,False,False,False,0.5454545454545454,0.2222222222222222,0.2222222222222222,False,False,False,invalid_node_reference
CodeLlama-13b,51035809,full,False,False,False,0.5454545454545454,0.2222222222222222,0.2222222222222222,False,False,False,invalid_node_reference
CodeLlama-13b,23487584,audit_only,True,True,False,0.0,0.0,0.0,False,False,False,
CodeLlama-13b,23487584,field_match,True,True,False,0.0,0.0,0.0,False,False,False,
CodeLlama-13b,23487584,field_match_compressed,True,True,False,0.0,0.0,0.0,False,False,False,
CodeLlama-13b,23487584,full,True,True,False,0.0,0.0,0.0,False,False,False,
CodeLlama-13b,25388828,audit_only,False,False,False,0.2857142857142857,0.0,0.0,False,False,False,unknown_tool
CodeLlama-13b,25388828,field_match,False,False,False,0.2857142857142857,0.0,0.0,False,False,False,unknown_tool
CodeLlama-13b,25388828,field_match_compressed,False,False,False,0.2857142857142857,0.0,0.0,False,False,False,unknown_tool
CodeLlama-13b,25388828,full,False,False,False,0.2857142857142857,0.0,0.0,False,False,False,unknown_tool
CodeLlama-13b,83169152,audit_only,True,True,True,0.5714285714285714,0.4,0.4,False,False,False,
CodeLlama-13b,83169152,field_match,True,True,True,0.5714285714285714,0.4,0.4,False,False,False,
CodeLlama-13b,83169152,field_match_compressed,True,True,True,0.5714285714285714,0.4,0.4,False,False,False,
CodeLlama-13b,83169152,full,True,True,True,0.5714285714285714,0.4,0.4,False,False,False,
CodeLlama-13b,32408965,audit_only,True,True,True,0.8,0.0,0.0,False,False,False,
CodeLlama-13b,32408965,field_match,True,True,True,0.8,0.0,0.0,False,False,False,
CodeLlama-13b,32408965,field_match_compressed,True,True,True,0.8,0.0,0.0,False,False,False,
CodeLlama-13b,32408965,full,True,True,True,0.8,0.0,0.0,False,False,False,
CodeLlama-13b,88745378,audit_only,True,False,True,0.5,0.0,0.0,False,False,False,
CodeLlama-13b,88745378,field_match,True,True,True,0.5,0.0,0.0,False,False,True,
CodeLlama-13b,88745378,field_match_compressed,True,True,True,0.5,0.0,0.0,False,False,True,
CodeLlama-13b,88745378,full,True,True,True,0.5,0.0,0.0,False,False,True,
CodeLlama-13b,12727096,audit_only,True,True,False,1.0,1.0,1.0,True,True,False,
CodeLlama-13b,12727096,field_match,True,True,False,1.0,1.0,1.0,True,True,False,
CodeLlama-13b,12727096,field_match_compressed,True,True,False,1.0,1.0,1.0,True,True,False,
CodeLlama-13b,12727096,full,True,True,False,1.0,1.0,1.0,True,True,False,
CodeLlama-13b,19431208,audit_only,False,False,False,0.2222222222222222,0.0,0.0,False,False,False,unknown_tool
CodeLlama-13b,19431208,field_match,False,False,False,0.2222222222222222,0.0,0.0,False,False,False,unknown_tool
CodeLlama-13b,19431208,field_match_compressed,False,False,False,0.2222222222222222,0.0,0.0,False,False,False,unknown_tool
CodeLlama-13b,19431208,full,False,False,False,0.2222222222222222,0.0,0.0,False,False,False,unknown_tool
CodeLlama-13b,13836608,audit_only,False,False,False,0.75,0.3333333333333333,0.3333333333333333,False,False,False,unknown_tool
CodeLlama-13b,13836608,field_match,False,False,False,0.75,0.3333333333333333,0.3333333333333333,False,False,False,unknown_tool
CodeLlama-13b,13836608,field_match_compressed,False,False,False,0.75,0.3333333333333333,0.3333333333333333,False,False,False,unknown_tool
CodeLlama-13b,13836608,full,False,False,False,0.75,0.3333333333333333,0.3333333333333333,False,False,False,unknown_tool
CodeLlama-13b,17171654,audit_only,True,False,True,0.25,0.0,0.0,False,False,False,
CodeLlama-13b,17171654,field_match,True,True,True,0.25,0.0,0.0,False,False,True,
CodeLlama-13b,17171654,field_match_compressed,True,True,True,0.25,0.0,0.0,False,False,True,
CodeLlama-13b,17171654,full,True,True,True,0.25,0.0,0.0,False,False,True,
CodeLlama-13b,80969124,audit_only,False,False,False,1.0,1.0,1.0,True,True,False,invalid_node_reference
CodeLlama-13b,80969124,field_match,False,False,False,1.0,1.0,1.0,True,True,False,invalid_node_reference
CodeLlama-13b,80969124,field_match_compressed,False,False,False,1.0,1.0,1.0,True,True,False,invalid_node_reference
CodeLlama-13b,80969124,full,False,False,False,1.0,1.0,1.0,True,True,False,invalid_node_reference
CodeLlama-13b,15905758,audit_only,True,False,True,0.8888888888888888,0.8571428571428571,0.8571428571428571,False,False,False,
CodeLlama-13b,15905758,field_match,True,True,True,0.8888888888888888,0.8571428571428571,0.5714285714285714,False,False,True,
CodeLlama-13b,15905758,field_match_compressed,True,True,True,0.8888888888888888,0.8571428571428571,0.5714285714285714,False,False,True,
CodeLlama-13b,15905758,full,True,True,True,0.8888888888888888,0.8571428571428571,0.5714285714285714,False,False,True,
CodeLlama-13b,13628804,audit_only,True,True,True,0.0,0.0,0.0,False,False,False,
CodeLlama-13b,13628804,field_match,True,True,True,0.0,0.0,0.0,False,False,False,
CodeLlama-13b,13628804,field_match_compressed,True,True,True,0.0,0.0,0.0,False,False,False,
CodeLlama-13b,13628804,full,True,True,True,0.0,0.0,0.0,False,False,False,
CodeLlama-13b,29339418,audit_only,False,False,False,0.8,0.6666666666666666,0.6666666666666666,False,False,False,invalid_node_reference
CodeLlama-13b,29339418,field_match,False,False,False,0.8,0.6666666666666666,0.6666666666666666,False,False,False,invalid_node_reference
CodeLlama-13b,29339418,field_match_compressed,False,False,False,0.8,0.6666666666666666,0.6666666666666666,False,False,False,invalid_node_reference
CodeLlama-13b,29339418,full,False,False,False,0.8,0.6666666666666666,0.6666666666666666,False,False,False,invalid_node_reference
CodeLlama-13b,77178034,audit_only,False,False,False,0.3333333333333333,0.0,0.0,False,False,False,unknown_tool
CodeLlama-13b,77178034,field_match,False,False,False,0.3333333333333333,0.0,0.0,False,False,False,unknown_tool
CodeLlama-13b,77178034,field_match_compressed,False,False,False,0.3333333333333333,0.0,0.0,False,False,False,unknown_tool
CodeLlama-13b,77178034,full,False,False,False,0.3333333333333333,0.0,0.0,False,False,False,unknown_tool
CodeLlama-13b,26165291,audit_only,True,False,False,1.0,1.0,1.0,True,True,False,
CodeLlama-13b,26165291,field_match,True,True,False,1.0,1.0,0.0,True,False,True,
CodeLlama-13b,26165291,field_match_compressed,True,True,False,1.0,1.0,0.0,True,False,True,
CodeLlama-13b,26165291,full,True,True,False,1.0,1.0,0.0,True,False,True,
CodeLlama-13b,10645050,audit_only,False,False,False,0.0,0.0,0.0,False,False,False,unknown_tool
CodeLlama-13b,10645050,field_match,False,False,False,0.0,0.0,0.0,False,False,False,unknown_tool
CodeLlama-13b,10645050,field_match_compressed,False,False,False,0.0,0.0,0.0,False,False,False,unknown_tool
CodeLlama-13b,10645050,full,False,False,False,0.0,0.0,0.0,False,False,False,unknown_tool
CodeLlama-13b,19883319,audit_only,False,False,False,0.2857142857142857,0.0,0.0,False,False,False,unknown_tool
CodeLlama-13b,19883319,field_match,False,False,False,0.2857142857142857,0.0,0.0,False,False,False,unknown_tool
CodeLlama-13b,19883319,field_match_compressed,False,False,False,0.2857142857142857,0.0,0.0,False,False,False,unknown_tool
CodeLlama-13b,19883319,full,False,False,False,0.2857142857142857,0.0,0.0,False,False,False,unknown_tool
CodeLlama-13b,22866013,audit_only,False,False,False,0.3333333333333333,0.0,0.0,False,False,False,unknown_tool
CodeLlama-13b,22866013,field_match,False,False,False,0.3333333333333333,0.0,0.0,False,False,False,unknown_tool
CodeLlama-13b,22866013,field_match_compressed,False,False,False,0.3333333333333333,0.0,0.0,False,False,False,unknown_tool
CodeLlama-13b,22866013,full,False,False,False,0.3333333333333333,0.0,0.0,False,False,False,unknown_tool
CodeLlama-13b,24217351,audit_only,False,False,False,0.2857142857142857,0.0,0.0,False,False,False,unknown_tool
CodeLlama-13b,24217351,field_match,False,False,False,0.2857142857142857,0.0,0.0,False,False,False,unknown_tool
CodeLlama-13b,24217351,field_match_compressed,False,False,False,0.2857142857142857,0.0,0.0,False,False,False,unknown_tool
CodeLlama-13b,24217351,full,False,False,False,0.2857142857142857,0.0,0.0,False,False,False,unknown_tool
CodeLlama-13b,17599418,audit_only,True,True,False,1.0,1.0,1.0,True,True,False,
CodeLlama-13b,17599418,field_match,True,True,False,1.0,1.0,1.0,True,True,False,
CodeLlama-13b,17599418,field_match_compressed,True,True,False,1.0,1.0,1.0,True,True,False,
CodeLlama-13b,17599418,full,True,True,False,1.0,1.0,1.0,True,True,False,
CodeLlama-13b,73933244,audit_only,True,False,False,0.8,0.25,0.25,False,False,False,
CodeLlama-13b,73933244,field_match,True,True,False,0.8,0.25,0.25,False,False,True,
CodeLlama-13b,73933244,field_match_compressed,True,True,False,0.8,0.25,0.25,False,False,True,
CodeLlama-13b,73933244,full,True,True,False,0.8,0.25,0.25,False,False,True,
CodeLlama-13b,25124574,audit_only,False,False,False,0.5454545454545454,0.0,0.0,False,False,False,unknown_tool
CodeLlama-13b,25124574,field_match,False,False,False,0.5454545454545454,0.0,0.0,False,False,False,unknown_tool
CodeLlama-13b,25124574,field_match_compressed,False,False,False,0.5454545454545454,0.0,0.0,False,False,False,unknown_tool
CodeLlama-13b,25124574,full,False,False,False,0.5454545454545454,0.0,0.0,False,False,False,unknown_tool
mistral-7b,27120336,audit_only,False,False,False,0.2857142857142857,0.0,0.0,False,False,False,ambiguous_repeated_tool
mistral-7b,27120336,field_match,False,False,False,0.2857142857142857,0.0,0.0,False,False,False,ambiguous_repeated_tool
mistral-7b,27120336,field_match_compressed,False,False,False,0.2857142857142857,0.0,0.0,False,False,False,ambiguous_repeated_tool
mistral-7b,27120336,full,False,False,False,0.2857142857142857,0.0,0.0,False,False,False,ambiguous_repeated_tool
mistral-7b,23046980,audit_only,False,False,False,0.6666666666666666,0.6666666666666666,0.6666666666666666,False,False,False,invalid_argument_container
mistral-7b,23046980,field_match,False,False,False,0.6666666666666666,0.6666666666666666,0.6666666666666666,False,False,False,invalid_argument_container
mistral-7b,23046980,field_match_compressed,False,False,False,0.6666666666666666,0.6666666666666666,0.6666666666666666,False,False,False,invalid_argument_container
mistral-7b,23046980,full,False,False,False,0.6666666666666666,0.6666666666666666,0.6666666666666666,False,False,False,invalid_argument_container
mistral-7b,31310733,audit_only,False,False,False,0.6666666666666666,0.4,0.4,False,False,False,unknown_tool
mistral-7b,31310733,field_match,False,False,False,0.6666666666666666,0.4,0.4,False,False,False,unknown_tool
mistral-7b,31310733,field_match_compressed,False,False,False,0.6666666666666666,0.4,0.4,False,False,False,unknown_tool
mistral-7b,31310733,full,False,False,False,0.6666666666666666,0.4,0.4,False,False,False,unknown_tool
mistral-7b,33463449,audit_only,False,False,False,0.3333333333333333,0.0,0.0,False,False,False,unresolved_link_endpoint
mistral-7b,33463449,field_match,False,False,False,0.3333333333333333,0.0,0.0,False,False,False,unresolved_link_endpoint
mistral-7b,33463449,field_match_compressed,False,False,False,0.3333333333333333,0.0,0.0,False,False,False,unresolved_link_endpoint
mistral-7b,33463449,full,False,False,False,0.3333333333333333,0.0,0.0,False,False,False,unresolved_link_endpoint
mistral-7b,11849486,audit_only,False,False,False,0.8888888888888888,0.2857142857142857,0.2857142857142857,False,False,False,invalid_node_reference
mistral-7b,11849486,field_match,False,False,False,0.8888888888888888,0.2857142857142857,0.2857142857142857,False,False,False,invalid_node_reference
mistral-7b,11849486,field_match_compressed,False,False,False,0.8888888888888888,0.2857142857142857,0.2857142857142857,False,False,False,invalid_node_reference
mistral-7b,11849486,full,False,False,False,0.8888888888888888,0.2857142857142857,0.2857142857142857,False,False,False,invalid_node_reference
mistral-7b,92909909,audit_only,False,False,False,0.7272727272727273,0.4444444444444444,0.4444444444444444,False,False,False,unknown_tool
mistral-7b,92909909,field_match,False,False,False,0.7272727272727273,0.4444444444444444,0.4444444444444444,False,False,False,unknown_tool
mistral-7b,92909909,field_match_compressed,False,False,False,0.7272727272727273,0.4444444444444444,0.4444444444444444,False,False,False,unknown_tool
mistral-7b,92909909,full,False,False,False,0.7272727272727273,0.4444444444444444,0.4444444444444444,False,False,False,unknown_tool
mistral-7b,17346258,audit_only,False,False,False,0.3333333333333333,0.2,0.2,False,False,False,unknown_tool
mistral-7b,17346258,field_match,False,False,False,0.3333333333333333,0.2,0.2,False,False,False,unknown_tool
mistral-7b,17346258,field_match_compressed,False,False,False,0.3333333333333333,0.2,0.2,False,False,False,unknown_tool
mistral-7b,17346258,full,False,False,False,0.3333333333333333,0.2,0.2,False,False,False,unknown_tool
mistral-7b,26994194,audit_only,False,False,False,0.7272727272727273,0.2222222222222222,0.2222222222222222,False,False,False,invalid_node_reference
mistral-7b,26994194,field_match,False,False,False,0.7272727272727273,0.2222222222222222,0.2222222222222222,False,False,False,invalid_node_reference
mistral-7b,26994194,field_match_compressed,False,False,False,0.7272727272727273,0.2222222222222222,0.2222222222222222,False,False,False,invalid_node_reference
mistral-7b,26994194,full,False,False,False,0.7272727272727273,0.2222222222222222,0.2222222222222222,False,False,False,invalid_node_reference
mistral-7b,27323531,audit_only,False,False,False,0.8,0.6666666666666666,0.6666666666666666,False,False,False,unsupported_embedded_reference
mistral-7b,27323531,field_match,False,False,False,0.8,0.6666666666666666,0.6666666666666666,False,False,False,unsupported_embedded_reference
mistral-7b,27323531,field_match_compressed,False,False,False,0.8,0.6666666666666666,0.6666666666666666,False,False,False,unsupported_embedded_reference
mistral-7b,27323531,full,False,False,False,0.8,0.6666666666666666,0.6666666666666666,False,False,False,unsupported_embedded_reference
mistral-7b,22943551,audit_only,False,False,False,0.3333333333333333,0.0,0.0,False,False,False,unknown_tool
mistral-7b,22943551,field_match,False,False,False,0.3333333333333333,0.0,0.0,False,False,False,unknown_tool
mistral-7b,22943551,field_match_compressed,False,False,False,0.3333333333333333,0.0,0.0,False,False,False,unknown_tool
mistral-7b,22943551,full,False,False,False,0.3333333333333333,0.0,0.0,False,False,False,unknown_tool
mistral-7b,40037320,audit_only,True,True,False,0.6666666666666666,0.0,0.0,False,False,False,
mistral-7b,40037320,field_match,True,True,False,0.6666666666666666,0.0,0.0,False,False,False,
mistral-7b,40037320,field_match_compressed,True,True,False,0.6666666666666666,0.0,0.0,False,False,False,
mistral-7b,40037320,full,True,True,False,0.6666666666666666,0.0,0.0,False,False,False,
mistral-7b,47607836,audit_only,False,False,False,0.5,0.2857142857142857,0.2857142857142857,False,False,False,unsupported_embedded_reference
mistral-7b,47607836,field_match,False,False,False,0.5,0.2857142857142857,0.2857142857142857,False,False,False,unsupported_embedded_reference
mistral-7b,47607836,field_match_compressed,False,False,False,0.5,0.2857142857142857,0.2857142857142857,False,False,False,unsupported_embedded_reference
mistral-7b,47607836,full,False,False,False,0.5,0.2857142857142857,0.2857142857142857,False,False,False,unsupported_embedded_reference
mistral-7b,22681406,audit_only,False,False,False,0.2222222222222222,0.0,0.0,False,False,False,unknown_tool
mistral-7b,22681406,field_match,False,False,False,0.2222222222222222,0.0,0.0,False,False,False,unknown_tool
mistral-7b,22681406,field_match_compressed,False,False,False,0.2222222222222222,0.0,0.0,False,False,False,unknown_tool
mistral-7b,22681406,full,False,False,False,0.2222222222222222,0.0,0.0,False,False,False,unknown_tool
mistral-7b,87295679,audit_only,False,False,False,1.0,1.0,1.0,True,True,False,invalid_argument_container
mistral-7b,87295679,field_match,False,False,False,1.0,1.0,1.0,True,True,False,invalid_argument_container
mistral-7b,87295679,field_match_compressed,False,False,False,1.0,1.0,1.0,True,True,False,invalid_argument_container
mistral-7b,87295679,full,False,False,False,1.0,1.0,1.0,True,True,False,invalid_argument_container
mistral-7b,20310117,audit_only,False,False,False,0.4444444444444444,0.0,0.0,False,False,False,unknown_tool
mistral-7b,20310117,field_match,False,False,False,0.4444444444444444,0.0,0.0,False,False,False,unknown_tool
mistral-7b,20310117,field_match_compressed,False,False,False,0.4444444444444444,0.0,0.0,False,False,False,unknown_tool
mistral-7b,20310117,full,False,False,False,0.4444444444444444,0.0,0.0,False,False,False,unknown_tool
mistral-7b,33423665,audit_only,False,False,False,0.6,0.0,0.0,False,False,False,unsupported_embedded_reference
mistral-7b,33423665,field_match,False,False,False,0.6,0.0,0.0,False,False,False,unsupported_embedded_reference
mistral-7b,33423665,field_match_compressed,False,False,False,0.6,0.0,0.0,False,False,False,unsupported_embedded_reference
mistral-7b,33423665,full,False,False,False,0.6,0.0,0.0,False,False,False,unsupported_embedded_reference
mistral-7b,24162945,audit_only,False,False,False,0.6666666666666666,0.5,0.5,False,False,False,invalid_node_reference
mistral-7b,24162945,field_match,False,False,False,0.6666666666666666,0.5,0.5,False,False,False,invalid_node_reference
mistral-7b,24162945,field_match_compressed,False,False,False,0.6666666666666666,0.5,0.5,False,False,False,invalid_node_reference
mistral-7b,24162945,full,False,False,False,0.6666666666666666,0.5,0.5,False,False,False,invalid_node_reference
mistral-7b,11849429,audit_only,False,False,False,1.0,1.0,1.0,True,True,False,invalid_node_reference
mistral-7b,11849429,field_match,False,False,False,1.0,1.0,1.0,True,True,False,invalid_node_reference
mistral-7b,11849429,field_match_compressed,False,False,False,1.0,1.0,1.0,True,True,False,invalid_node_reference
mistral-7b,11849429,full,False,False,False,1.0,1.0,1.0,True,True,False,invalid_node_reference
mistral-7b,13523160,audit_only,False,False,False,1.0,1.0,1.0,True,True,False,invalid_argument_container
mistral-7b,13523160,field_match,False,False,False,1.0,1.0,1.0,True,True,False,invalid_argument_container
mistral-7b,13523160,field_match_compressed,False,False,False,1.0,1.0,1.0,True,True,False,invalid_argument_container
mistral-7b,13523160,full,False,False,False,1.0,1.0,1.0,True,True,False,invalid_argument_container
mistral-7b,83888896,audit_only,False,False,False,0.75,0.5714285714285714,0.5714285714285714,False,False,False,invalid_node_reference
mistral-7b,83888896,field_match,False,False,False,0.75,0.5714285714285714,0.5714285714285714,False,False,False,invalid_node_reference
mistral-7b,83888896,field_match_compressed,False,False,False,0.75,0.5714285714285714,0.5714285714285714,False,False,False,invalid_node_reference
mistral-7b,83888896,full,False,False,False,0.75,0.5714285714285714,0.5714285714285714,False,False,False,invalid_node_reference
mistral-7b,32851735,audit_only,False,False,False,0.0,0.0,0.0,False,False,False,unknown_tool
mistral-7b,32851735,field_match,False,False,False,0.0,0.0,0.0,False,False,False,unknown_tool
mistral-7b,32851735,field_match_compressed,False,False,False,0.0,0.0,0.0,False,False,False,unknown_tool
mistral-7b,32851735,full,False,False,False,0.0,0.0,0.0,False,False,False,unknown_tool
mistral-7b,13708813,audit_only,False,False,False,0.6666666666666666,0.0,0.0,False,False,False,unsupported_embedded_reference
mistral-7b,13708813,field_match,False,False,False,0.6666666666666666,0.0,0.0,False,False,False,unsupported_embedded_reference
mistral-7b,13708813,field_match_compressed,False,False,False,0.6666666666666666,0.0,0.0,False,False,False,unsupported_embedded_reference
mistral-7b,13708813,full,False,False,False,0.6666666666666666,0.0,0.0,False,False,False,unsupported_embedded_reference
mistral-7b,17246614,audit_only,True,True,False,0.6666666666666666,0.5,0.5,False,False,False,
mistral-7b,17246614,field_match,True,True,False,0.6666666666666666,0.5,0.5,False,False,False,
mistral-7b,17246614,field_match_compressed,True,True,False,0.6666666666666666,0.5,0.5,False,False,False,
mistral-7b,17246614,full,True,True,False,0.6666666666666666,0.5,0.5,False,False,False,
mistral-7b,34019416,audit_only,False,False,False,0.4,0.0,0.0,False,False,False,unknown_tool
mistral-7b,34019416,field_match,False,False,False,0.4,0.0,0.0,False,False,False,unknown_tool
mistral-7b,34019416,field_match_compressed,False,False,False,0.4,0.0,0.0,False,False,False,unknown_tool
mistral-7b,34019416,full,False,False,False,0.4,0.0,0.0,False,False,False,unknown_tool
mistral-7b,30202699,audit_only,False,False,False,0.4,0.0,0.0,False,False,False,ambiguous_repeated_tool
mistral-7b,30202699,field_match,False,False,False,0.4,0.0,0.0,False,False,False,ambiguous_repeated_tool
mistral-7b,30202699,field_match_compressed,False,False,False,0.4,0.0,0.0,False,False,False,ambiguous_repeated_tool
mistral-7b,30202699,full,False,False,False,0.4,0.0,0.0,False,False,False,ambiguous_repeated_tool
mistral-7b,32358953,audit_only,False,False,False,0.6666666666666666,0.6666666666666666,0.6666666666666666,False,False,False,invalid_argument_container
mistral-7b,32358953,field_match,False,False,False,0.6666666666666666,0.6666666666666666,0.6666666666666666,False,False,False,invalid_argument_container
mistral-7b,32358953,field_match_compressed,False,False,False,0.6666666666666666,0.6666666666666666,0.6666666666666666,False,False,False,invalid_argument_container
mistral-7b,32358953,full,False,False,False,0.6666666666666666,0.6666666666666666,0.6666666666666666,False,False,False,invalid_argument_container
mistral-7b,31246872,audit_only,False,False,False,0.2857142857142857,0.0,0.0,False,False,False,unknown_tool
mistral-7b,31246872,field_match,False,False,False,0.2857142857142857,0.0,0.0,False,False,False,unknown_tool
mistral-7b,31246872,field_match_compressed,False,False,False,0.2857142857142857,0.0,0.0,False,False,False,unknown_tool
mistral-7b,31246872,full,False,False,False,0.2857142857142857,0.0,0.0,False,False,False,unknown_tool
mistral-7b,12348661,audit_only,False,False,False,0.6666666666666666,0.0,0.0,False,False,False,unknown_tool
mistral-7b,12348661,field_match,False,False,False,0.6666666666666666,0.0,0.0,False,False,False,unknown_tool
mistral-7b,12348661,field_match_compressed,False,False,False,0.6666666666666666,0.0,0.0,False,False,False,unknown_tool
mistral-7b,12348661,full,False,False,False,0.6666666666666666,0.0,0.0,False,False,False,unknown_tool
mistral-7b,75501770,audit_only,False,False,False,0.6,0.2,0.2,False,False,False,unknown_tool
mistral-7b,75501770,field_match,False,False,False,0.6,0.2,0.2,False,False,False,unknown_tool
mistral-7b,75501770,field_match_compressed,False,False,False,0.6,0.2,0.2,False,False,False,unknown_tool
mistral-7b,75501770,full,False,False,False,0.6,0.2,0.2,False,False,False,unknown_tool
mistral-7b,22645867,audit_only,False,False,False,0.25,0.0,0.0,False,False,False,invalid_argument_container
mistral-7b,22645867,field_match,False,False,False,0.25,0.0,0.0,False,False,False,invalid_argument_container
mistral-7b,22645867,field_match_compressed,False,False,False,0.25,0.0,0.0,False,False,False,invalid_argument_container
mistral-7b,22645867,full,False,False,False,0.25,0.0,0.0,False,False,False,invalid_argument_container
mistral-7b,32403987,audit_only,False,False,False,1.0,0.8,0.8,False,False,False,invalid_argument_container
mistral-7b,32403987,field_match,False,False,False,1.0,0.8,0.8,False,False,False,invalid_argument_container
mistral-7b,32403987,field_match_compressed,False,False,False,1.0,0.8,0.8,False,False,False,invalid_argument_container
mistral-7b,32403987,full,False,False,False,1.0,0.8,0.8,False,False,False,invalid_argument_container
mistral-7b,12869376,audit_only,False,False,False,0.5,0.0,0.0,False,False,False,invalid_argument_container
mistral-7b,12869376,field_match,False,False,False,0.5,0.0,0.0,False,False,False,invalid_argument_container
mistral-7b,12869376,field_match_compressed,False,False,False,0.5,0.0,0.0,False,False,False,invalid_argument_container
mistral-7b,12869376,full,False,False,False,0.5,0.0,0.0,False,False,False,invalid_argument_container
mistral-7b,11256331,audit_only,True,False,False,1.0,1.0,1.0,True,True,False,
mistral-7b,11256331,field_match,True,True,False,1.0,1.0,0.0,True,False,True,
mistral-7b,11256331,field_match_compressed,True,True,False,1.0,1.0,0.0,True,False,True,
mistral-7b,11256331,full,True,True,False,1.0,1.0,0.0,True,False,True,
mistral-7b,25187013,audit_only,True,False,False,1.0,1.0,1.0,True,True,False,
mistral-7b,25187013,field_match,True,True,False,1.0,1.0,0.0,True,False,True,
mistral-7b,25187013,field_match_compressed,True,True,False,1.0,1.0,0.0,True,False,True,
mistral-7b,25187013,full,True,True,False,1.0,1.0,0.0,True,False,True,
mistral-7b,23118182,audit_only,True,True,True,0.6666666666666666,0.0,0.0,False,False,False,
mistral-7b,23118182,field_match,True,True,True,0.6666666666666666,0.0,0.0,False,False,False,
mistral-7b,23118182,field_match_compressed,True,True,True,0.6666666666666666,0.0,0.0,False,False,False,
mistral-7b,23118182,full,True,True,True,0.6666666666666666,0.0,0.0,False,False,False,
mistral-7b,28407458,audit_only,False,False,False,0.7692307692307693,0.3157894736842105,0.3157894736842105,False,False,False,ambiguous_repeated_tool
mistral-7b,28407458,field_match,False,False,False,0.7692307692307693,0.3157894736842105,0.3157894736842105,False,False,False,ambiguous_repeated_tool
mistral-7b,28407458,field_match_compressed,False,False,False,0.7692307692307693,0.3157894736842105,0.3157894736842105,False,False,False,ambiguous_repeated_tool
mistral-7b,28407458,full,False,False,False,0.7692307692307693,0.3157894736842105,0.3157894736842105,False,False,False,ambiguous_repeated_tool
mistral-7b,19009341,audit_only,False,False,False,0.3333333333333333,0.0,0.0,False,False,False,unknown_tool
mistral-7b,19009341,field_match,False,False,False,0.3333333333333333,0.0,0.0,False,False,False,unknown_tool
mistral-7b,19009341,field_match_compressed,False,False,False,0.3333333333333333,0.0,0.0,False,False,False,unknown_tool
mistral-7b,19009341,full,False,False,False,0.3333333333333333,0.0,0.0,False,False,False,unknown_tool
mistral-7b,29037302,audit_only,False,False,False,0.8,0.25,0.25,False,False,False,unknown_tool
mistral-7b,29037302,field_match,False,False,False,0.8,0.25,0.25,False,False,False,unknown_tool
mistral-7b,29037302,field_match_compressed,False,False,False,0.8,0.25,0.25,False,False,False,unknown_tool
mistral-7b,29037302,full,False,False,False,0.8,0.25,0.25,False,False,False,unknown_tool
mistral-7b,17353672,audit_only,False,False,False,0.6666666666666666,0.5,0.5,False,False,False,invalid_node_reference
mistral-7b,17353672,field_match,False,False,False,0.6666666666666666,0.5,0.5,False,False,False,invalid_node_reference
mistral-7b,17353672,field_match_compressed,False,False,False,0.6666666666666666,0.5,0.5,False,False,False,invalid_node_reference
mistral-7b,17353672,full,False,False,False,0.6666666666666666,0.5,0.5,False,False,False,invalid_node_reference
mistral-7b,21511092,audit_only,False,False,False,0.75,0.0,0.0,False,False,False,invalid_argument_container
mistral-7b,21511092,field_match,False,False,False,0.75,0.0,0.0,False,False,False,invalid_argument_container
mistral-7b,21511092,field_match_compressed,False,False,False,0.75,0.0,0.0,False,False,False,invalid_argument_container
mistral-7b,21511092,full,False,False,False,0.75,0.0,0.0,False,False,False,invalid_argument_container
mistral-7b,25847116,audit_only,False,False,False,0.2857142857142857,0.0,0.0,False,False,False,unknown_tool
mistral-7b,25847116,field_match,False,False,False,0.2857142857142857,0.0,0.0,False,False,False,unknown_tool
mistral-7b,25847116,field_match_compressed,False,False,False,0.2857142857142857,0.0,0.0,False,False,False,unknown_tool
mistral-7b,25847116,full,False,False,False,0.2857142857142857,0.0,0.0,False,False,False,unknown_tool
mistral-7b,23546976,audit_only,False,False,False,0.6666666666666666,0.0,0.0,False,False,False,invalid_argument_container
mistral-7b,23546976,field_match,False,False,False,0.6666666666666666,0.0,0.0,False,False,False,invalid_argument_container
mistral-7b,23546976,field_match_compressed,False,False,False,0.6666666666666666,0.0,0.0,False,False,False,invalid_argument_container
mistral-7b,23546976,full,False,False,False,0.6666666666666666,0.0,0.0,False,False,False,invalid_argument_container
mistral-7b,31061766,audit_only,True,True,True,1.0,1.0,1.0,True,True,False,
mistral-7b,31061766,field_match,True,True,True,1.0,1.0,1.0,True,True,False,
mistral-7b,31061766,field_match_compressed,True,True,True,1.0,1.0,1.0,True,True,False,
mistral-7b,31061766,full,True,True,True,1.0,1.0,1.0,True,True,False,
mistral-7b,78784946,audit_only,False,False,False,0.75,0.6666666666666666,0.6666666666666666,False,False,False,unsupported_embedded_reference
mistral-7b,78784946,field_match,False,False,False,0.75,0.6666666666666666,0.6666666666666666,False,False,False,unsupported_embedded_reference
mistral-7b,78784946,field_match_compressed,False,False,False,0.75,0.6666666666666666,0.6666666666666666,False,False,False,unsupported_embedded_reference
mistral-7b,78784946,full,False,False,False,0.75,0.6666666666666666,0.6666666666666666,False,False,False,unsupported_embedded_reference
mistral-7b,99189811,audit_only,False,False,False,0.3076923076923077,0.0,0.0,False,False,False,unknown_tool
mistral-7b,99189811,field_match,False,False,False,0.3076923076923077,0.0,0.0,False,False,False,unknown_tool
mistral-7b,99189811,field_match_compressed,False,False,False,0.3076923076923077,0.0,0.0,False,False,False,unknown_tool
mistral-7b,99189811,full,False,False,False,0.3076923076923077,0.0,0.0,False,False,False,unknown_tool
mistral-7b,29183785,audit_only,True,True,True,1.0,1.0,1.0,True,True,False,
mistral-7b,29183785,field_match,True,True,True,1.0,1.0,1.0,True,True,False,
mistral-7b,29183785,field_match_compressed,True,True,True,1.0,1.0,1.0,True,True,False,
mistral-7b,29183785,full,True,True,True,1.0,1.0,1.0,True,True,False,
mistral-7b,75197599,audit_only,False,False,False,0.75,0.6666666666666666,0.6666666666666666,False,False,False,unknown_tool
mistral-7b,75197599,field_match,False,False,False,0.75,0.6666666666666666,0.6666666666666666,False,False,False,unknown_tool
mistral-7b,75197599,field_match_compressed,False,False,False,0.75,0.6666666666666666,0.6666666666666666,False,False,False,unknown_tool
mistral-7b,75197599,full,False,False,False,0.75,0.6666666666666666,0.6666666666666666,False,False,False,unknown_tool
mistral-7b,10433673,audit_only,False,False,False,0.75,0.25,0.25,False,False,False,invalid_argument_container
mistral-7b,10433673,field_match,False,False,False,0.75,0.25,0.25,False,False,False,invalid_argument_container
mistral-7b,10433673,field_match_compressed,False,False,False,0.75,0.25,0.25,False,False,False,invalid_argument_container
mistral-7b,10433673,full,False,False,False,0.75,0.25,0.25,False,False,False,invalid_argument_container
mistral-7b,33034169,audit_only,False,False,False,0.0,0.0,0.0,False,False,False,unknown_tool
mistral-7b,33034169,field_match,False,False,False,0.0,0.0,0.0,False,False,False,unknown_tool
mistral-7b,33034169,field_match_compressed,False,False,False,0.0,0.0,0.0,False,False,False,unknown_tool
mistral-7b,33034169,full,False,False,False,0.0,0.0,0.0,False,False,False,unknown_tool
mistral-7b,12961301,audit_only,True,True,False,0.8,0.6666666666666666,0.6666666666666666,False,False,False,
mistral-7b,12961301,field_match,True,True,False,0.8,0.6666666666666666,0.6666666666666666,False,False,False,
mistral-7b,12961301,field_match_compressed,True,True,False,0.8,0.6666666666666666,0.6666666666666666,False,False,False,
mistral-7b,12961301,full,True,True,False,0.8,0.6666666666666666,0.6666666666666666,False,False,False,
mistral-7b,78339931,audit_only,False,False,False,0.5,0.0,0.0,False,False,False,unknown_tool
mistral-7b,78339931,field_match,False,False,False,0.5,0.0,0.0,False,False,False,unknown_tool
mistral-7b,78339931,field_match_compressed,False,False,False,0.5,0.0,0.0,False,False,False,unknown_tool
mistral-7b,78339931,full,False,False,False,0.5,0.0,0.0,False,False,False,unknown_tool
mistral-7b,18611217,audit_only,False,False,False,1.0,0.6666666666666666,0.6666666666666666,False,False,False,ambiguous_repeated_tool
mistral-7b,18611217,field_match,False,False,False,1.0,0.6666666666666666,0.6666666666666666,False,False,False,ambiguous_repeated_tool
mistral-7b,18611217,field_match_compressed,False,False,False,1.0,0.6666666666666666,0.6666666666666666,False,False,False,ambiguous_repeated_tool
mistral-7b,18611217,full,False,False,False,1.0,0.6666666666666666,0.6666666666666666,False,False,False,ambiguous_repeated_tool
mistral-7b,30143386,audit_only,False,False,False,0.5714285714285714,0.4,0.4,False,False,False,invalid_argument_container
mistral-7b,30143386,field_match,False,False,False,0.5714285714285714,0.4,0.4,False,False,False,invalid_argument_container
mistral-7b,30143386,field_match_compressed,False,False,False,0.5714285714285714,0.4,0.4,False,False,False,invalid_argument_container
mistral-7b,30143386,full,False,False,False,0.5714285714285714,0.4,0.4,False,False,False,invalid_argument_container
mistral-7b,49082012,audit_only,True,True,True,0.5714285714285714,0.0,0.0,False,False,False,
mistral-7b,49082012,field_match,True,True,True,0.5714285714285714,0.0,0.0,False,False,False,
mistral-7b,49082012,field_match_compressed,True,True,True,0.5714285714285714,0.0,0.0,False,False,False,
mistral-7b,49082012,full,True,True,True,0.5714285714285714,0.0,0.0,False,False,False,
mistral-7b,26598510,audit_only,False,False,False,0.6666666666666666,0.0,0.0,False,False,False,invalid_argument_container
mistral-7b,26598510,field_match,False,False,False,0.6666666666666666,0.0,0.0,False,False,False,invalid_argument_container
mistral-7b,26598510,field_match_compressed,False,False,False,0.6666666666666666,0.0,0.0,False,False,False,invalid_argument_container
mistral-7b,26598510,full,False,False,False,0.6666666666666666,0.0,0.0,False,False,False,invalid_argument_container
mistral-7b,16266459,audit_only,False,False,False,0.3333333333333333,0.0,0.0,False,False,False,unknown_tool
mistral-7b,16266459,field_match,False,False,False,0.3333333333333333,0.0,0.0,False,False,False,unknown_tool
mistral-7b,16266459,field_match_compressed,False,False,False,0.3333333333333333,0.0,0.0,False,False,False,unknown_tool
mistral-7b,16266459,full,False,False,False,0.3333333333333333,0.0,0.0,False,False,False,unknown_tool
mistral-7b,15165036,audit_only,False,False,False,0.6666666666666666,0.2857142857142857,0.2857142857142857,False,False,False,invalid_node_reference
mistral-7b,15165036,field_match,False,False,False,0.6666666666666666,0.2857142857142857,0.2857142857142857,False,False,False,invalid_node_reference
mistral-7b,15165036,field_match_compressed,False,False,False,0.6666666666666666,0.2857142857142857,0.2857142857142857,False,False,False,invalid_node_reference
mistral-7b,15165036,full,False,False,False,0.6666666666666666,0.2857142857142857,0.2857142857142857,False,False,False,invalid_node_reference
mistral-7b,16360611,audit_only,False,False,False,0.5714285714285714,0.0,0.0,False,False,False,unknown_tool
mistral-7b,16360611,field_match,False,False,False,0.5714285714285714,0.0,0.0,False,False,False,unknown_tool
mistral-7b,16360611,field_match_compressed,False,False,False,0.5714285714285714,0.0,0.0,False,False,False,unknown_tool
mistral-7b,16360611,full,False,False,False,0.5714285714285714,0.0,0.0,False,False,False,unknown_tool
mistral-7b,20759722,audit_only,False,False,False,0.75,0.6666666666666666,0.6666666666666666,False,False,False,unknown_tool
mistral-7b,20759722,field_match,False,False,False,0.75,0.6666666666666666,0.6666666666666666,False,False,False,unknown_tool
mistral-7b,20759722,field_match_compressed,False,False,False,0.75,0.6666666666666666,0.6666666666666666,False,False,False,unknown_tool
mistral-7b,20759722,full,False,False,False,0.75,0.6666666666666666,0.6666666666666666,False,False,False,unknown_tool
mistral-7b,40103078,audit_only,False,False,False,1.0,1.0,1.0,True,True,False,invalid_node_reference
mistral-7b,40103078,field_match,False,False,False,1.0,1.0,1.0,True,True,False,invalid_node_reference
mistral-7b,40103078,field_match_compressed,False,False,False,1.0,1.0,1.0,True,True,False,invalid_node_reference
mistral-7b,40103078,full,False,False,False,1.0,1.0,1.0,True,True,False,invalid_node_reference
mistral-7b,80478570,audit_only,False,False,False,0.8571428571428571,0.6666666666666666,0.6666666666666666,False,False,False,invalid_node_reference
mistral-7b,80478570,field_match,False,False,False,0.8571428571428571,0.6666666666666666,0.6666666666666666,False,False,False,invalid_node_reference
mistral-7b,80478570,field_match_compressed,False,False,False,0.8571428571428571,0.6666666666666666,0.6666666666666666,False,False,False,invalid_node_reference
mistral-7b,80478570,full,False,False,False,0.8571428571428571,0.6666666666666666,0.6666666666666666,False,False,False,invalid_node_reference
mistral-7b,32951041,audit_only,False,False,False,0.4,0.0,0.0,False,False,False,unknown_tool
mistral-7b,32951041,field_match,False,False,False,0.4,0.0,0.0,False,False,False,unknown_tool
mistral-7b,32951041,field_match_compressed,False,False,False,0.4,0.0,0.0,False,False,False,unknown_tool
mistral-7b,32951041,full,False,False,False,0.4,0.0,0.0,False,False,False,unknown_tool
mistral-7b,17187219,audit_only,False,False,False,0.8,0.6666666666666666,0.6666666666666666,False,False,False,invalid_argument_container
mistral-7b,17187219,field_match,False,False,False,0.8,0.6666666666666666,0.6666666666666666,False,False,False,invalid_argument_container
mistral-7b,17187219,field_match_compressed,False,False,False,0.8,0.6666666666666666,0.6666666666666666,False,False,False,invalid_argument_container
mistral-7b,17187219,full,False,False,False,0.8,0.6666666666666666,0.6666666666666666,False,False,False,invalid_argument_container
mistral-7b,21289988,audit_only,False,False,False,0.5714285714285714,0.4,0.4,False,False,False,invalid_argument_container
mistral-7b,21289988,field_match,False,False,False,0.5714285714285714,0.4,0.4,False,False,False,invalid_argument_container
mistral-7b,21289988,field_match_compressed,False,False,False,0.5714285714285714,0.4,0.4,False,False,False,invalid_argument_container
mistral-7b,21289988,full,False,False,False,0.5714285714285714,0.4,0.4,False,False,False,invalid_argument_container
mistral-7b,28070748,audit_only,False,False,False,1.0,0.6666666666666666,0.6666666666666666,False,False,False,unsupported_embedded_reference
mistral-7b,28070748,field_match,False,False,False,1.0,0.6666666666666666,0.6666666666666666,False,False,False,unsupported_embedded_reference
mistral-7b,28070748,field_match_compressed,False,False,False,1.0,0.6666666666666666,0.6666666666666666,False,False,False,unsupported_embedded_reference
mistral-7b,28070748,full,False,False,False,1.0,0.6666666666666666,0.6666666666666666,False,False,False,unsupported_embedded_reference
mistral-7b,14725850,audit_only,False,False,False,0.3333333333333333,0.0,0.0,False,False,False,unknown_tool
mistral-7b,14725850,field_match,False,False,False,0.3333333333333333,0.0,0.0,False,False,False,unknown_tool
mistral-7b,14725850,field_match_compressed,False,False,False,0.3333333333333333,0.0,0.0,False,False,False,unknown_tool
mistral-7b,14725850,full,False,False,False,0.3333333333333333,0.0,0.0,False,False,False,unknown_tool
mistral-7b,22092540,audit_only,False,False,False,0.8571428571428571,0.8,0.8,False,False,False,unknown_tool
mistral-7b,22092540,field_match,False,False,False,0.8571428571428571,0.8,0.8,False,False,False,unknown_tool
mistral-7b,22092540,field_match_compressed,False,False,False,0.8571428571428571,0.8,0.8,False,False,False,unknown_tool
mistral-7b,22092540,full,False,False,False,0.8571428571428571,0.8,0.8,False,False,False,unknown_tool
mistral-7b,39991073,audit_only,False,False,False,1.0,1.0,1.0,True,True,False,invalid_argument_container
mistral-7b,39991073,field_match,False,False,False,1.0,1.0,1.0,True,True,False,invalid_argument_container
mistral-7b,39991073,field_match_compressed,False,False,False,1.0,1.0,1.0,True,True,False,invalid_argument_container
mistral-7b,39991073,full,False,False,False,1.0,1.0,1.0,True,True,False,invalid_argument_container
mistral-7b,12505835,audit_only,False,False,False,0.5714285714285714,0.4,0.4,False,False,False,invalid_argument_container
mistral-7b,12505835,field_match,False,False,False,0.5714285714285714,0.4,0.4,False,False,False,invalid_argument_container
mistral-7b,12505835,field_match_compressed,False,False,False,0.5714285714285714,0.4,0.4,False,False,False,invalid_argument_container
mistral-7b,12505835,full,False,False,False,0.5714285714285714,0.4,0.4,False,False,False,invalid_argument_container
mistral-7b,29974736,audit_only,False,False,False,0.25,0.0,0.0,False,False,False,unknown_tool
mistral-7b,29974736,field_match,False,False,False,0.25,0.0,0.0,False,False,False,unknown_tool
mistral-7b,29974736,field_match_compressed,False,False,False,0.25,0.0,0.0,False,False,False,unknown_tool
mistral-7b,29974736,full,False,False,False,0.25,0.0,0.0,False,False,False,unknown_tool
mistral-7b,20615183,audit_only,False,False,False,0.6,0.25,0.25,False,False,False,unknown_tool
mistral-7b,20615183,field_match,False,False,False,0.6,0.25,0.25,False,False,False,unknown_tool
mistral-7b,20615183,field_match_compressed,False,False,False,0.6,0.25,0.25,False,False,False,unknown_tool
mistral-7b,20615183,full,False,False,False,0.6,0.25,0.25,False,False,False,unknown_tool
mistral-7b,16858455,audit_only,True,False,True,0.8,0.0,0.0,False,False,False,
mistral-7b,16858455,field_match,True,True,True,0.8,0.0,0.0,False,False,True,
mistral-7b,16858455,field_match_compressed,True,True,True,0.8,0.0,0.0,False,False,True,
mistral-7b,16858455,full,True,True,True,0.8,0.0,0.0,False,False,True,
mistral-7b,11253911,audit_only,False,False,False,0.8,0.6666666666666666,0.6666666666666666,False,False,False,invalid_argument_container
mistral-7b,11253911,field_match,False,False,False,0.8,0.6666666666666666,0.6666666666666666,False,False,False,invalid_argument_container
mistral-7b,11253911,field_match_compressed,False,False,False,0.8,0.6666666666666666,0.6666666666666666,False,False,False,invalid_argument_container
mistral-7b,11253911,full,False,False,False,0.8,0.6666666666666666,0.6666666666666666,False,False,False,invalid_argument_container
mistral-7b,41195466,audit_only,False,False,False,0.5714285714285714,0.4,0.4,False,False,False,unsupported_embedded_reference
mistral-7b,41195466,field_match,False,False,False,0.5714285714285714,0.4,0.4,False,False,False,unsupported_embedded_reference
mistral-7b,41195466,field_match_compressed,False,False,False,0.5714285714285714,0.4,0.4,False,False,False,unsupported_embedded_reference
mistral-7b,41195466,full,False,False,False,0.5714285714285714,0.4,0.4,False,False,False,unsupported_embedded_reference
mistral-7b,21362980,audit_only,True,True,True,1.0,1.0,1.0,True,True,False,
mistral-7b,21362980,field_match,True,True,True,1.0,1.0,1.0,True,True,False,
mistral-7b,21362980,field_match_compressed,True,True,True,1.0,1.0,1.0,True,True,False,
mistral-7b,21362980,full,True,True,True,1.0,1.0,1.0,True,True,False,
mistral-7b,13902195,audit_only,False,False,False,0.0,0.0,0.0,False,False,False,unknown_tool
mistral-7b,13902195,field_match,False,False,False,0.0,0.0,0.0,False,False,False,unknown_tool
mistral-7b,13902195,field_match_compressed,False,False,False,0.0,0.0,0.0,False,False,False,unknown_tool
mistral-7b,13902195,full,False,False,False,0.0,0.0,0.0,False,False,False,unknown_tool
mistral-7b,10854559,audit_only,False,False,False,0.6666666666666666,0.2222222222222222,0.2222222222222222,False,False,False,unknown_tool
mistral-7b,10854559,field_match,False,False,False,0.6666666666666666,0.2222222222222222,0.2222222222222222,False,False,False,unknown_tool
mistral-7b,10854559,field_match_compressed,False,False,False,0.6666666666666666,0.2222222222222222,0.2222222222222222,False,False,False,unknown_tool
mistral-7b,10854559,full,False,False,False,0.6666666666666666,0.2222222222222222,0.2222222222222222,False,False,False,unknown_tool
mistral-7b,17438641,audit_only,False,False,False,0.8333333333333334,0.6,0.6,False,False,False,unknown_tool
mistral-7b,17438641,field_match,False,False,False,0.8333333333333334,0.6,0.6,False,False,False,unknown_tool
mistral-7b,17438641,field_match_compressed,False,False,False,0.8333333333333334,0.6,0.6,False,False,False,unknown_tool
mistral-7b,17438641,full,False,False,False,0.8333333333333334,0.6,0.6,False,False,False,unknown_tool
mistral-7b,33997496,audit_only,True,True,False,0.6666666666666666,0.0,0.0,False,False,False,
mistral-7b,33997496,field_match,True,True,False,0.6666666666666666,0.0,0.0,False,False,False,
mistral-7b,33997496,field_match_compressed,True,True,False,0.6666666666666666,0.0,0.0,False,False,False,
mistral-7b,33997496,full,True,True,False,0.6666666666666666,0.0,0.0,False,False,False,
mistral-7b,30422962,audit_only,False,False,False,1.0,0.5,0.5,False,False,False,invalid_node_reference
mistral-7b,30422962,field_match,False,False,False,1.0,0.5,0.5,False,False,False,invalid_node_reference
mistral-7b,30422962,field_match_compressed,False,False,False,1.0,0.5,0.5,False,False,False,invalid_node_reference
mistral-7b,30422962,full,False,False,False,1.0,0.5,0.5,False,False,False,invalid_node_reference
mistral-7b,25605833,audit_only,False,False,False,0.3333333333333333,0.0,0.0,False,False,False,unknown_tool
mistral-7b,25605833,field_match,False,False,False,0.3333333333333333,0.0,0.0,False,False,False,unknown_tool
mistral-7b,25605833,field_match_compressed,False,False,False,0.3333333333333333,0.0,0.0,False,False,False,unknown_tool
mistral-7b,25605833,full,False,False,False,0.3333333333333333,0.0,0.0,False,False,False,unknown_tool
mistral-7b,10593636,audit_only,False,False,False,0.6666666666666666,0.0,0.0,False,False,False,unknown_tool
mistral-7b,10593636,field_match,False,False,False,0.6666666666666666,0.0,0.0,False,False,False,unknown_tool
mistral-7b,10593636,field_match_compressed,False,False,False,0.6666666666666666,0.0,0.0,False,False,False,unknown_tool
mistral-7b,10593636,full,False,False,False,0.6666666666666666,0.0,0.0,False,False,False,unknown_tool
mistral-7b,11152535,audit_only,True,False,True,0.5,0.3333333333333333,0.3333333333333333,False,False,False,
mistral-7b,11152535,field_match,True,True,True,0.5,0.3333333333333333,0.0,False,False,True,
mistral-7b,11152535,field_match_compressed,True,True,True,0.5,0.3333333333333333,0.0,False,False,True,
mistral-7b,11152535,full,True,True,True,0.5,0.3333333333333333,0.0,False,False,True,
mistral-7b,13733468,audit_only,False,False,False,0.5,0.3333333333333333,0.3333333333333333,False,False,False,invalid_node_reference
mistral-7b,13733468,field_match,False,False,False,0.5,0.3333333333333333,0.3333333333333333,False,False,False,invalid_node_reference
mistral-7b,13733468,field_match_compressed,False,False,False,0.5,0.3333333333333333,0.3333333333333333,False,False,False,invalid_node_reference
mistral-7b,13733468,full,False,False,False,0.5,0.3333333333333333,0.3333333333333333,False,False,False,invalid_node_reference
mistral-7b,27793145,audit_only,False,False,False,0.5714285714285714,0.0,0.0,False,False,False,invalid_argument_container
mistral-7b,27793145,field_match,False,False,False,0.5714285714285714,0.0,0.0,False,False,False,invalid_argument_container
mistral-7b,27793145,field_match_compressed,False,False,False,0.5714285714285714,0.0,0.0,False,False,False,invalid_argument_container
mistral-7b,27793145,full,False,False,False,0.5714285714285714,0.0,0.0,False,False,False,invalid_argument_container
mistral-7b,12244215,audit_only,False,False,False,0.5,0.0,0.0,False,False,False,unknown_tool
mistral-7b,12244215,field_match,False,False,False,0.5,0.0,0.0,False,False,False,unknown_tool
mistral-7b,12244215,field_match_compressed,False,False,False,0.5,0.0,0.0,False,False,False,unknown_tool
mistral-7b,12244215,full,False,False,False,0.5,0.0,0.0,False,False,False,unknown_tool
mistral-7b,32122597,audit_only,False,False,False,0.6,0.25,0.25,False,False,False,unknown_tool
mistral-7b,32122597,field_match,False,False,False,0.6,0.25,0.25,False,False,False,unknown_tool
mistral-7b,32122597,field_match_compressed,False,False,False,0.6,0.25,0.25,False,False,False,unknown_tool
mistral-7b,32122597,full,False,False,False,0.6,0.25,0.25,False,False,False,unknown_tool
mistral-7b,24501398,audit_only,False,False,False,0.0,0.0,0.0,False,False,False,unknown_tool
mistral-7b,24501398,field_match,False,False,False,0.0,0.0,0.0,False,False,False,unknown_tool
mistral-7b,24501398,field_match_compressed,False,False,False,0.0,0.0,0.0,False,False,False,unknown_tool
mistral-7b,24501398,full,False,False,False,0.0,0.0,0.0,False,False,False,unknown_tool
mistral-7b,28145763,audit_only,False,False,False,1.0,1.0,1.0,True,True,False,invalid_argument_container
mistral-7b,28145763,field_match,False,False,False,1.0,1.0,1.0,True,True,False,invalid_argument_container
mistral-7b,28145763,field_match_compressed,False,False,False,1.0,1.0,1.0,True,True,False,invalid_argument_container
mistral-7b,28145763,full,False,False,False,1.0,1.0,1.0,True,True,False,invalid_argument_container
mistral-7b,19080307,audit_only,False,False,False,0.8,0.0,0.0,False,False,False,unsupported_embedded_reference
mistral-7b,19080307,field_match,False,False,False,0.8,0.0,0.0,False,False,False,unsupported_embedded_reference
mistral-7b,19080307,field_match_compressed,False,False,False,0.8,0.0,0.0,False,False,False,unsupported_embedded_reference
mistral-7b,19080307,full,False,False,False,0.8,0.0,0.0,False,False,False,unsupported_embedded_reference
mistral-7b,80144699,audit_only,False,False,False,1.0,0.4,0.4,False,False,False,invalid_argument_container
mistral-7b,80144699,field_match,False,False,False,1.0,0.4,0.4,False,False,False,invalid_argument_container
mistral-7b,80144699,field_match_compressed,False,False,False,1.0,0.4,0.4,False,False,False,invalid_argument_container
mistral-7b,80144699,full,False,False,False,1.0,0.4,0.4,False,False,False,invalid_argument_container
mistral-7b,33830770,audit_only,False,False,False,0.0,0.0,0.0,False,False,False,unknown_tool
mistral-7b,33830770,field_match,False,False,False,0.0,0.0,0.0,False,False,False,unknown_tool
mistral-7b,33830770,field_match_compressed,False,False,False,0.0,0.0,0.0,False,False,False,unknown_tool
mistral-7b,33830770,full,False,False,False,0.0,0.0,0.0,False,False,False,unknown_tool
mistral-7b,29460290,audit_only,False,False,False,0.4444444444444444,0.0,0.0,False,False,False,unknown_tool
mistral-7b,29460290,field_match,False,False,False,0.4444444444444444,0.0,0.0,False,False,False,unknown_tool
mistral-7b,29460290,field_match_compressed,False,False,False,0.4444444444444444,0.0,0.0,False,False,False,unknown_tool
mistral-7b,29460290,full,False,False,False,0.4444444444444444,0.0,0.0,False,False,False,unknown_tool
mistral-7b,30649702,audit_only,False,False,False,0.5714285714285714,0.0,0.0,False,False,False,ambiguous_repeated_tool
mistral-7b,30649702,field_match,False,False,False,0.5714285714285714,0.0,0.0,False,False,False,ambiguous_repeated_tool
mistral-7b,30649702,field_match_compressed,False,False,False,0.5714285714285714,0.0,0.0,False,False,False,ambiguous_repeated_tool
mistral-7b,30649702,full,False,False,False,0.5714285714285714,0.0,0.0,False,False,False,ambiguous_repeated_tool
mistral-7b,33440372,audit_only,True,True,True,0.3333333333333333,0.0,0.0,False,False,False,
mistral-7b,33440372,field_match,True,True,True,0.3333333333333333,0.0,0.0,False,False,False,
mistral-7b,33440372,field_match_compressed,True,True,True,0.3333333333333333,0.0,0.0,False,False,False,
mistral-7b,33440372,full,True,True,True,0.3333333333333333,0.0,0.0,False,False,False,
mistral-7b,55986009,audit_only,True,True,True,0.8,0.6666666666666666,0.6666666666666666,False,False,False,
mistral-7b,55986009,field_match,True,True,True,0.8,0.6666666666666666,0.6666666666666666,False,False,False,
mistral-7b,55986009,field_match_compressed,True,True,True,0.8,0.6666666666666666,0.6666666666666666,False,False,False,
mistral-7b,55986009,full,True,True,True,0.8,0.6666666666666666,0.6666666666666666,False,False,False,
mistral-7b,10028057,audit_only,True,True,True,0.8,0.6666666666666666,0.6666666666666666,False,False,False,
mistral-7b,10028057,field_match,True,True,True,0.8,0.6666666666666666,0.6666666666666666,False,False,False,
mistral-7b,10028057,field_match_compressed,True,True,True,0.8,0.6666666666666666,0.6666666666666666,False,False,False,
mistral-7b,10028057,full,True,True,True,0.8,0.6666666666666666,0.6666666666666666,False,False,False,
mistral-7b,30752221,audit_only,False,False,False,1.0,0.6666666666666666,0.6666666666666666,False,False,False,invalid_argument_container
mistral-7b,30752221,field_match,False,False,False,1.0,0.6666666666666666,0.6666666666666666,False,False,False,invalid_argument_container
mistral-7b,30752221,field_match_compressed,False,False,False,1.0,0.6666666666666666,0.6666666666666666,False,False,False,invalid_argument_container
mistral-7b,30752221,full,False,False,False,1.0,0.6666666666666666,0.6666666666666666,False,False,False,invalid_argument_container
mistral-7b,10149250,audit_only,True,True,True,0.8888888888888888,0.5714285714285714,0.5714285714285714,False,False,False,
mistral-7b,10149250,field_match,True,True,True,0.8888888888888888,0.5714285714285714,0.5714285714285714,False,False,False,
mistral-7b,10149250,field_match_compressed,True,True,True,0.8888888888888888,0.5714285714285714,0.5714285714285714,False,False,False,
mistral-7b,10149250,full,True,True,True,0.8888888888888888,0.5714285714285714,0.5714285714285714,False,False,False,
mistral-7b,22070701,audit_only,False,False,False,1.0,1.0,1.0,True,True,False,invalid_node_reference
mistral-7b,22070701,field_match,False,False,False,1.0,1.0,1.0,True,True,False,invalid_node_reference
mistral-7b,22070701,field_match_compressed,False,False,False,1.0,1.0,1.0,True,True,False,invalid_node_reference
mistral-7b,22070701,full,False,False,False,1.0,1.0,1.0,True,True,False,invalid_node_reference
mistral-7b,54436848,audit_only,False,False,False,0.4444444444444444,0.2857142857142857,0.2857142857142857,False,False,False,invalid_node_reference
mistral-7b,54436848,field_match,False,False,False,0.4444444444444444,0.2857142857142857,0.2857142857142857,False,False,False,invalid_node_reference
mistral-7b,54436848,field_match_compressed,False,False,False,0.4444444444444444,0.2857142857142857,0.2857142857142857,False,False,False,invalid_node_reference
mistral-7b,54436848,full,False,False,False,0.4444444444444444,0.2857142857142857,0.2857142857142857,False,False,False,invalid_node_reference
mistral-7b,13609432,audit_only,False,False,False,0.6666666666666666,0.5,0.5,False,False,False,invalid_node_reference
mistral-7b,13609432,field_match,False,False,False,0.6666666666666666,0.5,0.5,False,False,False,invalid_node_reference
mistral-7b,13609432,field_match_compressed,False,False,False,0.6666666666666666,0.5,0.5,False,False,False,invalid_node_reference
mistral-7b,13609432,full,False,False,False,0.6666666666666666,0.5,0.5,False,False,False,invalid_node_reference
mistral-7b,63106640,audit_only,True,True,True,0.3333333333333333,0.0,0.0,False,False,False,
mistral-7b,63106640,field_match,True,True,True,0.3333333333333333,0.0,0.0,False,False,False,
mistral-7b,63106640,field_match_compressed,True,True,True,0.3333333333333333,0.0,0.0,False,False,False,
mistral-7b,63106640,full,True,True,True,0.3333333333333333,0.0,0.0,False,False,False,
mistral-7b,31119477,audit_only,False,False,False,0.3333333333333333,0.0,0.0,False,False,False,unknown_tool
mistral-7b,31119477,field_match,False,False,False,0.3333333333333333,0.0,0.0,False,False,False,unknown_tool
mistral-7b,31119477,field_match_compressed,False,False,False,0.3333333333333333,0.0,0.0,False,False,False,unknown_tool
mistral-7b,31119477,full,False,False,False,0.3333333333333333,0.0,0.0,False,False,False,unknown_tool
mistral-7b,26653087,audit_only,False,False,False,0.2857142857142857,0.0,0.0,False,False,False,unknown_tool
mistral-7b,26653087,field_match,False,False,False,0.2857142857142857,0.0,0.0,False,False,False,unknown_tool
mistral-7b,26653087,field_match_compressed,False,False,False,0.2857142857142857,0.0,0.0,False,False,False,unknown_tool
mistral-7b,26653087,full,False,False,False,0.2857142857142857,0.0,0.0,False,False,False,unknown_tool
mistral-7b,17695157,audit_only,False,False,False,0.6666666666666666,0.0,0.0,False,False,False,unknown_tool
mistral-7b,17695157,field_match,False,False,False,0.6666666666666666,0.0,0.0,False,False,False,unknown_tool
mistral-7b,17695157,field_match_compressed,False,False,False,0.6666666666666666,0.0,0.0,False,False,False,unknown_tool
mistral-7b,17695157,full,False,False,False,0.6666666666666666,0.0,0.0,False,False,False,unknown_tool
mistral-7b,26297668,audit_only,False,False,False,1.0,0.8,0.8,False,False,False,invalid_node_reference
mistral-7b,26297668,field_match,False,False,False,1.0,0.8,0.8,False,False,False,invalid_node_reference
mistral-7b,26297668,field_match_compressed,False,False,False,1.0,0.8,0.8,False,False,False,invalid_node_reference
mistral-7b,26297668,full,False,False,False,1.0,0.8,0.8,False,False,False,invalid_node_reference
mistral-7b,13507520,audit_only,False,False,False,0.5714285714285714,0.5,0.5,False,False,False,invalid_argument_container
mistral-7b,13507520,field_match,False,False,False,0.5714285714285714,0.5,0.5,False,False,False,invalid_argument_container
mistral-7b,13507520,field_match_compressed,False,False,False,0.5714285714285714,0.5,0.5,False,False,False,invalid_argument_container
mistral-7b,13507520,full,False,False,False,0.5714285714285714,0.5,0.5,False,False,False,invalid_argument_container
mistral-7b,92123547,audit_only,False,False,False,0.4,0.0,0.0,False,False,False,unknown_tool
mistral-7b,92123547,field_match,False,False,False,0.4,0.0,0.0,False,False,False,unknown_tool
mistral-7b,92123547,field_match_compressed,False,False,False,0.4,0.0,0.0,False,False,False,unknown_tool
mistral-7b,92123547,full,False,False,False,0.4,0.0,0.0,False,False,False,unknown_tool
mistral-7b,87184920,audit_only,False,False,False,0.6666666666666666,0.5714285714285714,0.5714285714285714,False,False,False,unknown_tool
mistral-7b,87184920,field_match,False,False,False,0.6666666666666666,0.5714285714285714,0.5714285714285714,False,False,False,unknown_tool
mistral-7b,87184920,field_match_compressed,False,False,False,0.6666666666666666,0.5714285714285714,0.5714285714285714,False,False,False,unknown_tool
mistral-7b,87184920,full,False,False,False,0.6666666666666666,0.5714285714285714,0.5714285714285714,False,False,False,unknown_tool
mistral-7b,67663916,audit_only,False,False,False,0.4,0.0,0.0,False,False,False,unknown_tool
mistral-7b,67663916,field_match,False,False,False,0.4,0.0,0.0,False,False,False,unknown_tool
mistral-7b,67663916,field_match_compressed,False,False,False,0.4,0.0,0.0,False,False,False,unknown_tool
mistral-7b,67663916,full,False,False,False,0.4,0.0,0.0,False,False,False,unknown_tool
mistral-7b,93528424,audit_only,False,False,False,0.3333333333333333,0.0,0.0,False,False,False,unknown_tool
mistral-7b,93528424,field_match,False,False,False,0.3333333333333333,0.0,0.0,False,False,False,unknown_tool
mistral-7b,93528424,field_match_compressed,False,False,False,0.3333333333333333,0.0,0.0,False,False,False,unknown_tool
mistral-7b,93528424,full,False,False,False,0.3333333333333333,0.0,0.0,False,False,False,unknown_tool
mistral-7b,12876313,audit_only,False,False,False,0.75,0.6666666666666666,0.6666666666666666,False,False,False,unknown_tool
mistral-7b,12876313,field_match,False,False,False,0.75,0.6666666666666666,0.6666666666666666,False,False,False,unknown_tool
mistral-7b,12876313,field_match_compressed,False,False,False,0.75,0.6666666666666666,0.6666666666666666,False,False,False,unknown_tool
mistral-7b,12876313,full,False,False,False,0.75,0.6666666666666666,0.6666666666666666,False,False,False,unknown_tool
mistral-7b,10313723,audit_only,False,False,False,0.6666666666666666,0.0,0.0,False,False,False,invalid_argument_container
mistral-7b,10313723,field_match,False,False,False,0.6666666666666666,0.0,0.0,False,False,False,invalid_argument_container
mistral-7b,10313723,field_match_compressed,False,False,False,0.6666666666666666,0.0,0.0,False,False,False,invalid_argument_container
mistral-7b,10313723,full,False,False,False,0.6666666666666666,0.0,0.0,False,False,False,invalid_argument_container
mistral-7b,78537707,audit_only,False,False,False,0.75,0.0,0.0,False,False,False,invalid_argument_container
mistral-7b,78537707,field_match,False,False,False,0.75,0.0,0.0,False,False,False,invalid_argument_container
mistral-7b,78537707,field_match_compressed,False,False,False,0.75,0.0,0.0,False,False,False,invalid_argument_container
mistral-7b,78537707,full,False,False,False,0.75,0.0,0.0,False,False,False,invalid_argument_container
mistral-7b,99917085,audit_only,False,False,False,1.0,1.0,1.0,True,True,False,unsupported_embedded_reference
mistral-7b,99917085,field_match,False,False,False,1.0,1.0,1.0,True,True,False,unsupported_embedded_reference
mistral-7b,99917085,field_match_compressed,False,False,False,1.0,1.0,1.0,True,True,False,unsupported_embedded_reference
mistral-7b,99917085,full,False,False,False,1.0,1.0,1.0,True,True,False,unsupported_embedded_reference
mistral-7b,13885441,audit_only,False,False,False,0.75,0.6666666666666666,0.6666666666666666,False,False,False,unsupported_embedded_reference
mistral-7b,13885441,field_match,False,False,False,0.75,0.6666666666666666,0.6666666666666666,False,False,False,unsupported_embedded_reference
mistral-7b,13885441,field_match_compressed,False,False,False,0.75,0.6666666666666666,0.6666666666666666,False,False,False,unsupported_embedded_reference
mistral-7b,13885441,full,False,False,False,0.75,0.6666666666666666,0.6666666666666666,False,False,False,unsupported_embedded_reference
mistral-7b,16784865,audit_only,False,False,False,0.25,0.0,0.0,False,False,False,unknown_tool
mistral-7b,16784865,field_match,False,False,False,0.25,0.0,0.0,False,False,False,unknown_tool
mistral-7b,16784865,field_match_compressed,False,False,False,0.25,0.0,0.0,False,False,False,unknown_tool
mistral-7b,16784865,full,False,False,False,0.25,0.0,0.0,False,False,False,unknown_tool
mistral-7b,31928345,audit_only,False,False,False,0.5333333333333333,0.13333333333333333,0.13333333333333333,False,False,False,unknown_tool
mistral-7b,31928345,field_match,False,False,False,0.5333333333333333,0.13333333333333333,0.13333333333333333,False,False,False,unknown_tool
mistral-7b,31928345,field_match_compressed,False,False,False,0.5333333333333333,0.13333333333333333,0.13333333333333333,False,False,False,unknown_tool
mistral-7b,31928345,full,False,False,False,0.5333333333333333,0.13333333333333333,0.13333333333333333,False,False,False,unknown_tool
mistral-7b,32723787,audit_only,False,False,False,0.2857142857142857,0.0,0.0,False,False,False,invalid_argument_container
mistral-7b,32723787,field_match,False,False,False,0.2857142857142857,0.0,0.0,False,False,False,invalid_argument_container
mistral-7b,32723787,field_match_compressed,False,False,False,0.2857142857142857,0.0,0.0,False,False,False,invalid_argument_container
mistral-7b,32723787,full,False,False,False,0.2857142857142857,0.0,0.0,False,False,False,invalid_argument_container
mistral-7b,15941210,audit_only,False,False,False,0.4,0.0,0.0,False,False,False,invalid_argument_container
mistral-7b,15941210,field_match,False,False,False,0.4,0.0,0.0,False,False,False,invalid_argument_container
mistral-7b,15941210,field_match_compressed,False,False,False,0.4,0.0,0.0,False,False,False,invalid_argument_container
mistral-7b,15941210,full,False,False,False,0.4,0.0,0.0,False,False,False,invalid_argument_container
mistral-7b,16481346,audit_only,False,False,False,0.8888888888888888,0.5714285714285714,0.5714285714285714,False,False,False,invalid_node_reference
mistral-7b,16481346,field_match,False,False,False,0.8888888888888888,0.5714285714285714,0.5714285714285714,False,False,False,invalid_node_reference
mistral-7b,16481346,field_match_compressed,False,False,False,0.8888888888888888,0.5714285714285714,0.5714285714285714,False,False,False,invalid_node_reference
mistral-7b,16481346,full,False,False,False,0.8888888888888888,0.5714285714285714,0.5714285714285714,False,False,False,invalid_node_reference
mistral-7b,75332795,audit_only,False,False,False,0.6666666666666666,0.25,0.25,False,False,False,invalid_node_reference
mistral-7b,75332795,field_match,False,False,False,0.6666666666666666,0.25,0.25,False,False,False,invalid_node_reference
mistral-7b,75332795,field_match_compressed,False,False,False,0.6666666666666666,0.25,0.25,False,False,False,invalid_node_reference
mistral-7b,75332795,full,False,False,False,0.6666666666666666,0.25,0.25,False,False,False,invalid_node_reference
mistral-7b,40305080,audit_only,False,False,False,0.5454545454545454,0.0,0.0,False,False,False,unknown_tool
mistral-7b,40305080,field_match,False,False,False,0.5454545454545454,0.0,0.0,False,False,False,unknown_tool
mistral-7b,40305080,field_match_compressed,False,False,False,0.5454545454545454,0.0,0.0,False,False,False,unknown_tool
mistral-7b,40305080,full,False,False,False,0.5454545454545454,0.0,0.0,False,False,False,unknown_tool
mistral-7b,20881001,audit_only,False,False,False,0.6666666666666666,0.4444444444444444,0.4444444444444444,False,False,False,unknown_tool
mistral-7b,20881001,field_match,False,False,False,0.6666666666666666,0.4444444444444444,0.4444444444444444,False,False,False,unknown_tool
mistral-7b,20881001,field_match_compressed,False,False,False,0.6666666666666666,0.4444444444444444,0.4444444444444444,False,False,False,unknown_tool
mistral-7b,20881001,full,False,False,False,0.6666666666666666,0.4444444444444444,0.4444444444444444,False,False,False,unknown_tool
mistral-7b,19139429,audit_only,False,False,False,1.0,1.0,1.0,True,True,False,invalid_argument_container
mistral-7b,19139429,field_match,False,False,False,1.0,1.0,1.0,True,True,False,invalid_argument_container
mistral-7b,19139429,field_match_compressed,False,False,False,1.0,1.0,1.0,True,True,False,invalid_argument_container
mistral-7b,19139429,full,False,False,False,1.0,1.0,1.0,True,True,False,invalid_argument_container
mistral-7b,16102080,audit_only,False,False,False,1.0,1.0,1.0,True,True,False,invalid_argument_container
mistral-7b,16102080,field_match,False,False,False,1.0,1.0,1.0,True,True,False,invalid_argument_container
mistral-7b,16102080,field_match_compressed,False,False,False,1.0,1.0,1.0,True,True,False,invalid_argument_container
mistral-7b,16102080,full,False,False,False,1.0,1.0,1.0,True,True,False,invalid_argument_container
mistral-7b,29696429,audit_only,False,False,False,0.3333333333333333,0.0,0.0,False,False,False,unknown_tool
mistral-7b,29696429,field_match,False,False,False,0.3333333333333333,0.0,0.0,False,False,False,unknown_tool
mistral-7b,29696429,field_match_compressed,False,False,False,0.3333333333333333,0.0,0.0,False,False,False,unknown_tool
mistral-7b,29696429,full,False,False,False,0.3333333333333333,0.0,0.0,False,False,False,unknown_tool
mistral-7b,27846910,audit_only,False,False,False,0.75,0.0,0.0,False,False,False,invalid_argument_container
mistral-7b,27846910,field_match,False,False,False,0.75,0.0,0.0,False,False,False,invalid_argument_container
mistral-7b,27846910,field_match_compressed,False,False,False,0.75,0.0,0.0,False,False,False,invalid_argument_container
mistral-7b,27846910,full,False,False,False,0.75,0.0,0.0,False,False,False,invalid_argument_container
mistral-7b,21967137,audit_only,False,False,False,0.75,0.6666666666666666,0.6666666666666666,False,False,False,unknown_tool
mistral-7b,21967137,field_match,False,False,False,0.75,0.6666666666666666,0.6666666666666666,False,False,False,unknown_tool
mistral-7b,21967137,field_match_compressed,False,False,False,0.75,0.6666666666666666,0.6666666666666666,False,False,False,unknown_tool
mistral-7b,21967137,full,False,False,False,0.75,0.6666666666666666,0.6666666666666666,False,False,False,unknown_tool
mistral-7b,26669669,audit_only,False,False,False,1.0,1.0,1.0,True,True,False,invalid_node_reference
mistral-7b,26669669,field_match,False,False,False,1.0,1.0,1.0,True,True,False,invalid_node_reference
mistral-7b,26669669,field_match_compressed,False,False,False,1.0,1.0,1.0,True,True,False,invalid_node_reference
mistral-7b,26669669,full,False,False,False,1.0,1.0,1.0,True,True,False,invalid_node_reference
mistral-7b,16350464,audit_only,False,False,False,1.0,1.0,1.0,True,True,False,invalid_argument_container
mistral-7b,16350464,field_match,False,False,False,1.0,1.0,1.0,True,True,False,invalid_argument_container
mistral-7b,16350464,field_match_compressed,False,False,False,1.0,1.0,1.0,True,True,False,invalid_argument_container
mistral-7b,16350464,full,False,False,False,1.0,1.0,1.0,True,True,False,invalid_argument_container
mistral-7b,16388049,audit_only,False,False,False,1.0,1.0,1.0,True,True,False,invalid_argument_container
mistral-7b,16388049,field_match,False,False,False,1.0,1.0,1.0,True,True,False,invalid_argument_container
mistral-7b,16388049,field_match_compressed,False,False,False,1.0,1.0,1.0,True,True,False,invalid_argument_container
mistral-7b,16388049,full,False,False,False,1.0,1.0,1.0,True,True,False,invalid_argument_container
mistral-7b,30476945,audit_only,False,False,False,0.36363636363636365,0.2222222222222222,0.2222222222222222,False,False,False,unknown_tool
mistral-7b,30476945,field_match,False,False,False,0.36363636363636365,0.2222222222222222,0.2222222222222222,False,False,False,unknown_tool
mistral-7b,30476945,field_match_compressed,False,False,False,0.36363636363636365,0.2222222222222222,0.2222222222222222,False,False,False,unknown_tool
mistral-7b,30476945,full,False,False,False,0.36363636363636365,0.2222222222222222,0.2222222222222222,False,False,False,unknown_tool
mistral-7b,15074132,audit_only,False,False,False,0.5714285714285714,0.0,0.0,False,False,False,invalid_argument_container
mistral-7b,15074132,field_match,False,False,False,0.5714285714285714,0.0,0.0,False,False,False,invalid_argument_container
mistral-7b,15074132,field_match_compressed,False,False,False,0.5714285714285714,0.0,0.0,False,False,False,invalid_argument_container
mistral-7b,15074132,full,False,False,False,0.5714285714285714,0.0,0.0,False,False,False,invalid_argument_container
mistral-7b,16309918,audit_only,True,False,False,1.0,1.0,1.0,True,True,False,
mistral-7b,16309918,field_match,True,False,False,1.0,1.0,1.0,True,True,False,
mistral-7b,16309918,field_match_compressed,True,False,False,1.0,1.0,1.0,True,True,False,
mistral-7b,16309918,full,True,False,False,1.0,1.0,0.6666666666666666,True,False,True,
mistral-7b,26855287,audit_only,True,True,True,1.0,1.0,1.0,True,True,False,
mistral-7b,26855287,field_match,True,True,True,1.0,1.0,1.0,True,True,False,
mistral-7b,26855287,field_match_compressed,True,True,True,1.0,1.0,1.0,True,True,False,
mistral-7b,26855287,full,True,True,True,1.0,1.0,1.0,True,True,False,
mistral-7b,93261718,audit_only,False,False,False,0.5454545454545454,0.2222222222222222,0.2222222222222222,False,False,False,unknown_tool
mistral-7b,93261718,field_match,False,False,False,0.5454545454545454,0.2222222222222222,0.2222222222222222,False,False,False,unknown_tool
mistral-7b,93261718,field_match_compressed,False,False,False,0.5454545454545454,0.2222222222222222,0.2222222222222222,False,False,False,unknown_tool
mistral-7b,93261718,full,False,False,False,0.5454545454545454,0.2222222222222222,0.2222222222222222,False,False,False,unknown_tool
mistral-7b,25583572,audit_only,False,False,False,0.5,0.0,0.0,False,False,False,invalid_node_reference
mistral-7b,25583572,field_match,False,False,False,0.5,0.0,0.0,False,False,False,invalid_node_reference
mistral-7b,25583572,field_match_compressed,False,False,False,0.5,0.0,0.0,False,False,False,invalid_node_reference
mistral-7b,25583572,full,False,False,False,0.5,0.0,0.0,False,False,False,invalid_node_reference
mistral-7b,16930208,audit_only,False,False,False,0.8888888888888888,1.0,1.0,False,False,False,invalid_argument_container
mistral-7b,16930208,field_match,False,False,False,0.8888888888888888,1.0,1.0,False,False,False,invalid_argument_container
mistral-7b,16930208,field_match_compressed,False,False,False,0.8888888888888888,1.0,1.0,False,False,False,invalid_argument_container
mistral-7b,16930208,full,False,False,False,0.8888888888888888,1.0,1.0,False,False,False,invalid_argument_container
mistral-7b,22647679,audit_only,True,True,True,0.4,0.0,0.0,False,False,False,
mistral-7b,22647679,field_match,True,True,True,0.4,0.0,0.0,False,False,False,
mistral-7b,22647679,field_match_compressed,True,True,True,0.4,0.0,0.0,False,False,False,
mistral-7b,22647679,full,True,True,True,0.4,0.0,0.0,False,False,False,
mistral-7b,14310314,audit_only,False,False,False,1.0,1.0,1.0,True,True,False,unsupported_embedded_reference
mistral-7b,14310314,field_match,False,False,False,1.0,1.0,1.0,True,True,False,unsupported_embedded_reference
mistral-7b,14310314,field_match_compressed,False,False,False,1.0,1.0,1.0,True,True,False,unsupported_embedded_reference
mistral-7b,14310314,full,False,False,False,1.0,1.0,1.0,True,True,False,unsupported_embedded_reference
mistral-7b,89914283,audit_only,False,False,False,0.3333333333333333,0.0,0.0,False,False,False,invalid_node_reference
mistral-7b,89914283,field_match,False,False,False,0.3333333333333333,0.0,0.0,False,False,False,invalid_node_reference
mistral-7b,89914283,field_match_compressed,False,False,False,0.3333333333333333,0.0,0.0,False,False,False,invalid_node_reference
mistral-7b,89914283,full,False,False,False,0.3333333333333333,0.0,0.0,False,False,False,invalid_node_reference
mistral-7b,24699286,audit_only,False,False,False,0.8,0.46153846153846156,0.46153846153846156,False,False,False,invalid_argument_container
mistral-7b,24699286,field_match,False,False,False,0.8,0.46153846153846156,0.46153846153846156,False,False,False,invalid_argument_container
mistral-7b,24699286,field_match_compressed,False,False,False,0.8,0.46153846153846156,0.46153846153846156,False,False,False,invalid_argument_container
mistral-7b,24699286,full,False,False,False,0.8,0.46153846153846156,0.46153846153846156,False,False,False,invalid_argument_container
mistral-7b,90843890,audit_only,False,False,False,1.0,0.2857142857142857,0.2857142857142857,False,False,False,invalid_argument_container
mistral-7b,90843890,field_match,False,False,False,1.0,0.2857142857142857,0.2857142857142857,False,False,False,invalid_argument_container
mistral-7b,90843890,field_match_compressed,False,False,False,1.0,0.2857142857142857,0.2857142857142857,False,False,False,invalid_argument_container
mistral-7b,90843890,full,False,False,False,1.0,0.2857142857142857,0.2857142857142857,False,False,False,invalid_argument_container
mistral-7b,26731193,audit_only,False,False,False,1.0,1.0,1.0,True,True,False,unsupported_embedded_reference
mistral-7b,26731193,field_match,False,False,False,1.0,1.0,1.0,True,True,False,unsupported_embedded_reference
mistral-7b,26731193,field_match_compressed,False,False,False,1.0,1.0,1.0,True,True,False,unsupported_embedded_reference
mistral-7b,26731193,full,False,False,False,1.0,1.0,1.0,True,True,False,unsupported_embedded_reference
mistral-7b,22586908,audit_only,False,False,False,0.4444444444444444,0.2857142857142857,0.2857142857142857,False,False,False,invalid_argument_container
mistral-7b,22586908,field_match,False,False,False,0.4444444444444444,0.2857142857142857,0.2857142857142857,False,False,False,invalid_argument_container
mistral-7b,22586908,field_match_compressed,False,False,False,0.4444444444444444,0.2857142857142857,0.2857142857142857,False,False,False,invalid_argument_container
mistral-7b,22586908,full,False,False,False,0.4444444444444444,0.2857142857142857,0.2857142857142857,False,False,False,invalid_argument_container
mistral-7b,21365429,audit_only,False,False,False,1.0,0.5,0.5,False,False,False,unresolved_link_endpoint
mistral-7b,21365429,field_match,False,False,False,1.0,0.5,0.5,False,False,False,unresolved_link_endpoint
mistral-7b,21365429,field_match_compressed,False,False,False,1.0,0.5,0.5,False,False,False,unresolved_link_endpoint
mistral-7b,21365429,full,False,False,False,1.0,0.5,0.5,False,False,False,unresolved_link_endpoint
mistral-7b,34175058,audit_only,False,False,False,0.3333333333333333,0.0,0.0,False,False,False,unknown_tool
mistral-7b,34175058,field_match,False,False,False,0.3333333333333333,0.0,0.0,False,False,False,unknown_tool
mistral-7b,34175058,field_match_compressed,False,False,False,0.3333333333333333,0.0,0.0,False,False,False,unknown_tool
mistral-7b,34175058,full,False,False,False,0.3333333333333333,0.0,0.0,False,False,False,unknown_tool
mistral-7b,58602552,audit_only,False,False,False,0.5714285714285714,0.0,0.0,False,False,False,invalid_node_reference
mistral-7b,58602552,field_match,False,False,False,0.5714285714285714,0.0,0.0,False,False,False,invalid_node_reference
mistral-7b,58602552,field_match_compressed,False,False,False,0.5714285714285714,0.0,0.0,False,False,False,invalid_node_reference
mistral-7b,58602552,full,False,False,False,0.5714285714285714,0.0,0.0,False,False,False,invalid_node_reference
mistral-7b,63538844,audit_only,False,False,False,0.4,0.0,0.0,False,False,False,unknown_tool
mistral-7b,63538844,field_match,False,False,False,0.4,0.0,0.0,False,False,False,unknown_tool
mistral-7b,63538844,field_match_compressed,False,False,False,0.4,0.0,0.0,False,False,False,unknown_tool
mistral-7b,63538844,full,False,False,False,0.4,0.0,0.0,False,False,False,unknown_tool
mistral-7b,44885018,audit_only,False,False,False,0.75,0.5714285714285714,0.5714285714285714,False,False,False,unsupported_embedded_reference
mistral-7b,44885018,field_match,False,False,False,0.75,0.5714285714285714,0.5714285714285714,False,False,False,unsupported_embedded_reference
mistral-7b,44885018,field_match_compressed,False,False,False,0.75,0.5714285714285714,0.5714285714285714,False,False,False,unsupported_embedded_reference
mistral-7b,44885018,full,False,False,False,0.75,0.5714285714285714,0.5714285714285714,False,False,False,unsupported_embedded_reference
mistral-7b,30499284,audit_only,False,False,False,0.3333333333333333,0.0,0.0,False,False,False,invalid_node_reference
mistral-7b,30499284,field_match,False,False,False,0.3333333333333333,0.0,0.0,False,False,False,invalid_node_reference
mistral-7b,30499284,field_match_compressed,False,False,False,0.3333333333333333,0.0,0.0,False,False,False,invalid_node_reference
mistral-7b,30499284,full,False,False,False,0.3333333333333333,0.0,0.0,False,False,False,invalid_node_reference
mistral-7b,33081245,audit_only,False,False,False,0.3333333333333333,0.0,0.0,False,False,False,unknown_tool
mistral-7b,33081245,field_match,False,False,False,0.3333333333333333,0.0,0.0,False,False,False,unknown_tool
mistral-7b,33081245,field_match_compressed,False,False,False,0.3333333333333333,0.0,0.0,False,False,False,unknown_tool
mistral-7b,33081245,full,False,False,False,0.3333333333333333,0.0,0.0,False,False,False,unknown_tool
mistral-7b,17920579,audit_only,False,False,False,0.75,0.6666666666666666,0.6666666666666666,False,False,False,unsupported_embedded_reference
mistral-7b,17920579,field_match,False,False,False,0.75,0.6666666666666666,0.6666666666666666,False,False,False,unsupported_embedded_reference
mistral-7b,17920579,field_match_compressed,False,False,False,0.75,0.6666666666666666,0.6666666666666666,False,False,False,unsupported_embedded_reference
mistral-7b,17920579,full,False,False,False,0.75,0.6666666666666666,0.6666666666666666,False,False,False,unsupported_embedded_reference
mistral-7b,24547366,audit_only,False,False,False,1.0,0.8888888888888888,0.8888888888888888,False,False,False,unsupported_embedded_reference
mistral-7b,24547366,field_match,False,False,False,1.0,0.8888888888888888,0.8888888888888888,False,False,False,unsupported_embedded_reference
mistral-7b,24547366,field_match_compressed,False,False,False,1.0,0.8888888888888888,0.8888888888888888,False,False,False,unsupported_embedded_reference
mistral-7b,24547366,full,False,False,False,1.0,0.8888888888888888,0.8888888888888888,False,False,False,unsupported_embedded_reference
mistral-7b,14102577,audit_only,False,False,False,0.5714285714285714,0.4,0.4,False,False,False,invalid_node_reference
mistral-7b,14102577,field_match,False,False,False,0.5714285714285714,0.4,0.4,False,False,False,invalid_node_reference
mistral-7b,14102577,field_match_compressed,False,False,False,0.5714285714285714,0.4,0.4,False,False,False,invalid_node_reference
mistral-7b,14102577,full,False,False,False,0.5714285714285714,0.4,0.4,False,False,False,invalid_node_reference
mistral-7b,20309569,audit_only,False,False,False,0.6666666666666666,0.2857142857142857,0.2857142857142857,False,False,False,unknown_tool
mistral-7b,20309569,field_match,False,False,False,0.6666666666666666,0.2857142857142857,0.2857142857142857,False,False,False,unknown_tool
mistral-7b,20309569,field_match_compressed,False,False,False,0.6666666666666666,0.2857142857142857,0.2857142857142857,False,False,False,unknown_tool
mistral-7b,20309569,full,False,False,False,0.6666666666666666,0.2857142857142857,0.2857142857142857,False,False,False,unknown_tool
mistral-7b,20142480,audit_only,True,True,True,1.0,1.0,1.0,True,True,False,
mistral-7b,20142480,field_match,True,True,True,1.0,1.0,1.0,True,True,False,
mistral-7b,20142480,field_match_compressed,True,True,True,1.0,1.0,1.0,True,True,False,
mistral-7b,20142480,full,True,True,True,1.0,1.0,1.0,True,True,False,
mistral-7b,99627875,audit_only,False,False,False,0.2222222222222222,0.0,0.0,False,False,False,unknown_tool
mistral-7b,99627875,field_match,False,False,False,0.2222222222222222,0.0,0.0,False,False,False,unknown_tool
mistral-7b,99627875,field_match_compressed,False,False,False,0.2222222222222222,0.0,0.0,False,False,False,unknown_tool
mistral-7b,99627875,full,False,False,False,0.2222222222222222,0.0,0.0,False,False,False,unknown_tool
mistral-7b,26320836,audit_only,False,False,False,0.8,0.4444444444444444,0.4444444444444444,False,False,False,unknown_tool
mistral-7b,26320836,field_match,False,False,False,0.8,0.4444444444444444,0.4444444444444444,False,False,False,unknown_tool
mistral-7b,26320836,field_match_compressed,False,False,False,0.8,0.4444444444444444,0.4444444444444444,False,False,False,unknown_tool
mistral-7b,26320836,full,False,False,False,0.8,0.4444444444444444,0.4444444444444444,False,False,False,unknown_tool
mistral-7b,16961385,audit_only,False,False,False,0.3333333333333333,0.0,0.0,False,False,False,unknown_tool
mistral-7b,16961385,field_match,False,False,False,0.3333333333333333,0.0,0.0,False,False,False,unknown_tool
mistral-7b,16961385,field_match_compressed,False,False,False,0.3333333333333333,0.0,0.0,False,False,False,unknown_tool
mistral-7b,16961385,full,False,False,False,0.3333333333333333,0.0,0.0,False,False,False,unknown_tool
mistral-7b,24124949,audit_only,True,False,True,0.6666666666666666,0.5,0.5,False,False,False,
mistral-7b,24124949,field_match,True,True,True,0.6666666666666666,0.5,0.0,False,False,True,
mistral-7b,24124949,field_match_compressed,True,True,True,0.6666666666666666,0.5,0.0,False,False,True,
mistral-7b,24124949,full,True,True,True,0.6666666666666666,0.5,0.0,False,False,True,
mistral-7b,11519463,audit_only,False,False,False,1.0,0.0,0.0,False,False,False,invalid_argument_container
mistral-7b,11519463,field_match,False,False,False,1.0,0.0,0.0,False,False,False,invalid_argument_container
mistral-7b,11519463,field_match_compressed,False,False,False,1.0,0.0,0.0,False,False,False,invalid_argument_container
mistral-7b,11519463,full,False,False,False,1.0,0.0,0.0,False,False,False,invalid_argument_container
mistral-7b,19400148,audit_only,False,False,False,0.5,0.0,0.0,False,False,False,invalid_argument_container
mistral-7b,19400148,field_match,False,False,False,0.5,0.0,0.0,False,False,False,invalid_argument_container
mistral-7b,19400148,field_match_compressed,False,False,False,0.5,0.0,0.0,False,False,False,invalid_argument_container
mistral-7b,19400148,full,False,False,False,0.5,0.0,0.0,False,False,False,invalid_argument_container
mistral-7b,20478511,audit_only,False,False,False,0.75,0.3333333333333333,0.3333333333333333,False,False,False,unsupported_embedded_reference
mistral-7b,20478511,field_match,False,False,False,0.75,0.3333333333333333,0.3333333333333333,False,False,False,unsupported_embedded_reference
mistral-7b,20478511,field_match_compressed,False,False,False,0.75,0.3333333333333333,0.3333333333333333,False,False,False,unsupported_embedded_reference
mistral-7b,20478511,full,False,False,False,0.75,0.3333333333333333,0.3333333333333333,False,False,False,unsupported_embedded_reference
mistral-7b,74421628,audit_only,True,True,True,0.5,0.0,0.0,False,False,False,
mistral-7b,74421628,field_match,True,True,True,0.5,0.0,0.0,False,False,False,
mistral-7b,74421628,field_match_compressed,True,True,True,0.5,0.0,0.0,False,False,False,
mistral-7b,74421628,full,True,True,True,0.5,0.0,0.0,False,False,False,
mistral-7b,23030261,audit_only,False,False,False,0.5,0.0,0.0,False,False,False,unknown_tool
mistral-7b,23030261,field_match,False,False,False,0.5,0.0,0.0,False,False,False,unknown_tool
mistral-7b,23030261,field_match_compressed,False,False,False,0.5,0.0,0.0,False,False,False,unknown_tool
mistral-7b,23030261,full,False,False,False,0.5,0.0,0.0,False,False,False,unknown_tool
mistral-7b,59401546,audit_only,False,False,False,1.0,1.0,1.0,True,True,False,invalid_argument_container
mistral-7b,59401546,field_match,False,False,False,1.0,1.0,1.0,True,True,False,invalid_argument_container
mistral-7b,59401546,field_match_compressed,False,False,False,1.0,1.0,1.0,True,True,False,invalid_argument_container
mistral-7b,59401546,full,False,False,False,1.0,1.0,1.0,True,True,False,invalid_argument_container
mistral-7b,89828567,audit_only,False,False,False,0.3333333333333333,0.0,0.0,False,False,False,unknown_tool
mistral-7b,89828567,field_match,False,False,False,0.3333333333333333,0.0,0.0,False,False,False,unknown_tool
mistral-7b,89828567,field_match_compressed,False,False,False,0.3333333333333333,0.0,0.0,False,False,False,unknown_tool
mistral-7b,89828567,full,False,False,False,0.3333333333333333,0.0,0.0,False,False,False,unknown_tool
mistral-7b,22729535,audit_only,False,False,False,0.0,0.0,0.0,False,False,False,unknown_tool
mistral-7b,22729535,field_match,False,False,False,0.0,0.0,0.0,False,False,False,unknown_tool
mistral-7b,22729535,field_match_compressed,False,False,False,0.0,0.0,0.0,False,False,False,unknown_tool
mistral-7b,22729535,full,False,False,False,0.0,0.0,0.0,False,False,False,unknown_tool
mistral-7b,89053569,audit_only,False,False,False,0.5714285714285714,0.0,0.0,False,False,False,unsupported_embedded_reference
mistral-7b,89053569,field_match,False,False,False,0.5714285714285714,0.0,0.0,False,False,False,unsupported_embedded_reference
mistral-7b,89053569,field_match_compressed,False,False,False,0.5714285714285714,0.0,0.0,False,False,False,unsupported_embedded_reference
mistral-7b,89053569,full,False,False,False,0.5714285714285714,0.0,0.0,False,False,False,unsupported_embedded_reference
mistral-7b,32707898,audit_only,False,False,False,0.8571428571428571,0.4,0.4,False,False,False,invalid_node_reference
mistral-7b,32707898,field_match,False,False,False,0.8571428571428571,0.4,0.4,False,False,False,invalid_node_reference
mistral-7b,32707898,field_match_compressed,False,False,False,0.8571428571428571,0.4,0.4,False,False,False,invalid_node_reference
mistral-7b,32707898,full,False,False,False,0.8571428571428571,0.4,0.4,False,False,False,invalid_node_reference
mistral-7b,27315800,audit_only,False,False,False,0.7142857142857143,0.3333333333333333,0.3333333333333333,False,False,False,unknown_tool
mistral-7b,27315800,field_match,False,False,False,0.7142857142857143,0.3333333333333333,0.3333333333333333,False,False,False,unknown_tool
mistral-7b,27315800,field_match_compressed,False,False,False,0.7142857142857143,0.3333333333333333,0.3333333333333333,False,False,False,unknown_tool
mistral-7b,27315800,full,False,False,False,0.7142857142857143,0.3333333333333333,0.3333333333333333,False,False,False,unknown_tool
mistral-7b,50089396,audit_only,False,False,False,0.3333333333333333,0.0,0.0,False,False,False,invalid_node_reference
mistral-7b,50089396,field_match,False,False,False,0.3333333333333333,0.0,0.0,False,False,False,invalid_node_reference
mistral-7b,50089396,field_match_compressed,False,False,False,0.3333333333333333,0.0,0.0,False,False,False,invalid_node_reference
mistral-7b,50089396,full,False,False,False,0.3333333333333333,0.0,0.0,False,False,False,invalid_node_reference
mistral-7b,19090704,audit_only,False,False,False,0.5714285714285714,0.4,0.4,False,False,False,invalid_node_reference
mistral-7b,19090704,field_match,False,False,False,0.5714285714285714,0.4,0.4,False,False,False,invalid_node_reference
mistral-7b,19090704,field_match_compressed,False,False,False,0.5714285714285714,0.4,0.4,False,False,False,invalid_node_reference
mistral-7b,19090704,full,False,False,False,0.5714285714285714,0.4,0.4,False,False,False,invalid_node_reference
mistral-7b,24563098,audit_only,False,False,False,0.5,0.0,0.0,False,False,False,unknown_tool
mistral-7b,24563098,field_match,False,False,False,0.5,0.0,0.0,False,False,False,unknown_tool
mistral-7b,24563098,field_match_compressed,False,False,False,0.5,0.0,0.0,False,False,False,unknown_tool
mistral-7b,24563098,full,False,False,False,0.5,0.0,0.0,False,False,False,unknown_tool
mistral-7b,33648020,audit_only,False,False,False,0.46153846153846156,0.0,0.0,False,False,False,unknown_tool
mistral-7b,33648020,field_match,False,False,False,0.46153846153846156,0.0,0.0,False,False,False,unknown_tool
mistral-7b,33648020,field_match_compressed,False,False,False,0.46153846153846156,0.0,0.0,False,False,False,unknown_tool
mistral-7b,33648020,full,False,False,False,0.46153846153846156,0.0,0.0,False,False,False,unknown_tool
mistral-7b,20507866,audit_only,False,False,False,0.6666666666666666,0.4,0.4,False,False,False,invalid_argument_container
mistral-7b,20507866,field_match,False,False,False,0.6666666666666666,0.4,0.4,False,False,False,invalid_argument_container
mistral-7b,20507866,field_match_compressed,False,False,False,0.6666666666666666,0.4,0.4,False,False,False,invalid_argument_container
mistral-7b,20507866,full,False,False,False,0.6666666666666666,0.4,0.4,False,False,False,invalid_argument_container
mistral-7b,25606667,audit_only,False,False,False,0.8,0.25,0.25,False,False,False,unsupported_embedded_reference
mistral-7b,25606667,field_match,False,False,False,0.8,0.25,0.25,False,False,False,unsupported_embedded_reference
mistral-7b,25606667,field_match_compressed,False,False,False,0.8,0.25,0.25,False,False,False,unsupported_embedded_reference
mistral-7b,25606667,full,False,False,False,0.8,0.25,0.25,False,False,False,unsupported_embedded_reference
mistral-7b,89994246,audit_only,False,False,False,0.2,0.0,0.0,False,False,False,unknown_tool
mistral-7b,89994246,field_match,False,False,False,0.2,0.0,0.0,False,False,False,unknown_tool
mistral-7b,89994246,field_match_compressed,False,False,False,0.2,0.0,0.0,False,False,False,unknown_tool
mistral-7b,89994246,full,False,False,False,0.2,0.0,0.0,False,False,False,unknown_tool
mistral-7b,27574214,audit_only,False,False,False,0.3333333333333333,0.0,0.0,False,False,False,unknown_tool
mistral-7b,27574214,field_match,False,False,False,0.3333333333333333,0.0,0.0,False,False,False,unknown_tool
mistral-7b,27574214,field_match_compressed,False,False,False,0.3333333333333333,0.0,0.0,False,False,False,unknown_tool
mistral-7b,27574214,full,False,False,False,0.3333333333333333,0.0,0.0,False,False,False,unknown_tool
mistral-7b,18205955,audit_only,False,False,False,0.5,0.3333333333333333,0.3333333333333333,False,False,False,ambiguous_repeated_tool
mistral-7b,18205955,field_match,False,False,False,0.5,0.3333333333333333,0.3333333333333333,False,False,False,ambiguous_repeated_tool
mistral-7b,18205955,field_match_compressed,False,False,False,0.5,0.3333333333333333,0.3333333333333333,False,False,False,ambiguous_repeated_tool
mistral-7b,18205955,full,False,False,False,0.5,0.3333333333333333,0.3333333333333333,False,False,False,ambiguous_repeated_tool
mistral-7b,17133898,audit_only,False,False,False,0.8571428571428571,0.4,0.4,False,False,False,invalid_argument_container
mistral-7b,17133898,field_match,False,False,False,0.8571428571428571,0.4,0.4,False,False,False,invalid_argument_container
mistral-7b,17133898,field_match_compressed,False,False,False,0.8571428571428571,0.4,0.4,False,False,False,invalid_argument_container
mistral-7b,17133898,full,False,False,False,0.8571428571428571,0.4,0.4,False,False,False,invalid_argument_container
mistral-7b,17051972,audit_only,False,False,False,0.8,1.0,1.0,False,False,False,invalid_argument_container
mistral-7b,17051972,field_match,False,False,False,0.8,1.0,1.0,False,False,False,invalid_argument_container
mistral-7b,17051972,field_match_compressed,False,False,False,0.8,1.0,1.0,False,False,False,invalid_argument_container
mistral-7b,17051972,full,False,False,False,0.8,1.0,1.0,False,False,False,invalid_argument_container
mistral-7b,81525020,audit_only,False,False,False,0.6666666666666666,0.5,0.5,False,False,False,unknown_tool
mistral-7b,81525020,field_match,False,False,False,0.6666666666666666,0.5,0.5,False,False,False,unknown_tool
mistral-7b,81525020,field_match_compressed,False,False,False,0.6666666666666666,0.5,0.5,False,False,False,unknown_tool
mistral-7b,81525020,full,False,False,False,0.6666666666666666,0.5,0.5,False,False,False,unknown_tool
mistral-7b,67540416,audit_only,False,False,False,0.8,0.5,0.5,False,False,False,invalid_argument_container
mistral-7b,67540416,field_match,False,False,False,0.8,0.5,0.5,False,False,False,invalid_argument_container
mistral-7b,67540416,field_match_compressed,False,False,False,0.8,0.5,0.5,False,False,False,invalid_argument_container
mistral-7b,67540416,full,False,False,False,0.8,0.5,0.5,False,False,False,invalid_argument_container
mistral-7b,31905835,audit_only,False,False,False,1.0,1.0,1.0,True,True,False,invalid_argument_container
mistral-7b,31905835,field_match,False,False,False,1.0,1.0,1.0,True,True,False,invalid_argument_container
mistral-7b,31905835,field_match_compressed,False,False,False,1.0,1.0,1.0,True,True,False,invalid_argument_container
mistral-7b,31905835,full,False,False,False,1.0,1.0,1.0,True,True,False,invalid_argument_container
mistral-7b,49173717,audit_only,False,False,False,0.5714285714285714,0.3333333333333333,0.3333333333333333,False,False,False,unknown_tool
mistral-7b,49173717,field_match,False,False,False,0.5714285714285714,0.3333333333333333,0.3333333333333333,False,False,False,unknown_tool
mistral-7b,49173717,field_match_compressed,False,False,False,0.5714285714285714,0.3333333333333333,0.3333333333333333,False,False,False,unknown_tool
mistral-7b,49173717,full,False,False,False,0.5714285714285714,0.3333333333333333,0.3333333333333333,False,False,False,unknown_tool
mistral-7b,31092613,audit_only,False,False,False,0.6666666666666666,0.4,0.4,False,False,False,unknown_tool
mistral-7b,31092613,field_match,False,False,False,0.6666666666666666,0.4,0.4,False,False,False,unknown_tool
mistral-7b,31092613,field_match_compressed,False,False,False,0.6666666666666666,0.4,0.4,False,False,False,unknown_tool
mistral-7b,31092613,full,False,False,False,0.6666666666666666,0.4,0.4,False,False,False,unknown_tool
mistral-7b,29114190,audit_only,False,False,False,0.6,0.25,0.25,False,False,False,invalid_argument_container
mistral-7b,29114190,field_match,False,False,False,0.6,0.25,0.25,False,False,False,invalid_argument_container
mistral-7b,29114190,field_match_compressed,False,False,False,0.6,0.25,0.25,False,False,False,invalid_argument_container
mistral-7b,29114190,full,False,False,False,0.6,0.25,0.25,False,False,False,invalid_argument_container
mistral-7b,24020636,audit_only,False,False,False,0.4,0.0,0.0,False,False,False,unknown_tool
mistral-7b,24020636,field_match,False,False,False,0.4,0.0,0.0,False,False,False,unknown_tool
mistral-7b,24020636,field_match_compressed,False,False,False,0.4,0.0,0.0,False,False,False,unknown_tool
mistral-7b,24020636,full,False,False,False,0.4,0.0,0.0,False,False,False,unknown_tool
mistral-7b,32613208,audit_only,False,False,False,0.5,0.0,0.0,False,False,False,unknown_tool
mistral-7b,32613208,field_match,False,False,False,0.5,0.0,0.0,False,False,False,unknown_tool
mistral-7b,32613208,field_match_compressed,False,False,False,0.5,0.0,0.0,False,False,False,unknown_tool
mistral-7b,32613208,full,False,False,False,0.5,0.0,0.0,False,False,False,unknown_tool
mistral-7b,15716659,audit_only,False,False,False,0.0,0.0,0.0,False,False,False,unknown_tool
mistral-7b,15716659,field_match,False,False,False,0.0,0.0,0.0,False,False,False,unknown_tool
mistral-7b,15716659,field_match_compressed,False,False,False,0.0,0.0,0.0,False,False,False,unknown_tool
mistral-7b,15716659,full,False,False,False,0.0,0.0,0.0,False,False,False,unknown_tool
mistral-7b,25687453,audit_only,False,False,False,0.25,0.0,0.0,False,False,False,unknown_tool
mistral-7b,25687453,field_match,False,False,False,0.25,0.0,0.0,False,False,False,unknown_tool
mistral-7b,25687453,field_match_compressed,False,False,False,0.25,0.0,0.0,False,False,False,unknown_tool
mistral-7b,25687453,full,False,False,False,0.25,0.0,0.0,False,False,False,unknown_tool
mistral-7b,14278121,audit_only,False,False,False,0.25,0.0,0.0,False,False,False,unknown_tool
mistral-7b,14278121,field_match,False,False,False,0.25,0.0,0.0,False,False,False,unknown_tool
mistral-7b,14278121,field_match_compressed,False,False,False,0.25,0.0,0.0,False,False,False,unknown_tool
mistral-7b,14278121,full,False,False,False,0.25,0.0,0.0,False,False,False,unknown_tool
mistral-7b,59848791,audit_only,False,False,False,0.6,0.25,0.25,False,False,False,invalid_node_reference
mistral-7b,59848791,field_match,False,False,False,0.6,0.25,0.25,False,False,False,invalid_node_reference
mistral-7b,59848791,field_match_compressed,False,False,False,0.6,0.25,0.25,False,False,False,invalid_node_reference
mistral-7b,59848791,full,False,False,False,0.6,0.25,0.25,False,False,False,invalid_node_reference
mistral-7b,79295235,audit_only,False,False,False,0.8571428571428571,0.3333333333333333,0.3333333333333333,False,False,False,unknown_tool
mistral-7b,79295235,field_match,False,False,False,0.8571428571428571,0.3333333333333333,0.3333333333333333,False,False,False,unknown_tool
mistral-7b,79295235,field_match_compressed,False,False,False,0.8571428571428571,0.3333333333333333,0.3333333333333333,False,False,False,unknown_tool
mistral-7b,79295235,full,False,False,False,0.8571428571428571,0.3333333333333333,0.3333333333333333,False,False,False,unknown_tool
mistral-7b,20369799,audit_only,False,False,False,0.6666666666666666,0.0,0.0,False,False,False,invalid_node_reference
mistral-7b,20369799,field_match,False,False,False,0.6666666666666666,0.0,0.0,False,False,False,invalid_node_reference
mistral-7b,20369799,field_match_compressed,False,False,False,0.6666666666666666,0.0,0.0,False,False,False,invalid_node_reference
mistral-7b,20369799,full,False,False,False,0.6666666666666666,0.0,0.0,False,False,False,invalid_node_reference
mistral-7b,33215593,audit_only,True,True,False,0.8,0.6666666666666666,0.6666666666666666,False,False,False,
mistral-7b,33215593,field_match,True,True,False,0.8,0.6666666666666666,0.6666666666666666,False,False,False,
mistral-7b,33215593,field_match_compressed,True,True,False,0.8,0.6666666666666666,0.6666666666666666,False,False,False,
mistral-7b,33215593,full,True,True,False,0.8,0.6666666666666666,0.6666666666666666,False,False,False,
mistral-7b,10050429,audit_only,False,False,False,0.3333333333333333,0.0,0.0,False,False,False,unknown_tool
mistral-7b,10050429,field_match,False,False,False,0.3333333333333333,0.0,0.0,False,False,False,unknown_tool
mistral-7b,10050429,field_match_compressed,False,False,False,0.3333333333333333,0.0,0.0,False,False,False,unknown_tool
mistral-7b,10050429,full,False,False,False,0.3333333333333333,0.0,0.0,False,False,False,unknown_tool
mistral-7b,14600856,audit_only,True,True,True,0.8,0.6666666666666666,0.6666666666666666,False,False,False,
mistral-7b,14600856,field_match,True,True,True,0.8,0.6666666666666666,0.6666666666666666,False,False,False,
mistral-7b,14600856,field_match_compressed,True,True,True,0.8,0.6666666666666666,0.6666666666666666,False,False,False,
mistral-7b,14600856,full,True,True,True,0.8,0.6666666666666666,0.6666666666666666,False,False,False,
mistral-7b,30733386,audit_only,False,False,False,0.75,0.2857142857142857,0.2857142857142857,False,False,False,unknown_tool
mistral-7b,30733386,field_match,False,False,False,0.75,0.2857142857142857,0.2857142857142857,False,False,False,unknown_tool
mistral-7b,30733386,field_match_compressed,False,False,False,0.75,0.2857142857142857,0.2857142857142857,False,False,False,unknown_tool
mistral-7b,30733386,full,False,False,False,0.75,0.2857142857142857,0.2857142857142857,False,False,False,unknown_tool
mistral-7b,73933244,audit_only,False,False,False,0.8,0.2222222222222222,0.2222222222222222,False,False,False,invalid_node_reference
mistral-7b,73933244,field_match,False,False,False,0.8,0.2222222222222222,0.2222222222222222,False,False,False,invalid_node_reference
mistral-7b,73933244,field_match_compressed,False,False,False,0.8,0.2222222222222222,0.2222222222222222,False,False,False,invalid_node_reference
mistral-7b,73933244,full,False,False,False,0.8,0.2222222222222222,0.2222222222222222,False,False,False,invalid_node_reference
mistral-7b,19338535,audit_only,True,False,False,1.0,0.8,0.8,False,False,False,
mistral-7b,19338535,field_match,True,True,False,1.0,0.8,1.0,False,True,True,
mistral-7b,19338535,field_match_compressed,True,True,False,1.0,0.8,1.0,False,True,True,
mistral-7b,19338535,full,True,True,False,1.0,0.8,1.0,False,True,True,
mistral-7b,26422351,audit_only,False,False,False,0.14285714285714285,0.0,0.0,False,False,False,unknown_tool
mistral-7b,26422351,field_match,False,False,False,0.14285714285714285,0.0,0.0,False,False,False,unknown_tool
mistral-7b,26422351,field_match_compressed,False,False,False,0.14285714285714285,0.0,0.0,False,False,False,unknown_tool
mistral-7b,26422351,full,False,False,False,0.14285714285714285,0.0,0.0,False,False,False,unknown_tool
mistral-7b,27292858,audit_only,False,False,False,0.25,0.0,0.0,False,False,False,unknown_tool
mistral-7b,27292858,field_match,False,False,False,0.25,0.0,0.0,False,False,False,unknown_tool
mistral-7b,27292858,field_match_compressed,False,False,False,0.25,0.0,0.0,False,False,False,unknown_tool
mistral-7b,27292858,full,False,False,False,0.25,0.0,0.0,False,False,False,unknown_tool
mistral-7b,87101358,audit_only,False,False,False,0.5333333333333333,0.3076923076923077,0.3076923076923077,False,False,False,unknown_tool
mistral-7b,87101358,field_match,False,False,False,0.5333333333333333,0.3076923076923077,0.3076923076923077,False,False,False,unknown_tool
mistral-7b,87101358,field_match_compressed,False,False,False,0.5333333333333333,0.3076923076923077,0.3076923076923077,False,False,False,unknown_tool
mistral-7b,87101358,full,False,False,False,0.5333333333333333,0.3076923076923077,0.3076923076923077,False,False,False,unknown_tool
mistral-7b,11693201,audit_only,False,False,False,0.8571428571428571,1.0,1.0,False,False,False,invalid_argument_container
mistral-7b,11693201,field_match,False,False,False,0.8571428571428571,1.0,1.0,False,False,False,invalid_argument_container
mistral-7b,11693201,field_match_compressed,False,False,False,0.8571428571428571,1.0,1.0,False,False,False,invalid_argument_container
mistral-7b,11693201,full,False,False,False,0.8571428571428571,1.0,1.0,False,False,False,invalid_argument_container
mistral-7b,15570591,audit_only,False,False,False,0.0,0.0,0.0,False,False,False,unknown_tool
mistral-7b,15570591,field_match,False,False,False,0.0,0.0,0.0,False,False,False,unknown_tool
mistral-7b,15570591,field_match_compressed,False,False,False,0.0,0.0,0.0,False,False,False,unknown_tool
mistral-7b,15570591,full,False,False,False,0.0,0.0,0.0,False,False,False,unknown_tool
mistral-7b,60446859,audit_only,False,False,False,0.6666666666666666,0.25,0.25,False,False,False,ambiguous_repeated_tool
mistral-7b,60446859,field_match,False,False,False,0.6666666666666666,0.25,0.25,False,False,False,ambiguous_repeated_tool
mistral-7b,60446859,field_match_compressed,False,False,False,0.6666666666666666,0.25,0.25,False,False,False,ambiguous_repeated_tool
mistral-7b,60446859,full,False,False,False,0.6666666666666666,0.25,0.25,False,False,False,ambiguous_repeated_tool
mistral-7b,14931745,audit_only,False,False,False,0.5714285714285714,0.0,0.0,False,False,False,invalid_node_reference
mistral-7b,14931745,field_match,False,False,False,0.5714285714285714,0.0,0.0,False,False,False,invalid_node_reference
mistral-7b,14931745,field_match_compressed,False,False,False,0.5714285714285714,0.0,0.0,False,False,False,invalid_node_reference
mistral-7b,14931745,full,False,False,False,0.5714285714285714,0.0,0.0,False,False,False,invalid_node_reference
mistral-7b,33636840,audit_only,False,False,False,0.25,0.0,0.0,False,False,False,unknown_tool
mistral-7b,33636840,field_match,False,False,False,0.25,0.0,0.0,False,False,False,unknown_tool
mistral-7b,33636840,field_match_compressed,False,False,False,0.25,0.0,0.0,False,False,False,unknown_tool
mistral-7b,33636840,full,False,False,False,0.25,0.0,0.0,False,False,False,unknown_tool
mistral-7b,31719847,audit_only,False,False,False,1.0,1.0,1.0,True,True,False,invalid_node_reference
mistral-7b,31719847,field_match,False,False,False,1.0,1.0,1.0,True,True,False,invalid_node_reference
mistral-7b,31719847,field_match_compressed,False,False,False,1.0,1.0,1.0,True,True,False,invalid_node_reference
mistral-7b,31719847,full,False,False,False,1.0,1.0,1.0,True,True,False,invalid_node_reference
mistral-7b,42924647,audit_only,False,False,False,0.5,0.0,0.0,False,False,False,unknown_tool
mistral-7b,42924647,field_match,False,False,False,0.5,0.0,0.0,False,False,False,unknown_tool
mistral-7b,42924647,field_match_compressed,False,False,False,0.5,0.0,0.0,False,False,False,unknown_tool
mistral-7b,42924647,full,False,False,False,0.5,0.0,0.0,False,False,False,unknown_tool
mistral-7b,20911644,audit_only,True,True,True,0.3333333333333333,0.0,0.0,False,False,False,
mistral-7b,20911644,field_match,True,True,True,0.3333333333333333,0.0,0.0,False,False,False,
mistral-7b,20911644,field_match_compressed,True,True,True,0.3333333333333333,0.0,0.0,False,False,False,
mistral-7b,20911644,full,True,True,True,0.3333333333333333,0.0,0.0,False,False,False,
mistral-7b,15505366,audit_only,False,False,False,0.0,0.0,0.0,False,False,False,unknown_tool
mistral-7b,15505366,field_match,False,False,False,0.0,0.0,0.0,False,False,False,unknown_tool
mistral-7b,15505366,field_match_compressed,False,False,False,0.0,0.0,0.0,False,False,False,unknown_tool
mistral-7b,15505366,full,False,False,False,0.0,0.0,0.0,False,False,False,unknown_tool
mistral-7b,95753430,audit_only,False,False,False,0.2857142857142857,0.0,0.0,False,False,False,unknown_tool
mistral-7b,95753430,field_match,False,False,False,0.2857142857142857,0.0,0.0,False,False,False,unknown_tool
mistral-7b,95753430,field_match_compressed,False,False,False,0.2857142857142857,0.0,0.0,False,False,False,unknown_tool
mistral-7b,95753430,full,False,False,False,0.2857142857142857,0.0,0.0,False,False,False,unknown_tool
mistral-7b,56678487,audit_only,False,False,False,0.8333333333333334,0.18181818181818182,0.18181818181818182,False,False,False,invalid_node_reference
mistral-7b,56678487,field_match,False,False,False,0.8333333333333334,0.18181818181818182,0.18181818181818182,False,False,False,invalid_node_reference
mistral-7b,56678487,field_match_compressed,False,False,False,0.8333333333333334,0.18181818181818182,0.18181818181818182,False,False,False,invalid_node_reference
mistral-7b,56678487,full,False,False,False,0.8333333333333334,0.18181818181818182,0.18181818181818182,False,False,False,invalid_node_reference
mistral-7b,27912137,audit_only,False,False,False,0.6666666666666666,0.0,0.0,False,False,False,invalid_argument_container
mistral-7b,27912137,field_match,False,False,False,0.6666666666666666,0.0,0.0,False,False,False,invalid_argument_container
mistral-7b,27912137,field_match_compressed,False,False,False,0.6666666666666666,0.0,0.0,False,False,False,invalid_argument_container
mistral-7b,27912137,full,False,False,False,0.6666666666666666,0.0,0.0,False,False,False,invalid_argument_container
mistral-7b,54934009,audit_only,False,False,False,1.0,0.6666666666666666,0.6666666666666666,False,False,False,invalid_node_reference
mistral-7b,54934009,field_match,False,False,False,1.0,0.6666666666666666,0.6666666666666666,False,False,False,invalid_node_reference
mistral-7b,54934009,field_match_compressed,False,False,False,1.0,0.6666666666666666,0.6666666666666666,False,False,False,invalid_node_reference
mistral-7b,54934009,full,False,False,False,1.0,0.6666666666666666,0.6666666666666666,False,False,False,invalid_node_reference
mistral-7b,54753899,audit_only,False,False,False,0.5714285714285714,0.0,0.0,False,False,False,unknown_tool
mistral-7b,54753899,field_match,False,False,False,0.5714285714285714,0.0,0.0,False,False,False,unknown_tool
mistral-7b,54753899,field_match_compressed,False,False,False,0.5714285714285714,0.0,0.0,False,False,False,unknown_tool
mistral-7b,54753899,full,False,False,False,0.5714285714285714,0.0,0.0,False,False,False,unknown_tool
mistral-7b,22077941,audit_only,False,False,False,1.0,1.0,1.0,True,True,False,invalid_node_reference
mistral-7b,22077941,field_match,False,False,False,1.0,1.0,1.0,True,True,False,invalid_node_reference
mistral-7b,22077941,field_match_compressed,False,False,False,1.0,1.0,1.0,True,True,False,invalid_node_reference
mistral-7b,22077941,full,False,False,False,1.0,1.0,1.0,True,True,False,invalid_node_reference
mistral-7b,55821648,audit_only,False,False,False,0.2857142857142857,0.0,0.0,False,False,False,unknown_tool
mistral-7b,55821648,field_match,False,False,False,0.2857142857142857,0.0,0.0,False,False,False,unknown_tool
mistral-7b,55821648,field_match_compressed,False,False,False,0.2857142857142857,0.0,0.0,False,False,False,unknown_tool
mistral-7b,55821648,full,False,False,False,0.2857142857142857,0.0,0.0,False,False,False,unknown_tool
mistral-7b,10320078,audit_only,False,False,False,0.0,0.0,0.0,False,False,False,unknown_tool
mistral-7b,10320078,field_match,False,False,False,0.0,0.0,0.0,False,False,False,unknown_tool
mistral-7b,10320078,field_match_compressed,False,False,False,0.0,0.0,0.0,False,False,False,unknown_tool
mistral-7b,10320078,full,False,False,False,0.0,0.0,0.0,False,False,False,unknown_tool
mistral-7b,17180350,audit_only,False,False,False,0.3333333333333333,0.0,0.0,False,False,False,unknown_tool
mistral-7b,17180350,field_match,False,False,False,0.3333333333333333,0.0,0.0,False,False,False,unknown_tool
mistral-7b,17180350,field_match_compressed,False,False,False,0.3333333333333333,0.0,0.0,False,False,False,unknown_tool
mistral-7b,17180350,full,False,False,False,0.3333333333333333,0.0,0.0,False,False,False,unknown_tool
mistral-7b,10330022,audit_only,False,False,False,0.6666666666666666,0.5,0.5,False,False,False,unsupported_embedded_reference
mistral-7b,10330022,field_match,False,False,False,0.6666666666666666,0.5,0.5,False,False,False,unsupported_embedded_reference
mistral-7b,10330022,field_match_compressed,False,False,False,0.6666666666666666,0.5,0.5,False,False,False,unsupported_embedded_reference
mistral-7b,10330022,full,False,False,False,0.6666666666666666,0.5,0.5,False,False,False,unsupported_embedded_reference
mistral-7b,26252440,audit_only,False,False,False,0.2857142857142857,0.0,0.0,False,False,False,unknown_tool
mistral-7b,26252440,field_match,False,False,False,0.2857142857142857,0.0,0.0,False,False,False,unknown_tool
mistral-7b,26252440,field_match_compressed,False,False,False,0.2857142857142857,0.0,0.0,False,False,False,unknown_tool
mistral-7b,26252440,full,False,False,False,0.2857142857142857,0.0,0.0,False,False,False,unknown_tool
mistral-7b,30327512,audit_only,False,False,False,1.0,1.0,1.0,True,True,False,invalid_argument_container
mistral-7b,30327512,field_match,False,False,False,1.0,1.0,1.0,True,True,False,invalid_argument_container
mistral-7b,30327512,field_match_compressed,False,False,False,1.0,1.0,1.0,True,True,False,invalid_argument_container
mistral-7b,30327512,full,False,False,False,1.0,1.0,1.0,True,True,False,invalid_argument_container
mistral-7b,31085942,audit_only,False,False,False,0.8888888888888888,0.0,0.0,False,False,False,ambiguous_repeated_tool
mistral-7b,31085942,field_match,False,False,False,0.8888888888888888,0.0,0.0,False,False,False,ambiguous_repeated_tool
mistral-7b,31085942,field_match_compressed,False,False,False,0.8888888888888888,0.0,0.0,False,False,False,ambiguous_repeated_tool
mistral-7b,31085942,full,False,False,False,0.8888888888888888,0.0,0.0,False,False,False,ambiguous_repeated_tool
mistral-7b,29134930,audit_only,False,False,False,1.0,1.0,1.0,True,True,False,invalid_node_reference
mistral-7b,29134930,field_match,False,False,False,1.0,1.0,1.0,True,True,False,invalid_node_reference
mistral-7b,29134930,field_match_compressed,False,False,False,1.0,1.0,1.0,True,True,False,invalid_node_reference
mistral-7b,29134930,full,False,False,False,1.0,1.0,1.0,True,True,False,invalid_node_reference
mistral-7b,15141261,audit_only,False,False,False,0.375,0.10526315789473684,0.10526315789473684,False,False,False,unknown_tool
mistral-7b,15141261,field_match,False,False,False,0.375,0.10526315789473684,0.10526315789473684,False,False,False,unknown_tool
mistral-7b,15141261,field_match_compressed,False,False,False,0.375,0.10526315789473684,0.10526315789473684,False,False,False,unknown_tool
mistral-7b,15141261,full,False,False,False,0.375,0.10526315789473684,0.10526315789473684,False,False,False,unknown_tool
mistral-7b,22751188,audit_only,False,False,False,0.8,0.0,0.0,False,False,False,unknown_tool
mistral-7b,22751188,field_match,False,False,False,0.8,0.0,0.0,False,False,False,unknown_tool
mistral-7b,22751188,field_match_compressed,False,False,False,0.8,0.0,0.0,False,False,False,unknown_tool
mistral-7b,22751188,full,False,False,False,0.8,0.0,0.0,False,False,False,unknown_tool
mistral-7b,53380984,audit_only,True,False,True,0.4,0.0,0.0,False,False,False,
mistral-7b,53380984,field_match,True,True,True,0.4,0.0,0.0,False,False,True,
mistral-7b,53380984,field_match_compressed,True,True,True,0.4,0.0,0.0,False,False,True,
mistral-7b,53380984,full,True,True,True,0.4,0.0,0.0,False,False,True,
mistral-7b,23152737,audit_only,False,False,False,0.8571428571428571,0.5,0.5,False,False,False,unknown_tool
mistral-7b,23152737,field_match,False,False,False,0.8571428571428571,0.5,0.5,False,False,False,unknown_tool
mistral-7b,23152737,field_match_compressed,False,False,False,0.8571428571428571,0.5,0.5,False,False,False,unknown_tool
mistral-7b,23152737,full,False,False,False,0.8571428571428571,0.5,0.5,False,False,False,unknown_tool
mistral-7b,11060040,audit_only,False,False,False,0.6666666666666666,0.0,0.0,False,False,False,invalid_argument_container
mistral-7b,11060040,field_match,False,False,False,0.6666666666666666,0.0,0.0,False,False,False,invalid_argument_container
mistral-7b,11060040,field_match_compressed,False,False,False,0.6666666666666666,0.0,0.0,False,False,False,invalid_argument_container
mistral-7b,11060040,full,False,False,False,0.6666666666666666,0.0,0.0,False,False,False,invalid_argument_container
mistral-7b,24031668,audit_only,False,False,False,0.6666666666666666,0.0,0.0,False,False,False,unknown_tool
mistral-7b,24031668,field_match,False,False,False,0.6666666666666666,0.0,0.0,False,False,False,unknown_tool
mistral-7b,24031668,field_match_compressed,False,False,False,0.6666666666666666,0.0,0.0,False,False,False,unknown_tool
mistral-7b,24031668,full,False,False,False,0.6666666666666666,0.0,0.0,False,False,False,unknown_tool
mistral-7b,59925132,audit_only,False,False,False,0.0,0.0,0.0,False,False,False,unknown_tool
mistral-7b,59925132,field_match,False,False,False,0.0,0.0,0.0,False,False,False,unknown_tool
mistral-7b,59925132,field_match_compressed,False,False,False,0.0,0.0,0.0,False,False,False,unknown_tool
mistral-7b,59925132,full,False,False,False,0.0,0.0,0.0,False,False,False,unknown_tool
mistral-7b,24425303,audit_only,False,False,False,0.8333333333333334,0.6,0.6,False,False,False,invalid_node_reference
mistral-7b,24425303,field_match,False,False,False,0.8333333333333334,0.6,0.6,False,False,False,invalid_node_reference
mistral-7b,24425303,field_match_compressed,False,False,False,0.8333333333333334,0.6,0.6,False,False,False,invalid_node_reference
mistral-7b,24425303,full,False,False,False,0.8333333333333334,0.6,0.6,False,False,False,invalid_node_reference
mistral-7b,15275044,audit_only,False,False,False,0.6666666666666666,0.0,0.0,False,False,False,unknown_tool
mistral-7b,15275044,field_match,False,False,False,0.6666666666666666,0.0,0.0,False,False,False,unknown_tool
mistral-7b,15275044,field_match_compressed,False,False,False,0.6666666666666666,0.0,0.0,False,False,False,unknown_tool
mistral-7b,15275044,full,False,False,False,0.6666666666666666,0.0,0.0,False,False,False,unknown_tool
mistral-7b,18902420,audit_only,False,False,False,0.6666666666666666,0.5,0.5,False,False,False,unknown_tool
mistral-7b,18902420,field_match,False,False,False,0.6666666666666666,0.5,0.5,False,False,False,unknown_tool
mistral-7b,18902420,field_match_compressed,False,False,False,0.6666666666666666,0.5,0.5,False,False,False,unknown_tool
mistral-7b,18902420,full,False,False,False,0.6666666666666666,0.5,0.5,False,False,False,unknown_tool
mistral-7b,33263743,audit_only,False,False,False,0.6666666666666666,0.0,0.0,False,False,False,unknown_tool
mistral-7b,33263743,field_match,False,False,False,0.6666666666666666,0.0,0.0,False,False,False,unknown_tool
mistral-7b,33263743,field_match_compressed,False,False,False,0.6666666666666666,0.0,0.0,False,False,False,unknown_tool
mistral-7b,33263743,full,False,False,False,0.6666666666666666,0.0,0.0,False,False,False,unknown_tool
mistral-7b,96341237,audit_only,False,False,False,0.6666666666666666,0.5,0.5,False,False,False,unknown_tool
mistral-7b,96341237,field_match,False,False,False,0.6666666666666666,0.5,0.5,False,False,False,unknown_tool
mistral-7b,96341237,field_match_compressed,False,False,False,0.6666666666666666,0.5,0.5,False,False,False,unknown_tool
mistral-7b,96341237,full,False,False,False,0.6666666666666666,0.5,0.5,False,False,False,unknown_tool
mistral-7b,16005844,audit_only,False,False,False,0.75,0.3333333333333333,0.3333333333333333,False,False,False,invalid_argument_container
mistral-7b,16005844,field_match,False,False,False,0.75,0.3333333333333333,0.3333333333333333,False,False,False,invalid_argument_container
mistral-7b,16005844,field_match_compressed,False,False,False,0.75,0.3333333333333333,0.3333333333333333,False,False,False,invalid_argument_container
mistral-7b,16005844,full,False,False,False,0.75,0.3333333333333333,0.3333333333333333,False,False,False,invalid_argument_container
mistral-7b,29493415,audit_only,False,False,False,1.0,1.0,1.0,True,True,False,invalid_node_reference
mistral-7b,29493415,field_match,False,False,False,1.0,1.0,1.0,True,True,False,invalid_node_reference
mistral-7b,29493415,field_match_compressed,False,False,False,1.0,1.0,1.0,True,True,False,invalid_node_reference
mistral-7b,29493415,full,False,False,False,1.0,1.0,1.0,True,True,False,invalid_node_reference
mistral-7b,23608191,audit_only,False,False,False,1.0,1.0,1.0,True,True,False,invalid_node_reference
mistral-7b,23608191,field_match,False,False,False,1.0,1.0,1.0,True,True,False,invalid_node_reference
mistral-7b,23608191,field_match_compressed,False,False,False,1.0,1.0,1.0,True,True,False,invalid_node_reference
mistral-7b,23608191,full,False,False,False,1.0,1.0,1.0,True,True,False,invalid_node_reference
mistral-7b,73317651,audit_only,False,False,False,0.8,0.5,0.5,False,False,False,invalid_argument_container
mistral-7b,73317651,field_match,False,False,False,0.8,0.5,0.5,False,False,False,invalid_argument_container
mistral-7b,73317651,field_match_compressed,False,False,False,0.8,0.5,0.5,False,False,False,invalid_argument_container
mistral-7b,73317651,full,False,False,False,0.8,0.5,0.5,False,False,False,invalid_argument_container
mistral-7b,63586942,audit_only,False,False,False,0.25,0.0,0.0,False,False,False,unknown_tool
mistral-7b,63586942,field_match,False,False,False,0.25,0.0,0.0,False,False,False,unknown_tool
mistral-7b,63586942,field_match_compressed,False,False,False,0.25,0.0,0.0,False,False,False,unknown_tool
mistral-7b,63586942,full,False,False,False,0.25,0.0,0.0,False,False,False,unknown_tool
mistral-7b,86004399,audit_only,False,False,False,1.0,1.0,1.0,True,True,False,invalid_node_reference
mistral-7b,86004399,field_match,False,False,False,1.0,1.0,1.0,True,True,False,invalid_node_reference
mistral-7b,86004399,field_match_compressed,False,False,False,1.0,1.0,1.0,True,True,False,invalid_node_reference
mistral-7b,86004399,full,False,False,False,1.0,1.0,1.0,True,True,False,invalid_node_reference
mistral-7b,13268295,audit_only,True,False,False,0.8571428571428571,0.4,0.4,False,False,False,
mistral-7b,13268295,field_match,True,False,False,0.8571428571428571,0.4,0.4,False,False,False,
mistral-7b,13268295,field_match_compressed,True,False,False,0.8571428571428571,0.4,0.4,False,False,False,
mistral-7b,13268295,full,True,False,False,0.8571428571428571,0.4,0.6666666666666666,False,False,True,
mistral-7b,68780357,audit_only,False,False,False,0.6666666666666666,0.0,0.0,False,False,False,unsupported_embedded_reference
mistral-7b,68780357,field_match,False,False,False,0.6666666666666666,0.0,0.0,False,False,False,unsupported_embedded_reference
mistral-7b,68780357,field_match_compressed,False,False,False,0.6666666666666666,0.0,0.0,False,False,False,unsupported_embedded_reference
mistral-7b,68780357,full,False,False,False,0.6666666666666666,0.0,0.0,False,False,False,unsupported_embedded_reference
mistral-7b,14414379,audit_only,True,False,False,1.0,1.0,1.0,True,True,False,
mistral-7b,14414379,field_match,True,True,False,1.0,1.0,0.0,True,False,True,
mistral-7b,14414379,field_match_compressed,True,True,False,1.0,1.0,0.0,True,False,True,
mistral-7b,14414379,full,True,True,False,1.0,1.0,0.0,True,False,True,
mistral-7b,22527213,audit_only,True,True,True,0.8,0.6666666666666666,0.6666666666666666,False,False,False,
mistral-7b,22527213,field_match,True,True,True,0.8,0.6666666666666666,0.6666666666666666,False,False,False,
mistral-7b,22527213,field_match_compressed,True,True,True,0.8,0.6666666666666666,0.6666666666666666,False,False,False,
mistral-7b,22527213,full,True,True,True,0.8,0.6666666666666666,0.6666666666666666,False,False,False,
mistral-7b,20640286,audit_only,False,False,False,1.0,0.8,0.8,False,False,False,invalid_argument_container
mistral-7b,20640286,field_match,False,False,False,1.0,0.8,0.8,False,False,False,invalid_argument_container
mistral-7b,20640286,field_match_compressed,False,False,False,1.0,0.8,0.8,False,False,False,invalid_argument_container
mistral-7b,20640286,full,False,False,False,1.0,0.8,0.8,False,False,False,invalid_argument_container
mistral-7b,26448700,audit_only,False,False,False,0.4444444444444444,0.2857142857142857,0.2857142857142857,False,False,False,invalid_argument_container
mistral-7b,26448700,field_match,False,False,False,0.4444444444444444,0.2857142857142857,0.2857142857142857,False,False,False,invalid_argument_container
mistral-7b,26448700,field_match_compressed,False,False,False,0.4444444444444444,0.2857142857142857,0.2857142857142857,False,False,False,invalid_argument_container
mistral-7b,26448700,full,False,False,False,0.4444444444444444,0.2857142857142857,0.2857142857142857,False,False,False,invalid_argument_container
mistral-7b,10769461,audit_only,False,False,False,1.0,0.7272727272727273,0.7272727272727273,False,False,False,invalid_node_reference
mistral-7b,10769461,field_match,False,False,False,1.0,0.7272727272727273,0.7272727272727273,False,False,False,invalid_node_reference
mistral-7b,10769461,field_match_compressed,False,False,False,1.0,0.7272727272727273,0.7272727272727273,False,False,False,invalid_node_reference
mistral-7b,10769461,full,False,False,False,1.0,0.7272727272727273,0.7272727272727273,False,False,False,invalid_node_reference
mistral-7b,25676805,audit_only,False,False,False,1.0,0.5,0.5,False,False,False,unsupported_embedded_reference
mistral-7b,25676805,field_match,False,False,False,1.0,0.5,0.5,False,False,False,unsupported_embedded_reference
mistral-7b,25676805,field_match_compressed,False,False,False,1.0,0.5,0.5,False,False,False,unsupported_embedded_reference
mistral-7b,25676805,full,False,False,False,1.0,0.5,0.5,False,False,False,unsupported_embedded_reference
mistral-7b,21012060,audit_only,False,False,False,0.0,0.0,0.0,False,False,False,unknown_tool
mistral-7b,21012060,field_match,False,False,False,0.0,0.0,0.0,False,False,False,unknown_tool
mistral-7b,21012060,field_match_compressed,False,False,False,0.0,0.0,0.0,False,False,False,unknown_tool
mistral-7b,21012060,full,False,False,False,0.0,0.0,0.0,False,False,False,unknown_tool
mistral-7b,23875699,audit_only,False,False,False,0.8,0.75,0.75,False,False,False,invalid_argument_container
mistral-7b,23875699,field_match,False,False,False,0.8,0.75,0.75,False,False,False,invalid_argument_container
mistral-7b,23875699,field_match_compressed,False,False,False,0.8,0.75,0.75,False,False,False,invalid_argument_container
mistral-7b,23875699,full,False,False,False,0.8,0.75,0.75,False,False,False,invalid_argument_container
mistral-7b,11357103,audit_only,False,False,False,0.3333333333333333,0.0,0.0,False,False,False,unknown_tool
mistral-7b,11357103,field_match,False,False,False,0.3333333333333333,0.0,0.0,False,False,False,unknown_tool
mistral-7b,11357103,field_match_compressed,False,False,False,0.3333333333333333,0.0,0.0,False,False,False,unknown_tool
mistral-7b,11357103,full,False,False,False,0.3333333333333333,0.0,0.0,False,False,False,unknown_tool
mistral-7b,12616733,audit_only,False,False,False,0.3333333333333333,0.0,0.0,False,False,False,unknown_tool
mistral-7b,12616733,field_match,False,False,False,0.3333333333333333,0.0,0.0,False,False,False,unknown_tool
mistral-7b,12616733,field_match_compressed,False,False,False,0.3333333333333333,0.0,0.0,False,False,False,unknown_tool
mistral-7b,12616733,full,False,False,False,0.3333333333333333,0.0,0.0,False,False,False,unknown_tool
mistral-7b,25303450,audit_only,False,False,False,0.9090909090909091,0.6666666666666666,0.6666666666666666,False,False,False,invalid_argument_container
mistral-7b,25303450,field_match,False,False,False,0.9090909090909091,0.6666666666666666,0.6666666666666666,False,False,False,invalid_argument_container
mistral-7b,25303450,field_match_compressed,False,False,False,0.9090909090909091,0.6666666666666666,0.6666666666666666,False,False,False,invalid_argument_container
mistral-7b,25303450,full,False,False,False,0.9090909090909091,0.6666666666666666,0.6666666666666666,False,False,False,invalid_argument_container
mistral-7b,21660053,audit_only,False,False,False,1.0,1.0,1.0,True,True,False,invalid_node_reference
mistral-7b,21660053,field_match,False,False,False,1.0,1.0,1.0,True,True,False,invalid_node_reference
mistral-7b,21660053,field_match_compressed,False,False,False,1.0,1.0,1.0,True,True,False,invalid_node_reference
mistral-7b,21660053,full,False,False,False,1.0,1.0,1.0,True,True,False,invalid_node_reference
mistral-7b,90854784,audit_only,False,False,False,0.2,0.0,0.0,False,False,False,unknown_tool
mistral-7b,90854784,field_match,False,False,False,0.2,0.0,0.0,False,False,False,unknown_tool
mistral-7b,90854784,field_match_compressed,False,False,False,0.2,0.0,0.0,False,False,False,unknown_tool
mistral-7b,90854784,full,False,False,False,0.2,0.0,0.0,False,False,False,unknown_tool
mistral-7b,18488825,audit_only,False,False,False,0.3333333333333333,0.0,0.0,False,False,False,unknown_tool
mistral-7b,18488825,field_match,False,False,False,0.3333333333333333,0.0,0.0,False,False,False,unknown_tool
mistral-7b,18488825,field_match_compressed,False,False,False,0.3333333333333333,0.0,0.0,False,False,False,unknown_tool
mistral-7b,18488825,full,False,False,False,0.3333333333333333,0.0,0.0,False,False,False,unknown_tool
mistral-7b,30829675,audit_only,True,True,False,0.3333333333333333,0.0,0.0,False,False,False,
mistral-7b,30829675,field_match,True,True,False,0.3333333333333333,0.0,0.0,False,False,False,
mistral-7b,30829675,field_match_compressed,True,True,False,0.3333333333333333,0.0,0.0,False,False,False,
mistral-7b,30829675,full,True,True,False,0.3333333333333333,0.0,0.0,False,False,False,
mistral-7b,94814619,audit_only,False,False,False,0.3333333333333333,0.0,0.0,False,False,False,unknown_tool
mistral-7b,94814619,field_match,False,False,False,0.3333333333333333,0.0,0.0,False,False,False,unknown_tool
mistral-7b,94814619,field_match_compressed,False,False,False,0.3333333333333333,0.0,0.0,False,False,False,unknown_tool
mistral-7b,94814619,full,False,False,False,0.3333333333333333,0.0,0.0,False,False,False,unknown_tool
mistral-7b,21812478,audit_only,False,False,False,0.3333333333333333,0.0,0.0,False,False,False,unknown_tool
mistral-7b,21812478,field_match,False,False,False,0.3333333333333333,0.0,0.0,False,False,False,unknown_tool
mistral-7b,21812478,field_match_compressed,False,False,False,0.3333333333333333,0.0,0.0,False,False,False,unknown_tool
mistral-7b,21812478,full,False,False,False,0.3333333333333333,0.0,0.0,False,False,False,unknown_tool
mistral-7b,96651044,audit_only,False,False,False,1.0,1.0,1.0,True,True,False,invalid_argument_container
mistral-7b,96651044,field_match,False,False,False,1.0,1.0,1.0,True,True,False,invalid_argument_container
mistral-7b,96651044,field_match_compressed,False,False,False,1.0,1.0,1.0,True,True,False,invalid_argument_container
mistral-7b,96651044,full,False,False,False,1.0,1.0,1.0,True,True,False,invalid_argument_container
mistral-7b,83814528,audit_only,False,False,False,0.0,0.0,0.0,False,False,False,unknown_tool
mistral-7b,83814528,field_match,False,False,False,0.0,0.0,0.0,False,False,False,unknown_tool
mistral-7b,83814528,field_match_compressed,False,False,False,0.0,0.0,0.0,False,False,False,unknown_tool
mistral-7b,83814528,full,False,False,False,0.0,0.0,0.0,False,False,False,unknown_tool
mistral-7b,29201002,audit_only,True,True,False,0.8571428571428571,0.4,0.4,False,False,False,
mistral-7b,29201002,field_match,True,True,False,0.8571428571428571,0.4,0.4,False,False,False,
mistral-7b,29201002,field_match_compressed,True,True,False,0.8571428571428571,0.4,0.4,False,False,False,
mistral-7b,29201002,full,True,True,False,0.8571428571428571,0.4,0.4,False,False,False,
mistral-7b,75616216,audit_only,True,True,False,0.5714285714285714,0.0,0.0,False,False,False,
mistral-7b,75616216,field_match,True,True,False,0.5714285714285714,0.0,0.0,False,False,False,
mistral-7b,75616216,field_match_compressed,True,True,False,0.5714285714285714,0.0,0.0,False,False,False,
mistral-7b,75616216,full,True,True,False,0.5714285714285714,0.0,0.0,False,False,False,
mistral-7b,77607824,audit_only,True,False,True,0.3333333333333333,0.0,0.0,False,False,False,
mistral-7b,77607824,field_match,True,True,True,0.3333333333333333,0.0,0.0,False,False,True,
mistral-7b,77607824,field_match_compressed,True,True,True,0.3333333333333333,0.0,0.0,False,False,True,
mistral-7b,77607824,full,True,True,True,0.3333333333333333,0.0,0.0,False,False,True,
mistral-7b,11862987,audit_only,False,False,False,0.46153846153846156,0.36363636363636365,0.36363636363636365,False,False,False,unknown_tool
mistral-7b,11862987,field_match,False,False,False,0.46153846153846156,0.36363636363636365,0.36363636363636365,False,False,False,unknown_tool
mistral-7b,11862987,field_match_compressed,False,False,False,0.46153846153846156,0.36363636363636365,0.36363636363636365,False,False,False,unknown_tool
mistral-7b,11862987,full,False,False,False,0.46153846153846156,0.36363636363636365,0.36363636363636365,False,False,False,unknown_tool
mistral-7b,10583992,audit_only,False,False,False,0.6666666666666666,0.5714285714285714,0.5714285714285714,False,False,False,invalid_node_reference
mistral-7b,10583992,field_match,False,False,False,0.6666666666666666,0.5714285714285714,0.5714285714285714,False,False,False,invalid_node_reference
mistral-7b,10583992,field_match_compressed,False,False,False,0.6666666666666666,0.5714285714285714,0.5714285714285714,False,False,False,invalid_node_reference
mistral-7b,10583992,full,False,False,False,0.6666666666666666,0.5714285714285714,0.5714285714285714,False,False,False,invalid_node_reference
mistral-7b,54921108,audit_only,False,False,False,0.2857142857142857,0.0,0.0,False,False,False,invalid_node_reference
mistral-7b,54921108,field_match,False,False,False,0.2857142857142857,0.0,0.0,False,False,False,invalid_node_reference
mistral-7b,54921108,field_match_compressed,False,False,False,0.2857142857142857,0.0,0.0,False,False,False,invalid_node_reference
mistral-7b,54921108,full,False,False,False,0.2857142857142857,0.0,0.0,False,False,False,invalid_node_reference
mistral-7b,29522974,audit_only,False,False,False,0.8571428571428571,0.0,0.0,False,False,False,ambiguous_repeated_tool
mistral-7b,29522974,field_match,False,False,False,0.8571428571428571,0.0,0.0,False,False,False,ambiguous_repeated_tool
mistral-7b,29522974,field_match_compressed,False,False,False,0.8571428571428571,0.0,0.0,False,False,False,ambiguous_repeated_tool
mistral-7b,29522974,full,False,False,False,0.8571428571428571,0.0,0.0,False,False,False,ambiguous_repeated_tool
mistral-7b,75500481,audit_only,False,False,False,0.6666666666666666,0.46153846153846156,0.46153846153846156,False,False,False,unknown_tool
mistral-7b,75500481,field_match,False,False,False,0.6666666666666666,0.46153846153846156,0.46153846153846156,False,False,False,unknown_tool
mistral-7b,75500481,field_match_compressed,False,False,False,0.6666666666666666,0.46153846153846156,0.46153846153846156,False,False,False,unknown_tool
mistral-7b,75500481,full,False,False,False,0.6666666666666666,0.46153846153846156,0.46153846153846156,False,False,False,unknown_tool
mistral-7b,26019692,audit_only,False,False,False,0.6666666666666666,0.0,0.0,False,False,False,unknown_tool
mistral-7b,26019692,field_match,False,False,False,0.6666666666666666,0.0,0.0,False,False,False,unknown_tool
mistral-7b,26019692,field_match_compressed,False,False,False,0.6666666666666666,0.0,0.0,False,False,False,unknown_tool
mistral-7b,26019692,full,False,False,False,0.6666666666666666,0.0,0.0,False,False,False,unknown_tool
mistral-7b,15826204,audit_only,True,False,False,0.5714285714285714,0.4,0.4,False,False,False,
mistral-7b,15826204,field_match,True,True,False,0.5714285714285714,0.4,0.0,False,False,True,
mistral-7b,15826204,field_match_compressed,True,True,False,0.5714285714285714,0.4,0.0,False,False,True,
mistral-7b,15826204,full,True,True,False,0.5714285714285714,0.4,0.0,False,False,True,
mistral-7b,83219429,audit_only,False,False,False,0.2222222222222222,0.0,0.0,False,False,False,unknown_tool
mistral-7b,83219429,field_match,False,False,False,0.2222222222222222,0.0,0.0,False,False,False,unknown_tool
mistral-7b,83219429,field_match_compressed,False,False,False,0.2222222222222222,0.0,0.0,False,False,False,unknown_tool
mistral-7b,83219429,full,False,False,False,0.2222222222222222,0.0,0.0,False,False,False,unknown_tool
mistral-7b,19048264,audit_only,False,False,False,1.0,1.0,1.0,True,True,False,invalid_argument_container
mistral-7b,19048264,field_match,False,False,False,1.0,1.0,1.0,True,True,False,invalid_argument_container
mistral-7b,19048264,field_match_compressed,False,False,False,1.0,1.0,1.0,True,True,False,invalid_argument_container
mistral-7b,19048264,full,False,False,False,1.0,1.0,1.0,True,True,False,invalid_argument_container
mistral-7b,29305949,audit_only,False,False,False,0.6666666666666666,0.0,0.0,False,False,False,unknown_tool
mistral-7b,29305949,field_match,False,False,False,0.6666666666666666,0.0,0.0,False,False,False,unknown_tool
mistral-7b,29305949,field_match_compressed,False,False,False,0.6666666666666666,0.0,0.0,False,False,False,unknown_tool
mistral-7b,29305949,full,False,False,False,0.6666666666666666,0.0,0.0,False,False,False,unknown_tool
mistral-7b,23156734,audit_only,False,False,False,0.3333333333333333,0.0,0.0,False,False,False,invalid_argument_container
mistral-7b,23156734,field_match,False,False,False,0.3333333333333333,0.0,0.0,False,False,False,invalid_argument_container
mistral-7b,23156734,field_match_compressed,False,False,False,0.3333333333333333,0.0,0.0,False,False,False,invalid_argument_container
mistral-7b,23156734,full,False,False,False,0.3333333333333333,0.0,0.0,False,False,False,invalid_argument_container
mistral-7b,58719908,audit_only,False,False,False,0.5714285714285714,0.14285714285714285,0.14285714285714285,False,False,False,unknown_tool
mistral-7b,58719908,field_match,False,False,False,0.5714285714285714,0.14285714285714285,0.14285714285714285,False,False,False,unknown_tool
mistral-7b,58719908,field_match_compressed,False,False,False,0.5714285714285714,0.14285714285714285,0.14285714285714285,False,False,False,unknown_tool
mistral-7b,58719908,full,False,False,False,0.5714285714285714,0.14285714285714285,0.14285714285714285,False,False,False,unknown_tool
mistral-7b,52274653,audit_only,False,False,False,0.5,0.0,0.0,False,False,False,unknown_tool
mistral-7b,52274653,field_match,False,False,False,0.5,0.0,0.0,False,False,False,unknown_tool
mistral-7b,52274653,field_match_compressed,False,False,False,0.5,0.0,0.0,False,False,False,unknown_tool
mistral-7b,52274653,full,False,False,False,0.5,0.0,0.0,False,False,False,unknown_tool
mistral-7b,14042192,audit_only,True,True,True,0.6666666666666666,0.5,0.5,False,False,False,
mistral-7b,14042192,field_match,True,True,True,0.6666666666666666,0.5,0.5,False,False,False,
mistral-7b,14042192,field_match_compressed,True,True,True,0.6666666666666666,0.5,0.5,False,False,False,
mistral-7b,14042192,full,True,True,True,0.6666666666666666,0.5,0.5,False,False,False,
mistral-7b,26964253,audit_only,False,False,False,0.7272727272727273,0.2,0.2,False,False,False,unknown_tool
mistral-7b,26964253,field_match,False,False,False,0.7272727272727273,0.2,0.2,False,False,False,unknown_tool
mistral-7b,26964253,field_match_compressed,False,False,False,0.7272727272727273,0.2,0.2,False,False,False,unknown_tool
mistral-7b,26964253,full,False,False,False,0.7272727272727273,0.2,0.2,False,False,False,unknown_tool
mistral-7b,26076670,audit_only,False,False,False,0.75,0.3333333333333333,0.3333333333333333,False,False,False,unknown_tool
mistral-7b,26076670,field_match,False,False,False,0.75,0.3333333333333333,0.3333333333333333,False,False,False,unknown_tool
mistral-7b,26076670,field_match_compressed,False,False,False,0.75,0.3333333333333333,0.3333333333333333,False,False,False,unknown_tool
mistral-7b,26076670,full,False,False,False,0.75,0.3333333333333333,0.3333333333333333,False,False,False,unknown_tool
mistral-7b,28613625,audit_only,False,False,False,0.18181818181818182,0.0,0.0,False,False,False,unknown_tool
mistral-7b,28613625,field_match,False,False,False,0.18181818181818182,0.0,0.0,False,False,False,unknown_tool
mistral-7b,28613625,field_match_compressed,False,False,False,0.18181818181818182,0.0,0.0,False,False,False,unknown_tool
mistral-7b,28613625,full,False,False,False,0.18181818181818182,0.0,0.0,False,False,False,unknown_tool
mistral-7b,64685181,audit_only,False,False,False,0.6666666666666666,0.0,0.0,False,False,False,unknown_tool
mistral-7b,64685181,field_match,False,False,False,0.6666666666666666,0.0,0.0,False,False,False,unknown_tool
mistral-7b,64685181,field_match_compressed,False,False,False,0.6666666666666666,0.0,0.0,False,False,False,unknown_tool
mistral-7b,64685181,full,False,False,False,0.6666666666666666,0.0,0.0,False,False,False,unknown_tool
mistral-7b,49230148,audit_only,False,False,False,0.36363636363636365,0.0,0.0,False,False,False,unknown_tool
mistral-7b,49230148,field_match,False,False,False,0.36363636363636365,0.0,0.0,False,False,False,unknown_tool
mistral-7b,49230148,field_match_compressed,False,False,False,0.36363636363636365,0.0,0.0,False,False,False,unknown_tool
mistral-7b,49230148,full,False,False,False,0.36363636363636365,0.0,0.0,False,False,False,unknown_tool
mistral-7b,23268672,audit_only,False,False,False,0.3333333333333333,0.0,0.0,False,False,False,ambiguous_repeated_tool
mistral-7b,23268672,field_match,False,False,False,0.3333333333333333,0.0,0.0,False,False,False,ambiguous_repeated_tool
mistral-7b,23268672,field_match_compressed,False,False,False,0.3333333333333333,0.0,0.0,False,False,False,ambiguous_repeated_tool
mistral-7b,23268672,full,False,False,False,0.3333333333333333,0.0,0.0,False,False,False,ambiguous_repeated_tool
mistral-7b,64221637,audit_only,True,False,False,0.5,0.3333333333333333,0.3333333333333333,False,False,False,
mistral-7b,64221637,field_match,True,True,False,0.5,0.3333333333333333,0.0,False,False,True,
mistral-7b,64221637,field_match_compressed,True,True,False,0.5,0.3333333333333333,0.0,False,False,True,
mistral-7b,64221637,full,True,True,False,0.5,0.3333333333333333,0.0,False,False,True,
mistral-7b,15677588,audit_only,False,False,False,0.75,0.6666666666666666,0.6666666666666666,False,False,False,invalid_node_reference
mistral-7b,15677588,field_match,False,False,False,0.75,0.6666666666666666,0.6666666666666666,False,False,False,invalid_node_reference
mistral-7b,15677588,field_match_compressed,False,False,False,0.75,0.6666666666666666,0.6666666666666666,False,False,False,invalid_node_reference
mistral-7b,15677588,full,False,False,False,0.75,0.6666666666666666,0.6666666666666666,False,False,False,invalid_node_reference
mistral-7b,23699985,audit_only,False,False,False,0.0,0.0,0.0,False,False,False,unknown_tool
mistral-7b,23699985,field_match,False,False,False,0.0,0.0,0.0,False,False,False,unknown_tool
mistral-7b,23699985,field_match_compressed,False,False,False,0.0,0.0,0.0,False,False,False,unknown_tool
mistral-7b,23699985,full,False,False,False,0.0,0.0,0.0,False,False,False,unknown_tool
mistral-7b,49411079,audit_only,False,False,False,0.5,0.3333333333333333,0.3333333333333333,False,False,False,unsupported_embedded_reference
mistral-7b,49411079,field_match,False,False,False,0.5,0.3333333333333333,0.3333333333333333,False,False,False,unsupported_embedded_reference
mistral-7b,49411079,field_match_compressed,False,False,False,0.5,0.3333333333333333,0.3333333333333333,False,False,False,unsupported_embedded_reference
mistral-7b,49411079,full,False,False,False,0.5,0.3333333333333333,0.3333333333333333,False,False,False,unsupported_embedded_reference
mistral-7b,32585878,audit_only,True,False,False,1.0,0.6666666666666666,0.6666666666666666,False,False,False,
mistral-7b,32585878,field_match,True,False,False,1.0,0.6666666666666666,0.6666666666666666,False,False,False,
mistral-7b,32585878,field_match_compressed,True,False,False,1.0,0.6666666666666666,0.6666666666666666,False,False,False,
mistral-7b,32585878,full,True,False,False,1.0,0.6666666666666666,0.6666666666666666,False,False,True,
mistral-7b,28028547,audit_only,False,False,False,0.6666666666666666,0.5,0.5,False,False,False,unknown_tool
mistral-7b,28028547,field_match,False,False,False,0.6666666666666666,0.5,0.5,False,False,False,unknown_tool
mistral-7b,28028547,field_match_compressed,False,False,False,0.6666666666666666,0.5,0.5,False,False,False,unknown_tool
mistral-7b,28028547,full,False,False,False,0.6666666666666666,0.5,0.5,False,False,False,unknown_tool
mistral-7b,29759828,audit_only,False,False,False,0.2857142857142857,0.0,0.0,False,False,False,unknown_tool
mistral-7b,29759828,field_match,False,False,False,0.2857142857142857,0.0,0.0,False,False,False,unknown_tool
mistral-7b,29759828,field_match_compressed,False,False,False,0.2857142857142857,0.0,0.0,False,False,False,unknown_tool
mistral-7b,29759828,full,False,False,False,0.2857142857142857,0.0,0.0,False,False,False,unknown_tool
mistral-7b,28555676,audit_only,False,False,False,0.6666666666666666,0.5,0.5,False,False,False,invalid_argument_container
mistral-7b,28555676,field_match,False,False,False,0.6666666666666666,0.5,0.5,False,False,False,invalid_argument_container
mistral-7b,28555676,field_match_compressed,False,False,False,0.6666666666666666,0.5,0.5,False,False,False,invalid_argument_container
mistral-7b,28555676,full,False,False,False,0.6666666666666666,0.5,0.5,False,False,False,invalid_argument_container
mistral-7b,68419360,audit_only,False,False,False,0.3333333333333333,0.0,0.0,False,False,False,unknown_tool
mistral-7b,68419360,field_match,False,False,False,0.3333333333333333,0.0,0.0,False,False,False,unknown_tool
mistral-7b,68419360,field_match_compressed,False,False,False,0.3333333333333333,0.0,0.0,False,False,False,unknown_tool
mistral-7b,68419360,full,False,False,False,0.3333333333333333,0.0,0.0,False,False,False,unknown_tool
mistral-7b,55144102,audit_only,False,False,False,0.75,0.6666666666666666,0.6666666666666666,False,False,False,invalid_argument_container
mistral-7b,55144102,field_match,False,False,False,0.75,0.6666666666666666,0.6666666666666666,False,False,False,invalid_argument_container
mistral-7b,55144102,field_match_compressed,False,False,False,0.75,0.6666666666666666,0.6666666666666666,False,False,False,invalid_argument_container
mistral-7b,55144102,full,False,False,False,0.75,0.6666666666666666,0.6666666666666666,False,False,False,invalid_argument_container
mistral-7b,20638363,audit_only,False,False,False,0.6666666666666666,0.0,0.0,False,False,False,unknown_tool
mistral-7b,20638363,field_match,False,False,False,0.6666666666666666,0.0,0.0,False,False,False,unknown_tool
mistral-7b,20638363,field_match_compressed,False,False,False,0.6666666666666666,0.0,0.0,False,False,False,unknown_tool
mistral-7b,20638363,full,False,False,False,0.6666666666666666,0.0,0.0,False,False,False,unknown_tool
mistral-7b,65826010,audit_only,False,False,False,0.6666666666666666,0.5,0.5,False,False,False,unknown_tool
mistral-7b,65826010,field_match,False,False,False,0.6666666666666666,0.5,0.5,False,False,False,unknown_tool
mistral-7b,65826010,field_match_compressed,False,False,False,0.6666666666666666,0.5,0.5,False,False,False,unknown_tool
mistral-7b,65826010,full,False,False,False,0.6666666666666666,0.5,0.5,False,False,False,unknown_tool
mistral-7b,19693213,audit_only,False,False,False,0.75,0.6666666666666666,0.6666666666666666,False,False,False,empty_arguments
mistral-7b,19693213,field_match,False,False,False,0.75,0.6666666666666666,0.6666666666666666,False,False,False,empty_arguments
mistral-7b,19693213,field_match_compressed,False,False,False,0.75,0.6666666666666666,0.6666666666666666,False,False,False,empty_arguments
mistral-7b,19693213,full,False,False,False,0.75,0.6666666666666666,0.6666666666666666,False,False,False,empty_arguments
mistral-7b,22921876,audit_only,False,False,False,0.2857142857142857,0.0,0.0,False,False,False,unknown_tool
mistral-7b,22921876,field_match,False,False,False,0.2857142857142857,0.0,0.0,False,False,False,unknown_tool
mistral-7b,22921876,field_match_compressed,False,False,False,0.2857142857142857,0.0,0.0,False,False,False,unknown_tool
mistral-7b,22921876,full,False,False,False,0.2857142857142857,0.0,0.0,False,False,False,unknown_tool
mistral-7b,68396832,audit_only,False,False,False,0.6666666666666666,0.0,0.0,False,False,False,unknown_tool
mistral-7b,68396832,field_match,False,False,False,0.6666666666666666,0.0,0.0,False,False,False,unknown_tool
mistral-7b,68396832,field_match_compressed,False,False,False,0.6666666666666666,0.0,0.0,False,False,False,unknown_tool
mistral-7b,68396832,full,False,False,False,0.6666666666666666,0.0,0.0,False,False,False,unknown_tool
mistral-7b,26290711,audit_only,False,False,False,0.6666666666666666,0.0,0.0,False,False,False,invalid_node_reference
mistral-7b,26290711,field_match,False,False,False,0.6666666666666666,0.0,0.0,False,False,False,invalid_node_reference
mistral-7b,26290711,field_match_compressed,False,False,False,0.6666666666666666,0.0,0.0,False,False,False,invalid_node_reference
mistral-7b,26290711,full,False,False,False,0.6666666666666666,0.0,0.0,False,False,False,invalid_node_reference
mistral-7b,14291540,audit_only,False,False,False,0.75,0.3333333333333333,0.3333333333333333,False,False,False,unknown_tool
mistral-7b,14291540,field_match,False,False,False,0.75,0.3333333333333333,0.3333333333333333,False,False,False,unknown_tool
mistral-7b,14291540,field_match_compressed,False,False,False,0.75,0.3333333333333333,0.3333333333333333,False,False,False,unknown_tool
mistral-7b,14291540,full,False,False,False,0.75,0.3333333333333333,0.3333333333333333,False,False,False,unknown_tool
mistral-7b,82679026,audit_only,False,False,False,0.25,0.0,0.0,False,False,False,unknown_tool
mistral-7b,82679026,field_match,False,False,False,0.25,0.0,0.0,False,False,False,unknown_tool
mistral-7b,82679026,field_match_compressed,False,False,False,0.25,0.0,0.0,False,False,False,unknown_tool
mistral-7b,82679026,full,False,False,False,0.25,0.0,0.0,False,False,False,unknown_tool
mistral-7b,30644541,audit_only,False,False,False,0.2857142857142857,0.0,0.0,False,False,False,invalid_node_reference
mistral-7b,30644541,field_match,False,False,False,0.2857142857142857,0.0,0.0,False,False,False,invalid_node_reference
mistral-7b,30644541,field_match_compressed,False,False,False,0.2857142857142857,0.0,0.0,False,False,False,invalid_node_reference
mistral-7b,30644541,full,False,False,False,0.2857142857142857,0.0,0.0,False,False,False,invalid_node_reference
mistral-7b,23232014,audit_only,True,True,True,1.0,0.0,0.0,False,False,False,
mistral-7b,23232014,field_match,True,True,True,1.0,0.0,0.0,False,False,False,
mistral-7b,23232014,field_match_compressed,True,True,True,1.0,0.0,0.0,False,False,False,
mistral-7b,23232014,full,True,True,True,1.0,0.0,0.0,False,False,False,
mistral-7b,84848422,audit_only,False,False,False,0.4,0.0,0.0,False,False,False,invalid_node_reference
mistral-7b,84848422,field_match,False,False,False,0.4,0.0,0.0,False,False,False,invalid_node_reference
mistral-7b,84848422,field_match_compressed,False,False,False,0.4,0.0,0.0,False,False,False,invalid_node_reference
mistral-7b,84848422,full,False,False,False,0.4,0.0,0.0,False,False,False,invalid_node_reference
mistral-7b,86570475,audit_only,False,False,False,0.5,0.3333333333333333,0.3333333333333333,False,False,False,invalid_argument_container
mistral-7b,86570475,field_match,False,False,False,0.5,0.3333333333333333,0.3333333333333333,False,False,False,invalid_argument_container
mistral-7b,86570475,field_match_compressed,False,False,False,0.5,0.3333333333333333,0.3333333333333333,False,False,False,invalid_argument_container
mistral-7b,86570475,full,False,False,False,0.5,0.3333333333333333,0.3333333333333333,False,False,False,invalid_argument_container
mistral-7b,12659430,audit_only,False,False,False,0.5,0.0,0.0,False,False,False,invalid_node_reference
mistral-7b,12659430,field_match,False,False,False,0.5,0.0,0.0,False,False,False,invalid_node_reference
mistral-7b,12659430,field_match_compressed,False,False,False,0.5,0.0,0.0,False,False,False,invalid_node_reference
mistral-7b,12659430,full,False,False,False,0.5,0.0,0.0,False,False,False,invalid_node_reference
mistral-7b,13842784,audit_only,False,False,False,0.25,0.0,0.0,False,False,False,invalid_argument_container
mistral-7b,13842784,field_match,False,False,False,0.25,0.0,0.0,False,False,False,invalid_argument_container
mistral-7b,13842784,field_match_compressed,False,False,False,0.25,0.0,0.0,False,False,False,invalid_argument_container
mistral-7b,13842784,full,False,False,False,0.25,0.0,0.0,False,False,False,invalid_argument_container
mistral-7b,75837574,audit_only,False,False,False,0.8571428571428571,0.0,0.0,False,False,False,invalid_argument_container
mistral-7b,75837574,field_match,False,False,False,0.8571428571428571,0.0,0.0,False,False,False,invalid_argument_container
mistral-7b,75837574,field_match_compressed,False,False,False,0.8571428571428571,0.0,0.0,False,False,False,invalid_argument_container
mistral-7b,75837574,full,False,False,False,0.8571428571428571,0.0,0.0,False,False,False,invalid_argument_container
mistral-7b,31242326,audit_only,False,False,False,0.5,0.0,0.0,False,False,False,unknown_tool
mistral-7b,31242326,field_match,False,False,False,0.5,0.0,0.0,False,False,False,unknown_tool
mistral-7b,31242326,field_match_compressed,False,False,False,0.5,0.0,0.0,False,False,False,unknown_tool
mistral-7b,31242326,full,False,False,False,0.5,0.0,0.0,False,False,False,unknown_tool
mistral-7b,11010352,audit_only,False,False,False,1.0,1.0,1.0,True,True,False,invalid_argument_container
mistral-7b,11010352,field_match,False,False,False,1.0,1.0,1.0,True,True,False,invalid_argument_container
mistral-7b,11010352,field_match_compressed,False,False,False,1.0,1.0,1.0,True,True,False,invalid_argument_container
mistral-7b,11010352,full,False,False,False,1.0,1.0,1.0,True,True,False,invalid_argument_container
mistral-7b,39055462,audit_only,False,False,False,0.5,0.0,0.0,False,False,False,unknown_tool
mistral-7b,39055462,field_match,False,False,False,0.5,0.0,0.0,False,False,False,unknown_tool
mistral-7b,39055462,field_match_compressed,False,False,False,0.5,0.0,0.0,False,False,False,unknown_tool
mistral-7b,39055462,full,False,False,False,0.5,0.0,0.0,False,False,False,unknown_tool
mistral-7b,17556704,audit_only,False,False,False,0.8,0.0,0.0,False,False,False,empty_arguments
mistral-7b,17556704,field_match,False,False,False,0.8,0.0,0.0,False,False,False,empty_arguments
mistral-7b,17556704,field_match_compressed,False,False,False,0.8,0.0,0.0,False,False,False,empty_arguments
mistral-7b,17556704,full,False,False,False,0.8,0.0,0.0,False,False,False,empty_arguments
mistral-7b,22901346,audit_only,False,False,False,0.6666666666666666,0.0,0.0,False,False,False,unknown_tool
mistral-7b,22901346,field_match,False,False,False,0.6666666666666666,0.0,0.0,False,False,False,unknown_tool
mistral-7b,22901346,field_match_compressed,False,False,False,0.6666666666666666,0.0,0.0,False,False,False,unknown_tool
mistral-7b,22901346,full,False,False,False,0.6666666666666666,0.0,0.0,False,False,False,unknown_tool
mistral-7b,10458619,audit_only,False,False,False,0.25,0.0,0.0,False,False,False,unsupported_embedded_reference
mistral-7b,10458619,field_match,False,False,False,0.25,0.0,0.0,False,False,False,unsupported_embedded_reference
mistral-7b,10458619,field_match_compressed,False,False,False,0.25,0.0,0.0,False,False,False,unsupported_embedded_reference
mistral-7b,10458619,full,False,False,False,0.25,0.0,0.0,False,False,False,unsupported_embedded_reference
mistral-7b,47678424,audit_only,False,False,False,0.2222222222222222,0.0,0.0,False,False,False,unknown_tool
mistral-7b,47678424,field_match,False,False,False,0.2222222222222222,0.0,0.0,False,False,False,unknown_tool
mistral-7b,47678424,field_match_compressed,False,False,False,0.2222222222222222,0.0,0.0,False,False,False,unknown_tool
mistral-7b,47678424,full,False,False,False,0.2222222222222222,0.0,0.0,False,False,False,unknown_tool
mistral-7b,13380776,audit_only,False,False,False,0.5,0.0,0.0,False,False,False,unknown_tool
mistral-7b,13380776,field_match,False,False,False,0.5,0.0,0.0,False,False,False,unknown_tool
mistral-7b,13380776,field_match_compressed,False,False,False,0.5,0.0,0.0,False,False,False,unknown_tool
mistral-7b,13380776,full,False,False,False,0.5,0.0,0.0,False,False,False,unknown_tool
mistral-7b,29843187,audit_only,False,False,False,0.5,0.3333333333333333,0.3333333333333333,False,False,False,invalid_argument_container
mistral-7b,29843187,field_match,False,False,False,0.5,0.3333333333333333,0.3333333333333333,False,False,False,invalid_argument_container
mistral-7b,29843187,field_match_compressed,False,False,False,0.5,0.3333333333333333,0.3333333333333333,False,False,False,invalid_argument_container
mistral-7b,29843187,full,False,False,False,0.5,0.3333333333333333,0.3333333333333333,False,False,False,invalid_argument_container
mistral-7b,13351081,audit_only,False,False,False,0.5,0.0,0.0,False,False,False,invalid_argument_container
mistral-7b,13351081,field_match,False,False,False,0.5,0.0,0.0,False,False,False,invalid_argument_container
mistral-7b,13351081,field_match_compressed,False,False,False,0.5,0.0,0.0,False,False,False,invalid_argument_container
mistral-7b,13351081,full,False,False,False,0.5,0.0,0.0,False,False,False,invalid_argument_container
mistral-7b,95882967,audit_only,False,False,False,0.6,0.25,0.25,False,False,False,unsupported_embedded_reference
mistral-7b,95882967,field_match,False,False,False,0.6,0.25,0.25,False,False,False,unsupported_embedded_reference
mistral-7b,95882967,field_match_compressed,False,False,False,0.6,0.25,0.25,False,False,False,unsupported_embedded_reference
mistral-7b,95882967,full,False,False,False,0.6,0.25,0.25,False,False,False,unsupported_embedded_reference
mistral-7b,18459902,audit_only,False,False,False,0.6666666666666666,0.0,0.0,False,False,False,unsupported_embedded_reference
mistral-7b,18459902,field_match,False,False,False,0.6666666666666666,0.0,0.0,False,False,False,unsupported_embedded_reference
mistral-7b,18459902,field_match_compressed,False,False,False,0.6666666666666666,0.0,0.0,False,False,False,unsupported_embedded_reference
mistral-7b,18459902,full,False,False,False,0.6666666666666666,0.0,0.0,False,False,False,unsupported_embedded_reference
mistral-7b,16871675,audit_only,False,False,False,1.0,0.8,0.8,False,False,False,invalid_argument_container
mistral-7b,16871675,field_match,False,False,False,1.0,0.8,0.8,False,False,False,invalid_argument_container
mistral-7b,16871675,field_match_compressed,False,False,False,1.0,0.8,0.8,False,False,False,invalid_argument_container
mistral-7b,16871675,full,False,False,False,1.0,0.8,0.8,False,False,False,invalid_argument_container
mistral-7b,20634345,audit_only,False,False,False,1.0,1.0,1.0,True,True,False,invalid_node_reference
mistral-7b,20634345,field_match,False,False,False,1.0,1.0,1.0,True,True,False,invalid_node_reference
mistral-7b,20634345,field_match_compressed,False,False,False,1.0,1.0,1.0,True,True,False,invalid_node_reference
mistral-7b,20634345,full,False,False,False,1.0,1.0,1.0,True,True,False,invalid_node_reference
mistral-7b,79733558,audit_only,False,False,False,0.6666666666666666,0.6,0.6,False,False,False,unknown_tool
mistral-7b,79733558,field_match,False,False,False,0.6666666666666666,0.6,0.6,False,False,False,unknown_tool
mistral-7b,79733558,field_match_compressed,False,False,False,0.6666666666666666,0.6,0.6,False,False,False,unknown_tool
mistral-7b,79733558,full,False,False,False,0.6666666666666666,0.6,0.6,False,False,False,unknown_tool
mistral-7b,10964234,audit_only,False,False,False,0.5,0.0,0.0,False,False,False,unknown_tool
mistral-7b,10964234,field_match,False,False,False,0.5,0.0,0.0,False,False,False,unknown_tool
mistral-7b,10964234,field_match_compressed,False,False,False,0.5,0.0,0.0,False,False,False,unknown_tool
mistral-7b,10964234,full,False,False,False,0.5,0.0,0.0,False,False,False,unknown_tool
mistral-7b,21850728,audit_only,False,False,False,0.6,0.5,0.5,False,False,False,invalid_node_reference
mistral-7b,21850728,field_match,False,False,False,0.6,0.5,0.5,False,False,False,invalid_node_reference
mistral-7b,21850728,field_match_compressed,False,False,False,0.6,0.5,0.5,False,False,False,invalid_node_reference
mistral-7b,21850728,full,False,False,False,0.6,0.5,0.5,False,False,False,invalid_node_reference
mistral-7b,78739891,audit_only,True,False,False,1.0,1.0,1.0,True,True,False,
mistral-7b,78739891,field_match,True,True,False,1.0,1.0,0.0,True,False,True,
mistral-7b,78739891,field_match_compressed,True,True,False,1.0,1.0,0.0,True,False,True,
mistral-7b,78739891,full,True,True,False,1.0,1.0,0.0,True,False,True,
mistral-7b,38636941,audit_only,True,True,True,0.6,0.25,0.25,False,False,False,
mistral-7b,38636941,field_match,True,True,True,0.6,0.25,0.25,False,False,False,
mistral-7b,38636941,field_match_compressed,True,True,True,0.6,0.25,0.25,False,False,False,
mistral-7b,38636941,full,True,True,True,0.6,0.25,0.25,False,False,False,
mistral-7b,12377113,audit_only,False,False,False,0.3333333333333333,0.0,0.0,False,False,False,unknown_tool
mistral-7b,12377113,field_match,False,False,False,0.3333333333333333,0.0,0.0,False,False,False,unknown_tool
mistral-7b,12377113,field_match_compressed,False,False,False,0.3333333333333333,0.0,0.0,False,False,False,unknown_tool
mistral-7b,12377113,full,False,False,False,0.3333333333333333,0.0,0.0,False,False,False,unknown_tool
mistral-7b,20593215,audit_only,False,False,False,0.3333333333333333,0.0,0.0,False,False,False,unknown_tool
mistral-7b,20593215,field_match,False,False,False,0.3333333333333333,0.0,0.0,False,False,False,unknown_tool
mistral-7b,20593215,field_match_compressed,False,False,False,0.3333333333333333,0.0,0.0,False,False,False,unknown_tool
mistral-7b,20593215,full,False,False,False,0.3333333333333333,0.0,0.0,False,False,False,unknown_tool
mistral-7b,21025473,audit_only,False,False,False,0.0,0.0,0.0,False,False,False,unknown_tool
mistral-7b,21025473,field_match,False,False,False,0.0,0.0,0.0,False,False,False,unknown_tool
mistral-7b,21025473,field_match_compressed,False,False,False,0.0,0.0,0.0,False,False,False,unknown_tool
mistral-7b,21025473,full,False,False,False,0.0,0.0,0.0,False,False,False,unknown_tool
mistral-7b,10201211,audit_only,False,False,False,0.5714285714285714,0.3333333333333333,0.3333333333333333,False,False,False,unknown_tool
mistral-7b,10201211,field_match,False,False,False,0.5714285714285714,0.3333333333333333,0.3333333333333333,False,False,False,unknown_tool
mistral-7b,10201211,field_match_compressed,False,False,False,0.5714285714285714,0.3333333333333333,0.3333333333333333,False,False,False,unknown_tool
mistral-7b,10201211,full,False,False,False,0.5714285714285714,0.3333333333333333,0.3333333333333333,False,False,False,unknown_tool
mistral-7b,28799432,audit_only,False,False,False,0.75,0.6666666666666666,0.6666666666666666,False,False,False,invalid_node_reference
mistral-7b,28799432,field_match,False,False,False,0.75,0.6666666666666666,0.6666666666666666,False,False,False,invalid_node_reference
mistral-7b,28799432,field_match_compressed,False,False,False,0.75,0.6666666666666666,0.6666666666666666,False,False,False,invalid_node_reference
mistral-7b,28799432,full,False,False,False,0.75,0.6666666666666666,0.6666666666666666,False,False,False,invalid_node_reference
mistral-7b,29732540,audit_only,True,True,True,0.8,0.0,0.0,False,False,False,
mistral-7b,29732540,field_match,True,True,True,0.8,0.0,0.0,False,False,False,
mistral-7b,29732540,field_match_compressed,True,True,True,0.8,0.0,0.0,False,False,False,
mistral-7b,29732540,full,True,True,True,0.8,0.0,0.0,False,False,False,
mistral-7b,13258975,audit_only,False,False,False,0.6666666666666666,0.5,0.5,False,False,False,invalid_argument_container
mistral-7b,13258975,field_match,False,False,False,0.6666666666666666,0.5,0.5,False,False,False,invalid_argument_container
mistral-7b,13258975,field_match_compressed,False,False,False,0.6666666666666666,0.5,0.5,False,False,False,invalid_argument_container
mistral-7b,13258975,full,False,False,False,0.6666666666666666,0.5,0.5,False,False,False,invalid_argument_container
mistral-7b,24781552,audit_only,False,False,False,0.8571428571428571,0.8,0.8,False,False,False,unknown_tool
mistral-7b,24781552,field_match,False,False,False,0.8571428571428571,0.8,0.8,False,False,False,unknown_tool
mistral-7b,24781552,field_match_compressed,False,False,False,0.8571428571428571,0.8,0.8,False,False,False,unknown_tool
mistral-7b,24781552,full,False,False,False,0.8571428571428571,0.8,0.8,False,False,False,unknown_tool
mistral-7b,14575169,audit_only,False,False,False,0.5714285714285714,0.4,0.4,False,False,False,unknown_tool
mistral-7b,14575169,field_match,False,False,False,0.5714285714285714,0.4,0.4,False,False,False,unknown_tool
mistral-7b,14575169,field_match_compressed,False,False,False,0.5714285714285714,0.4,0.4,False,False,False,unknown_tool
mistral-7b,14575169,full,False,False,False,0.5714285714285714,0.4,0.4,False,False,False,unknown_tool
mistral-7b,24636390,audit_only,True,False,False,0.4444444444444444,0.0,0.0,False,False,False,
mistral-7b,24636390,field_match,True,True,False,0.4444444444444444,0.0,0.0,False,False,True,
mistral-7b,24636390,field_match_compressed,True,True,False,0.4444444444444444,0.0,0.0,False,False,True,
mistral-7b,24636390,full,True,True,False,0.4444444444444444,0.0,0.0,False,False,True,
mistral-7b,81779710,audit_only,False,False,False,0.75,0.3333333333333333,0.3333333333333333,False,False,False,invalid_argument_container
mistral-7b,81779710,field_match,False,False,False,0.75,0.3333333333333333,0.3333333333333333,False,False,False,invalid_argument_container
mistral-7b,81779710,field_match_compressed,False,False,False,0.75,0.3333333333333333,0.3333333333333333,False,False,False,invalid_argument_container
mistral-7b,81779710,full,False,False,False,0.75,0.3333333333333333,0.3333333333333333,False,False,False,invalid_argument_container
mistral-7b,80671397,audit_only,False,False,False,0.5454545454545454,0.0,0.0,False,False,False,unknown_tool
mistral-7b,80671397,field_match,False,False,False,0.5454545454545454,0.0,0.0,False,False,False,unknown_tool
mistral-7b,80671397,field_match_compressed,False,False,False,0.5454545454545454,0.0,0.0,False,False,False,unknown_tool
mistral-7b,80671397,full,False,False,False,0.5454545454545454,0.0,0.0,False,False,False,unknown_tool
mistral-7b,23662996,audit_only,True,True,True,0.5,0.0,0.0,False,False,False,
mistral-7b,23662996,field_match,True,True,True,0.5,0.0,0.0,False,False,False,
mistral-7b,23662996,field_match_compressed,True,True,True,0.5,0.0,0.0,False,False,False,
mistral-7b,23662996,full,True,True,True,0.5,0.0,0.0,False,False,False,
mistral-7b,20666150,audit_only,False,False,False,1.0,1.0,1.0,True,True,False,invalid_argument_container
mistral-7b,20666150,field_match,False,False,False,1.0,1.0,1.0,True,True,False,invalid_argument_container
mistral-7b,20666150,field_match_compressed,False,False,False,1.0,1.0,1.0,True,True,False,invalid_argument_container
mistral-7b,20666150,full,False,False,False,1.0,1.0,1.0,True,True,False,invalid_argument_container
mistral-7b,24490454,audit_only,True,False,True,1.0,0.6666666666666666,0.6666666666666666,False,False,False,
mistral-7b,24490454,field_match,True,True,True,1.0,0.6666666666666666,1.0,False,True,True,
mistral-7b,24490454,field_match_compressed,True,True,True,1.0,0.6666666666666666,1.0,False,True,True,
mistral-7b,24490454,full,True,True,True,1.0,0.6666666666666666,1.0,False,True,True,
mistral-7b,33517826,audit_only,False,False,False,1.0,1.0,1.0,True,True,False,invalid_argument_container
mistral-7b,33517826,field_match,False,False,False,1.0,1.0,1.0,True,True,False,invalid_argument_container
mistral-7b,33517826,field_match_compressed,False,False,False,1.0,1.0,1.0,True,True,False,invalid_argument_container
mistral-7b,33517826,full,False,False,False,1.0,1.0,1.0,True,True,False,invalid_argument_container
mistral-7b,18775869,audit_only,False,False,False,1.0,0.8571428571428571,0.8571428571428571,False,False,False,invalid_argument_container
mistral-7b,18775869,field_match,False,False,False,1.0,0.8571428571428571,0.8571428571428571,False,False,False,invalid_argument_container
mistral-7b,18775869,field_match_compressed,False,False,False,1.0,0.8571428571428571,0.8571428571428571,False,False,False,invalid_argument_container
mistral-7b,18775869,full,False,False,False,1.0,0.8571428571428571,0.8571428571428571,False,False,False,invalid_argument_container
mistral-7b,17976193,audit_only,False,False,False,1.0,1.0,1.0,True,True,False,unsupported_embedded_reference
mistral-7b,17976193,field_match,False,False,False,1.0,1.0,1.0,True,True,False,unsupported_embedded_reference
mistral-7b,17976193,field_match_compressed,False,False,False,1.0,1.0,1.0,True,True,False,unsupported_embedded_reference
mistral-7b,17976193,full,False,False,False,1.0,1.0,1.0,True,True,False,unsupported_embedded_reference
mistral-7b,16472185,audit_only,False,False,False,0.75,0.2857142857142857,0.2857142857142857,False,False,False,unknown_tool
mistral-7b,16472185,field_match,False,False,False,0.75,0.2857142857142857,0.2857142857142857,False,False,False,unknown_tool
mistral-7b,16472185,field_match_compressed,False,False,False,0.75,0.2857142857142857,0.2857142857142857,False,False,False,unknown_tool
mistral-7b,16472185,full,False,False,False,0.75,0.2857142857142857,0.2857142857142857,False,False,False,unknown_tool
mistral-7b,13754263,audit_only,False,False,False,0.2857142857142857,0.0,0.0,False,False,False,unknown_tool
mistral-7b,13754263,field_match,False,False,False,0.2857142857142857,0.0,0.0,False,False,False,unknown_tool
mistral-7b,13754263,field_match_compressed,False,False,False,0.2857142857142857,0.0,0.0,False,False,False,unknown_tool
mistral-7b,13754263,full,False,False,False,0.2857142857142857,0.0,0.0,False,False,False,unknown_tool
mistral-7b,21368313,audit_only,False,False,False,1.0,0.9230769230769231,0.9230769230769231,False,False,False,invalid_node_reference
mistral-7b,21368313,field_match,False,False,False,1.0,0.9230769230769231,0.9230769230769231,False,False,False,invalid_node_reference
mistral-7b,21368313,field_match_compressed,False,False,False,1.0,0.9230769230769231,0.9230769230769231,False,False,False,invalid_node_reference
mistral-7b,21368313,full,False,False,False,1.0,0.9230769230769231,0.9230769230769231,False,False,False,invalid_node_reference
mistral-7b,15732028,audit_only,False,False,False,1.0,0.0,0.0,False,False,False,unresolved_link_endpoint
mistral-7b,15732028,field_match,False,False,False,1.0,0.0,0.0,False,False,False,unresolved_link_endpoint
mistral-7b,15732028,field_match_compressed,False,False,False,1.0,0.0,0.0,False,False,False,unresolved_link_endpoint
mistral-7b,15732028,full,False,False,False,1.0,0.0,0.0,False,False,False,unresolved_link_endpoint
mistral-7b,30669671,audit_only,True,True,True,1.0,1.0,1.0,True,True,False,
mistral-7b,30669671,field_match,True,True,True,1.0,1.0,1.0,True,True,False,
mistral-7b,30669671,field_match_compressed,True,True,True,1.0,1.0,1.0,True,True,False,
mistral-7b,30669671,full,True,True,True,1.0,1.0,1.0,True,True,False,
mistral-7b,93455984,audit_only,False,False,False,0.5454545454545454,0.0,0.0,False,False,False,invalid_argument_container
mistral-7b,93455984,field_match,False,False,False,0.5454545454545454,0.0,0.0,False,False,False,invalid_argument_container
mistral-7b,93455984,field_match_compressed,False,False,False,0.5454545454545454,0.0,0.0,False,False,False,invalid_argument_container
mistral-7b,93455984,full,False,False,False,0.5454545454545454,0.0,0.0,False,False,False,invalid_argument_container
mistral-7b,27940970,audit_only,False,False,False,0.4444444444444444,0.25,0.25,False,False,False,invalid_argument_container
mistral-7b,27940970,field_match,False,False,False,0.4444444444444444,0.25,0.25,False,False,False,invalid_argument_container
mistral-7b,27940970,field_match_compressed,False,False,False,0.4444444444444444,0.25,0.25,False,False,False,invalid_argument_container
mistral-7b,27940970,full,False,False,False,0.4444444444444444,0.25,0.25,False,False,False,invalid_argument_container
mistral-7b,11437012,audit_only,True,True,False,0.4,0.0,0.0,False,False,False,
mistral-7b,11437012,field_match,True,True,False,0.4,0.0,0.0,False,False,False,
mistral-7b,11437012,field_match_compressed,True,True,False,0.4,0.0,0.0,False,False,False,
mistral-7b,11437012,full,True,True,False,0.4,0.0,0.0,False,False,False,
mistral-7b,30173785,audit_only,False,False,False,0.6666666666666666,0.0,0.0,False,False,False,unknown_tool
mistral-7b,30173785,field_match,False,False,False,0.6666666666666666,0.0,0.0,False,False,False,unknown_tool
mistral-7b,30173785,field_match_compressed,False,False,False,0.6666666666666666,0.0,0.0,False,False,False,unknown_tool
mistral-7b,30173785,full,False,False,False,0.6666666666666666,0.0,0.0,False,False,False,unknown_tool
mistral-7b,13925917,audit_only,False,False,False,0.75,0.26666666666666666,0.26666666666666666,False,False,False,unknown_tool
mistral-7b,13925917,field_match,False,False,False,0.75,0.26666666666666666,0.26666666666666666,False,False,False,unknown_tool
mistral-7b,13925917,field_match_compressed,False,False,False,0.75,0.26666666666666666,0.26666666666666666,False,False,False,unknown_tool
mistral-7b,13925917,full,False,False,False,0.75,0.26666666666666666,0.26666666666666666,False,False,False,unknown_tool
mistral-7b,12657394,audit_only,False,False,False,0.5454545454545454,0.2222222222222222,0.2222222222222222,False,False,False,unknown_tool
mistral-7b,12657394,field_match,False,False,False,0.5454545454545454,0.2222222222222222,0.2222222222222222,False,False,False,unknown_tool
mistral-7b,12657394,field_match_compressed,False,False,False,0.5454545454545454,0.2222222222222222,0.2222222222222222,False,False,False,unknown_tool
mistral-7b,12657394,full,False,False,False,0.5454545454545454,0.2222222222222222,0.2222222222222222,False,False,False,unknown_tool
mistral-7b,18454845,audit_only,False,False,False,0.7692307692307693,0.36363636363636365,0.36363636363636365,False,False,False,unknown_tool
mistral-7b,18454845,field_match,False,False,False,0.7692307692307693,0.36363636363636365,0.36363636363636365,False,False,False,unknown_tool
mistral-7b,18454845,field_match_compressed,False,False,False,0.7692307692307693,0.36363636363636365,0.36363636363636365,False,False,False,unknown_tool
mistral-7b,18454845,full,False,False,False,0.7692307692307693,0.36363636363636365,0.36363636363636365,False,False,False,unknown_tool
mistral-7b,17025449,audit_only,False,False,False,0.8,0.5,0.5,False,False,False,invalid_node_reference
mistral-7b,17025449,field_match,False,False,False,0.8,0.5,0.5,False,False,False,invalid_node_reference
mistral-7b,17025449,field_match_compressed,False,False,False,0.8,0.5,0.5,False,False,False,invalid_node_reference
mistral-7b,17025449,full,False,False,False,0.8,0.5,0.5,False,False,False,invalid_node_reference
mistral-7b,31872072,audit_only,False,False,False,0.6666666666666666,0.0,0.0,False,False,False,unknown_tool
mistral-7b,31872072,field_match,False,False,False,0.6666666666666666,0.0,0.0,False,False,False,unknown_tool
mistral-7b,31872072,field_match_compressed,False,False,False,0.6666666666666666,0.0,0.0,False,False,False,unknown_tool
mistral-7b,31872072,full,False,False,False,0.6666666666666666,0.0,0.0,False,False,False,unknown_tool
mistral-7b,21360464,audit_only,True,True,False,0.6666666666666666,0.5,0.5,False,False,False,
mistral-7b,21360464,field_match,True,True,False,0.6666666666666666,0.5,0.5,False,False,False,
mistral-7b,21360464,field_match_compressed,True,True,False,0.6666666666666666,0.5,0.5,False,False,False,
mistral-7b,21360464,full,True,True,False,0.6666666666666666,0.5,0.5,False,False,False,
mistral-7b,29178445,audit_only,False,False,False,0.5,0.0,0.0,False,False,False,unknown_tool
mistral-7b,29178445,field_match,False,False,False,0.5,0.0,0.0,False,False,False,unknown_tool
mistral-7b,29178445,field_match_compressed,False,False,False,0.5,0.0,0.0,False,False,False,unknown_tool
mistral-7b,29178445,full,False,False,False,0.5,0.0,0.0,False,False,False,unknown_tool
mistral-7b,18652784,audit_only,True,True,True,0.8,0.0,0.0,False,False,False,
mistral-7b,18652784,field_match,True,True,True,0.8,0.0,0.0,False,False,False,
mistral-7b,18652784,field_match_compressed,True,True,True,0.8,0.0,0.0,False,False,False,
mistral-7b,18652784,full,True,True,True,0.8,0.0,0.0,False,False,False,
mistral-7b,87327927,audit_only,False,False,False,0.5454545454545454,0.2222222222222222,0.2222222222222222,False,False,False,unknown_tool
mistral-7b,87327927,field_match,False,False,False,0.5454545454545454,0.2222222222222222,0.2222222222222222,False,False,False,unknown_tool
mistral-7b,87327927,field_match_compressed,False,False,False,0.5454545454545454,0.2222222222222222,0.2222222222222222,False,False,False,unknown_tool
mistral-7b,87327927,full,False,False,False,0.5454545454545454,0.2222222222222222,0.2222222222222222,False,False,False,unknown_tool
mistral-7b,32525760,audit_only,True,True,True,0.5,0.0,0.0,False,False,False,
mistral-7b,32525760,field_match,True,True,True,0.5,0.0,0.0,False,False,False,
mistral-7b,32525760,field_match_compressed,True,True,True,0.5,0.0,0.0,False,False,False,
mistral-7b,32525760,full,True,True,True,0.5,0.0,0.0,False,False,False,
mistral-7b,20833651,audit_only,False,False,False,0.5714285714285714,0.0,0.0,False,False,False,unknown_tool
mistral-7b,20833651,field_match,False,False,False,0.5714285714285714,0.0,0.0,False,False,False,unknown_tool
mistral-7b,20833651,field_match_compressed,False,False,False,0.5714285714285714,0.0,0.0,False,False,False,unknown_tool
mistral-7b,20833651,full,False,False,False,0.5714285714285714,0.0,0.0,False,False,False,unknown_tool
mistral-7b,55649559,audit_only,True,True,True,0.5,0.0,0.0,False,False,False,
mistral-7b,55649559,field_match,True,True,True,0.5,0.0,0.0,False,False,False,
mistral-7b,55649559,field_match_compressed,True,True,True,0.5,0.0,0.0,False,False,False,
mistral-7b,55649559,full,True,True,True,0.5,0.0,0.0,False,False,False,
mistral-7b,22539900,audit_only,False,False,False,0.75,0.2857142857142857,0.2857142857142857,False,False,False,unknown_tool
mistral-7b,22539900,field_match,False,False,False,0.75,0.2857142857142857,0.2857142857142857,False,False,False,unknown_tool
mistral-7b,22539900,field_match_compressed,False,False,False,0.75,0.2857142857142857,0.2857142857142857,False,False,False,unknown_tool
mistral-7b,22539900,full,False,False,False,0.75,0.2857142857142857,0.2857142857142857,False,False,False,unknown_tool
mistral-7b,37524177,audit_only,False,False,False,0.2,0.0,0.0,False,False,False,unknown_tool
mistral-7b,37524177,field_match,False,False,False,0.2,0.0,0.0,False,False,False,unknown_tool
mistral-7b,37524177,field_match_compressed,False,False,False,0.2,0.0,0.0,False,False,False,unknown_tool
mistral-7b,37524177,full,False,False,False,0.2,0.0,0.0,False,False,False,unknown_tool
mistral-7b,18395525,audit_only,False,False,False,0.0,0.0,0.0,False,False,False,ambiguous_repeated_tool
mistral-7b,18395525,field_match,False,False,False,0.0,0.0,0.0,False,False,False,ambiguous_repeated_tool
mistral-7b,18395525,field_match_compressed,False,False,False,0.0,0.0,0.0,False,False,False,ambiguous_repeated_tool
mistral-7b,18395525,full,False,False,False,0.0,0.0,0.0,False,False,False,ambiguous_repeated_tool
mistral-7b,73648276,audit_only,False,False,False,0.5,0.0,0.0,False,False,False,unknown_tool
mistral-7b,73648276,field_match,False,False,False,0.5,0.0,0.0,False,False,False,unknown_tool
mistral-7b,73648276,field_match_compressed,False,False,False,0.5,0.0,0.0,False,False,False,unknown_tool
mistral-7b,73648276,full,False,False,False,0.5,0.0,0.0,False,False,False,unknown_tool
mistral-7b,67948248,audit_only,True,True,False,0.4,0.0,0.0,False,False,False,
mistral-7b,67948248,field_match,True,True,False,0.4,0.0,0.0,False,False,False,
mistral-7b,67948248,field_match_compressed,True,True,False,0.4,0.0,0.0,False,False,False,
mistral-7b,67948248,full,True,True,False,0.4,0.0,0.0,False,False,False,
mistral-7b,30986868,audit_only,False,False,False,0.4,0.0,0.0,False,False,False,ambiguous_repeated_tool
mistral-7b,30986868,field_match,False,False,False,0.4,0.0,0.0,False,False,False,ambiguous_repeated_tool
mistral-7b,30986868,field_match_compressed,False,False,False,0.4,0.0,0.0,False,False,False,ambiguous_repeated_tool
mistral-7b,30986868,full,False,False,False,0.4,0.0,0.0,False,False,False,ambiguous_repeated_tool
mistral-7b,41914644,audit_only,False,False,False,0.3333333333333333,0.0,0.0,False,False,False,unknown_tool
mistral-7b,41914644,field_match,False,False,False,0.3333333333333333,0.0,0.0,False,False,False,unknown_tool
mistral-7b,41914644,field_match_compressed,False,False,False,0.3333333333333333,0.0,0.0,False,False,False,unknown_tool
mistral-7b,41914644,full,False,False,False,0.3333333333333333,0.0,0.0,False,False,False,unknown_tool
mistral-7b,25132217,audit_only,False,False,False,0.5,0.0,0.0,False,False,False,unknown_tool
mistral-7b,25132217,field_match,False,False,False,0.5,0.0,0.0,False,False,False,unknown_tool
mistral-7b,25132217,field_match_compressed,False,False,False,0.5,0.0,0.0,False,False,False,unknown_tool
mistral-7b,25132217,full,False,False,False,0.5,0.0,0.0,False,False,False,unknown_tool
mistral-7b,74152398,audit_only,False,False,False,0.6666666666666666,0.5,0.5,False,False,False,invalid_argument_container
mistral-7b,74152398,field_match,False,False,False,0.6666666666666666,0.5,0.5,False,False,False,invalid_argument_container
mistral-7b,74152398,field_match_compressed,False,False,False,0.6666666666666666,0.5,0.5,False,False,False,invalid_argument_container
mistral-7b,74152398,full,False,False,False,0.6666666666666666,0.5,0.5,False,False,False,invalid_argument_container
mistral-7b,10159776,audit_only,False,False,False,0.6,0.0,0.0,False,False,False,unknown_tool
mistral-7b,10159776,field_match,False,False,False,0.6,0.0,0.0,False,False,False,unknown_tool
mistral-7b,10159776,field_match_compressed,False,False,False,0.6,0.0,0.0,False,False,False,unknown_tool
mistral-7b,10159776,full,False,False,False,0.6,0.0,0.0,False,False,False,unknown_tool
mistral-7b,16167259,audit_only,True,False,True,0.8888888888888888,0.5714285714285714,0.5714285714285714,False,False,False,
mistral-7b,16167259,field_match,True,True,True,0.8888888888888888,0.5714285714285714,0.75,False,False,True,
mistral-7b,16167259,field_match_compressed,True,True,True,0.8888888888888888,0.5714285714285714,0.75,False,False,True,
mistral-7b,16167259,full,True,True,True,0.8888888888888888,0.5714285714285714,0.75,False,False,True,
mistral-7b,22513062,audit_only,False,False,False,0.6666666666666666,0.2857142857142857,0.2857142857142857,False,False,False,invalid_argument_container
mistral-7b,22513062,field_match,False,False,False,0.6666666666666666,0.2857142857142857,0.2857142857142857,False,False,False,invalid_argument_container
mistral-7b,22513062,field_match_compressed,False,False,False,0.6666666666666666,0.2857142857142857,0.2857142857142857,False,False,False,invalid_argument_container
mistral-7b,22513062,full,False,False,False,0.6666666666666666,0.2857142857142857,0.2857142857142857,False,False,False,invalid_argument_container
mistral-7b,42199067,audit_only,False,False,False,1.0,1.0,1.0,True,True,False,unsupported_embedded_reference
mistral-7b,42199067,field_match,False,False,False,1.0,1.0,1.0,True,True,False,unsupported_embedded_reference
mistral-7b,42199067,field_match_compressed,False,False,False,1.0,1.0,1.0,True,True,False,unsupported_embedded_reference
mistral-7b,42199067,full,False,False,False,1.0,1.0,1.0,True,True,False,unsupported_embedded_reference
mistral-7b,18631304,audit_only,False,False,False,0.0,0.0,0.0,False,False,False,unknown_tool
mistral-7b,18631304,field_match,False,False,False,0.0,0.0,0.0,False,False,False,unknown_tool
mistral-7b,18631304,field_match_compressed,False,False,False,0.0,0.0,0.0,False,False,False,unknown_tool
mistral-7b,18631304,full,False,False,False,0.0,0.0,0.0,False,False,False,unknown_tool
mistral-7b,32057897,audit_only,False,False,False,0.8,0.2,0.2,False,False,False,unknown_tool
mistral-7b,32057897,field_match,False,False,False,0.8,0.2,0.2,False,False,False,unknown_tool
mistral-7b,32057897,field_match_compressed,False,False,False,0.8,0.2,0.2,False,False,False,unknown_tool
mistral-7b,32057897,full,False,False,False,0.8,0.2,0.2,False,False,False,unknown_tool
mistral-7b,26271521,audit_only,True,False,False,0.25,0.0,0.0,False,False,False,
mistral-7b,26271521,field_match,True,True,False,0.25,0.0,0.0,False,False,True,
mistral-7b,26271521,field_match_compressed,True,True,False,0.25,0.0,0.0,False,False,True,
mistral-7b,26271521,full,True,True,False,0.25,0.0,0.0,False,False,True,
mistral-7b,28823138,audit_only,False,False,False,0.4,0.25,0.25,False,False,False,unsupported_embedded_reference
mistral-7b,28823138,field_match,False,False,False,0.4,0.25,0.25,False,False,False,unsupported_embedded_reference
mistral-7b,28823138,field_match_compressed,False,False,False,0.4,0.25,0.25,False,False,False,unsupported_embedded_reference
mistral-7b,28823138,full,False,False,False,0.4,0.25,0.25,False,False,False,unsupported_embedded_reference
mistral-7b,18345101,audit_only,True,True,True,0.0,0.0,0.0,False,False,False,
mistral-7b,18345101,field_match,True,True,True,0.0,0.0,0.0,False,False,False,
mistral-7b,18345101,field_match_compressed,True,True,True,0.0,0.0,0.0,False,False,False,
mistral-7b,18345101,full,True,True,True,0.0,0.0,0.0,False,False,False,
mistral-7b,26514729,audit_only,False,False,False,0.6,0.5,0.5,False,False,False,unknown_tool
mistral-7b,26514729,field_match,False,False,False,0.6,0.5,0.5,False,False,False,unknown_tool
mistral-7b,26514729,field_match_compressed,False,False,False,0.6,0.5,0.5,False,False,False,unknown_tool
mistral-7b,26514729,full,False,False,False,0.6,0.5,0.5,False,False,False,unknown_tool
mistral-7b,12657417,audit_only,False,False,False,0.0,0.0,0.0,False,False,False,unknown_tool
mistral-7b,12657417,field_match,False,False,False,0.0,0.0,0.0,False,False,False,unknown_tool
mistral-7b,12657417,field_match_compressed,False,False,False,0.0,0.0,0.0,False,False,False,unknown_tool
mistral-7b,12657417,full,False,False,False,0.0,0.0,0.0,False,False,False,unknown_tool
mistral-7b,30875028,audit_only,False,False,False,0.5714285714285714,0.0,0.0,False,False,False,unknown_tool
mistral-7b,30875028,field_match,False,False,False,0.5714285714285714,0.0,0.0,False,False,False,unknown_tool
mistral-7b,30875028,field_match_compressed,False,False,False,0.5714285714285714,0.0,0.0,False,False,False,unknown_tool
mistral-7b,30875028,full,False,False,False,0.5714285714285714,0.0,0.0,False,False,False,unknown_tool
mistral-7b,29458826,audit_only,False,False,False,0.75,0.3333333333333333,0.3333333333333333,False,False,False,invalid_argument_container
mistral-7b,29458826,field_match,False,False,False,0.75,0.3333333333333333,0.3333333333333333,False,False,False,invalid_argument_container
mistral-7b,29458826,field_match_compressed,False,False,False,0.75,0.3333333333333333,0.3333333333333333,False,False,False,invalid_argument_container
mistral-7b,29458826,full,False,False,False,0.75,0.3333333333333333,0.3333333333333333,False,False,False,invalid_argument_container
mistral-7b,32236593,audit_only,False,False,False,0.4,0.0,0.0,False,False,False,ambiguous_repeated_tool
mistral-7b,32236593,field_match,False,False,False,0.4,0.0,0.0,False,False,False,ambiguous_repeated_tool
mistral-7b,32236593,field_match_compressed,False,False,False,0.4,0.0,0.0,False,False,False,ambiguous_repeated_tool
mistral-7b,32236593,full,False,False,False,0.4,0.0,0.0,False,False,False,ambiguous_repeated_tool
mistral-7b,18333396,audit_only,False,False,False,0.0,0.0,0.0,False,False,False,invalid_argument_container
mistral-7b,18333396,field_match,False,False,False,0.0,0.0,0.0,False,False,False,invalid_argument_container
mistral-7b,18333396,field_match_compressed,False,False,False,0.0,0.0,0.0,False,False,False,invalid_argument_container
mistral-7b,18333396,full,False,False,False,0.0,0.0,0.0,False,False,False,invalid_argument_container
mistral-7b,44921618,audit_only,False,False,False,0.8571428571428571,0.4,0.4,False,False,False,unsupported_embedded_reference
mistral-7b,44921618,field_match,False,False,False,0.8571428571428571,0.4,0.4,False,False,False,unsupported_embedded_reference
mistral-7b,44921618,field_match_compressed,False,False,False,0.8571428571428571,0.4,0.4,False,False,False,unsupported_embedded_reference
mistral-7b,44921618,full,False,False,False,0.8571428571428571,0.4,0.4,False,False,False,unsupported_embedded_reference
mistral-7b,45995210,audit_only,False,False,False,0.6666666666666666,0.0,0.0,False,False,False,unknown_tool
mistral-7b,45995210,field_match,False,False,False,0.6666666666666666,0.0,0.0,False,False,False,unknown_tool
mistral-7b,45995210,field_match_compressed,False,False,False,0.6666666666666666,0.0,0.0,False,False,False,unknown_tool
mistral-7b,45995210,full,False,False,False,0.6666666666666666,0.0,0.0,False,False,False,unknown_tool
mistral-7b,41866354,audit_only,False,False,False,0.2857142857142857,0.0,0.0,False,False,False,unknown_tool
mistral-7b,41866354,field_match,False,False,False,0.2857142857142857,0.0,0.0,False,False,False,unknown_tool
mistral-7b,41866354,field_match_compressed,False,False,False,0.2857142857142857,0.0,0.0,False,False,False,unknown_tool
mistral-7b,41866354,full,False,False,False,0.2857142857142857,0.0,0.0,False,False,False,unknown_tool
mistral-7b,30068904,audit_only,False,False,False,0.6666666666666666,0.0,0.0,False,False,False,invalid_node_reference
mistral-7b,30068904,field_match,False,False,False,0.6666666666666666,0.0,0.0,False,False,False,invalid_node_reference
mistral-7b,30068904,field_match_compressed,False,False,False,0.6666666666666666,0.0,0.0,False,False,False,invalid_node_reference
mistral-7b,30068904,full,False,False,False,0.6666666666666666,0.0,0.0,False,False,False,invalid_node_reference
mistral-7b,12612371,audit_only,False,False,False,1.0,1.0,1.0,True,True,False,invalid_argument_container
mistral-7b,12612371,field_match,False,False,False,1.0,1.0,1.0,True,True,False,invalid_argument_container
mistral-7b,12612371,field_match_compressed,False,False,False,1.0,1.0,1.0,True,True,False,invalid_argument_container
mistral-7b,12612371,full,False,False,False,1.0,1.0,1.0,True,True,False,invalid_argument_container
mistral-7b,16278219,audit_only,False,False,False,0.5714285714285714,0.4,0.4,False,False,False,unknown_tool
mistral-7b,16278219,field_match,False,False,False,0.5714285714285714,0.4,0.4,False,False,False,unknown_tool
mistral-7b,16278219,field_match_compressed,False,False,False,0.5714285714285714,0.4,0.4,False,False,False,unknown_tool
mistral-7b,16278219,full,False,False,False,0.5714285714285714,0.4,0.4,False,False,False,unknown_tool
mistral-7b,14071691,audit_only,False,False,False,1.0,0.6666666666666666,0.6666666666666666,False,False,False,invalid_argument_container
mistral-7b,14071691,field_match,False,False,False,1.0,0.6666666666666666,0.6666666666666666,False,False,False,invalid_argument_container
mistral-7b,14071691,field_match_compressed,False,False,False,1.0,0.6666666666666666,0.6666666666666666,False,False,False,invalid_argument_container
mistral-7b,14071691,full,False,False,False,1.0,0.6666666666666666,0.6666666666666666,False,False,False,invalid_argument_container
mistral-7b,20912596,audit_only,False,False,False,0.4,0.0,0.0,False,False,False,unknown_tool
mistral-7b,20912596,field_match,False,False,False,0.4,0.0,0.0,False,False,False,unknown_tool
mistral-7b,20912596,field_match_compressed,False,False,False,0.4,0.0,0.0,False,False,False,unknown_tool
mistral-7b,20912596,full,False,False,False,0.4,0.0,0.0,False,False,False,unknown_tool
mistral-7b,12793269,audit_only,False,False,False,0.5714285714285714,0.4,0.4,False,False,False,unknown_tool
mistral-7b,12793269,field_match,False,False,False,0.5714285714285714,0.4,0.4,False,False,False,unknown_tool
mistral-7b,12793269,field_match_compressed,False,False,False,0.5714285714285714,0.4,0.4,False,False,False,unknown_tool
mistral-7b,12793269,full,False,False,False,0.5714285714285714,0.4,0.4,False,False,False,unknown_tool
mistral-7b,15629367,audit_only,False,False,False,0.6,0.25,0.25,False,False,False,unknown_tool
mistral-7b,15629367,field_match,False,False,False,0.6,0.25,0.25,False,False,False,unknown_tool
mistral-7b,15629367,field_match_compressed,False,False,False,0.6,0.25,0.25,False,False,False,unknown_tool
mistral-7b,15629367,full,False,False,False,0.6,0.25,0.25,False,False,False,unknown_tool
mistral-7b,30280625,audit_only,False,False,False,0.8888888888888888,0.75,0.75,False,False,False,invalid_argument_container
mistral-7b,30280625,field_match,False,False,False,0.8888888888888888,0.75,0.75,False,False,False,invalid_argument_container
mistral-7b,30280625,field_match_compressed,False,False,False,0.8888888888888888,0.75,0.75,False,False,False,invalid_argument_container
mistral-7b,30280625,full,False,False,False,0.8888888888888888,0.75,0.75,False,False,False,invalid_argument_container
mistral-7b,25124574,audit_only,False,False,False,0.4,0.0,0.0,False,False,False,invalid_node_reference
mistral-7b,25124574,field_match,False,False,False,0.4,0.0,0.0,False,False,False,invalid_node_reference
mistral-7b,25124574,field_match_compressed,False,False,False,0.4,0.0,0.0,False,False,False,invalid_node_reference
mistral-7b,25124574,full,False,False,False,0.4,0.0,0.0,False,False,False,invalid_node_reference
mistral-7b,72002913,audit_only,False,False,False,0.8,0.16666666666666666,0.16666666666666666,False,False,False,invalid_argument_container
mistral-7b,72002913,field_match,False,False,False,0.8,0.16666666666666666,0.16666666666666666,False,False,False,invalid_argument_container
mistral-7b,72002913,field_match_compressed,False,False,False,0.8,0.16666666666666666,0.16666666666666666,False,False,False,invalid_argument_container
mistral-7b,72002913,full,False,False,False,0.8,0.16666666666666666,0.16666666666666666,False,False,False,invalid_argument_container
mistral-7b,82360299,audit_only,False,False,False,0.6,0.0,0.0,False,False,False,invalid_argument_container
mistral-7b,82360299,field_match,False,False,False,0.6,0.0,0.0,False,False,False,invalid_argument_container
mistral-7b,82360299,field_match_compressed,False,False,False,0.6,0.0,0.0,False,False,False,invalid_argument_container
mistral-7b,82360299,full,False,False,False,0.6,0.0,0.0,False,False,False,invalid_argument_container
mistral-7b,27997019,audit_only,False,False,False,1.0,1.0,1.0,True,True,False,invalid_node_reference
mistral-7b,27997019,field_match,False,False,False,1.0,1.0,1.0,True,True,False,invalid_node_reference
mistral-7b,27997019,field_match_compressed,False,False,False,1.0,1.0,1.0,True,True,False,invalid_node_reference
mistral-7b,27997019,full,False,False,False,1.0,1.0,1.0,True,True,False,invalid_node_reference
mistral-7b,16102407,audit_only,False,False,False,0.5,0.0,0.0,False,False,False,unsupported_embedded_reference
mistral-7b,16102407,field_match,False,False,False,0.5,0.0,0.0,False,False,False,unsupported_embedded_reference
mistral-7b,16102407,field_match_compressed,False,False,False,0.5,0.0,0.0,False,False,False,unsupported_embedded_reference
mistral-7b,16102407,full,False,False,False,0.5,0.0,0.0,False,False,False,unsupported_embedded_reference
mistral-7b,22409766,audit_only,False,False,False,0.6666666666666666,0.6,0.6,False,False,False,invalid_node_reference
mistral-7b,22409766,field_match,False,False,False,0.6666666666666666,0.6,0.6,False,False,False,invalid_node_reference
mistral-7b,22409766,field_match_compressed,False,False,False,0.6666666666666666,0.6,0.6,False,False,False,invalid_node_reference
mistral-7b,22409766,full,False,False,False,0.6666666666666666,0.6,0.6,False,False,False,invalid_node_reference
mistral-7b,21265262,audit_only,False,False,False,1.0,0.6666666666666666,0.6666666666666666,False,False,False,invalid_node_reference
mistral-7b,21265262,field_match,False,False,False,1.0,0.6666666666666666,0.6666666666666666,False,False,False,invalid_node_reference
mistral-7b,21265262,field_match_compressed,False,False,False,1.0,0.6666666666666666,0.6666666666666666,False,False,False,invalid_node_reference
mistral-7b,21265262,full,False,False,False,1.0,0.6666666666666666,0.6666666666666666,False,False,False,invalid_node_reference
mistral-7b,12544591,audit_only,True,False,False,0.6666666666666666,0.0,0.0,False,False,False,
mistral-7b,12544591,field_match,True,True,False,0.6666666666666666,0.0,0.0,False,False,True,
mistral-7b,12544591,field_match_compressed,True,True,False,0.6666666666666666,0.0,0.0,False,False,True,
mistral-7b,12544591,full,True,True,False,0.6666666666666666,0.0,0.0,False,False,True,
mistral-7b,29227923,audit_only,False,False,False,1.0,1.0,1.0,True,True,False,invalid_argument_container
mistral-7b,29227923,field_match,False,False,False,1.0,1.0,1.0,True,True,False,invalid_argument_container
mistral-7b,29227923,field_match_compressed,False,False,False,1.0,1.0,1.0,True,True,False,invalid_argument_container
mistral-7b,29227923,full,False,False,False,1.0,1.0,1.0,True,True,False,invalid_argument_container
mistral-7b,28957129,audit_only,True,False,False,0.5,0.3333333333333333,0.3333333333333333,False,False,False,
mistral-7b,28957129,field_match,True,True,False,0.5,0.3333333333333333,0.2857142857142857,False,False,True,
mistral-7b,28957129,field_match_compressed,True,True,False,0.5,0.3333333333333333,0.2857142857142857,False,False,True,
mistral-7b,28957129,full,True,True,False,0.5,0.3333333333333333,0.2857142857142857,False,False,True,
mistral-7b,29505223,audit_only,True,True,True,1.0,1.0,1.0,True,True,False,
mistral-7b,29505223,field_match,True,True,True,1.0,1.0,1.0,True,True,False,
mistral-7b,29505223,field_match_compressed,True,True,True,1.0,1.0,1.0,True,True,False,
mistral-7b,29505223,full,True,True,True,1.0,1.0,1.0,True,True,False,
mistral-7b,22613571,audit_only,False,False,False,0.18181818181818182,0.0,0.0,False,False,False,invalid_node_reference
mistral-7b,22613571,field_match,False,False,False,0.18181818181818182,0.0,0.0,False,False,False,invalid_node_reference
mistral-7b,22613571,field_match_compressed,False,False,False,0.18181818181818182,0.0,0.0,False,False,False,invalid_node_reference
mistral-7b,22613571,full,False,False,False,0.18181818181818182,0.0,0.0,False,False,False,invalid_node_reference
mistral-7b,16183062,audit_only,False,False,False,0.6666666666666666,0.25,0.25,False,False,False,invalid_node_reference
mistral-7b,16183062,field_match,False,False,False,0.6666666666666666,0.25,0.25,False,False,False,invalid_node_reference
mistral-7b,16183062,field_match_compressed,False,False,False,0.6666666666666666,0.25,0.25,False,False,False,invalid_node_reference
mistral-7b,16183062,full,False,False,False,0.6666666666666666,0.25,0.25,False,False,False,invalid_node_reference
mistral-7b,36137018,audit_only,False,False,False,0.7142857142857143,0.3333333333333333,0.3333333333333333,False,False,False,unknown_tool
mistral-7b,36137018,field_match,False,False,False,0.7142857142857143,0.3333333333333333,0.3333333333333333,False,False,False,unknown_tool
mistral-7b,36137018,field_match_compressed,False,False,False,0.7142857142857143,0.3333333333333333,0.3333333333333333,False,False,False,unknown_tool
mistral-7b,36137018,full,False,False,False,0.7142857142857143,0.3333333333333333,0.3333333333333333,False,False,False,unknown_tool
mistral-7b,28555836,audit_only,False,False,False,0.4,0.0,0.0,False,False,False,ambiguous_repeated_tool
mistral-7b,28555836,field_match,False,False,False,0.4,0.0,0.0,False,False,False,ambiguous_repeated_tool
mistral-7b,28555836,field_match_compressed,False,False,False,0.4,0.0,0.0,False,False,False,ambiguous_repeated_tool
mistral-7b,28555836,full,False,False,False,0.4,0.0,0.0,False,False,False,ambiguous_repeated_tool
mistral-7b,13171761,audit_only,False,False,False,0.2857142857142857,0.0,0.0,False,False,False,unknown_tool
mistral-7b,13171761,field_match,False,False,False,0.2857142857142857,0.0,0.0,False,False,False,unknown_tool
mistral-7b,13171761,field_match_compressed,False,False,False,0.2857142857142857,0.0,0.0,False,False,False,unknown_tool
mistral-7b,13171761,full,False,False,False,0.2857142857142857,0.0,0.0,False,False,False,unknown_tool
mistral-7b,81898989,audit_only,False,False,False,1.0,1.0,1.0,True,True,False,invalid_node_reference
mistral-7b,81898989,field_match,False,False,False,1.0,1.0,1.0,True,True,False,invalid_node_reference
mistral-7b,81898989,field_match_compressed,False,False,False,1.0,1.0,1.0,True,True,False,invalid_node_reference
mistral-7b,81898989,full,False,False,False,1.0,1.0,1.0,True,True,False,invalid_node_reference
mistral-7b,68842384,audit_only,False,False,False,0.5,0.0,0.0,False,False,False,unknown_tool
mistral-7b,68842384,field_match,False,False,False,0.5,0.0,0.0,False,False,False,unknown_tool
mistral-7b,68842384,field_match_compressed,False,False,False,0.5,0.0,0.0,False,False,False,unknown_tool
mistral-7b,68842384,full,False,False,False,0.5,0.0,0.0,False,False,False,unknown_tool
mistral-7b,27945683,audit_only,False,False,False,0.36363636363636365,0.0,0.0,False,False,False,unknown_tool
mistral-7b,27945683,field_match,False,False,False,0.36363636363636365,0.0,0.0,False,False,False,unknown_tool
mistral-7b,27945683,field_match_compressed,False,False,False,0.36363636363636365,0.0,0.0,False,False,False,unknown_tool
mistral-7b,27945683,full,False,False,False,0.36363636363636365,0.0,0.0,False,False,False,unknown_tool
mistral-7b,23137059,audit_only,False,False,False,0.25,0.0,0.0,False,False,False,unknown_tool
mistral-7b,23137059,field_match,False,False,False,0.25,0.0,0.0,False,False,False,unknown_tool
mistral-7b,23137059,field_match_compressed,False,False,False,0.25,0.0,0.0,False,False,False,unknown_tool
mistral-7b,23137059,full,False,False,False,0.25,0.0,0.0,False,False,False,unknown_tool
mistral-7b,88993035,audit_only,False,False,False,1.0,1.0,1.0,True,True,False,invalid_argument_container
mistral-7b,88993035,field_match,False,False,False,1.0,1.0,1.0,True,True,False,invalid_argument_container
mistral-7b,88993035,field_match_compressed,False,False,False,1.0,1.0,1.0,True,True,False,invalid_argument_container
mistral-7b,88993035,full,False,False,False,1.0,1.0,1.0,True,True,False,invalid_argument_container
mistral-7b,30990439,audit_only,False,False,False,0.5454545454545454,0.2222222222222222,0.2222222222222222,False,False,False,unknown_tool
mistral-7b,30990439,field_match,False,False,False,0.5454545454545454,0.2222222222222222,0.2222222222222222,False,False,False,unknown_tool
mistral-7b,30990439,field_match_compressed,False,False,False,0.5454545454545454,0.2222222222222222,0.2222222222222222,False,False,False,unknown_tool
mistral-7b,30990439,full,False,False,False,0.5454545454545454,0.2222222222222222,0.2222222222222222,False,False,False,unknown_tool
mistral-7b,17934951,audit_only,False,False,False,0.8571428571428571,0.4,0.4,False,False,False,invalid_node_reference
mistral-7b,17934951,field_match,False,False,False,0.8571428571428571,0.4,0.4,False,False,False,invalid_node_reference
mistral-7b,17934951,field_match_compressed,False,False,False,0.8571428571428571,0.4,0.4,False,False,False,invalid_node_reference
mistral-7b,17934951,full,False,False,False,0.8571428571428571,0.4,0.4,False,False,False,invalid_node_reference
mistral-7b,88374923,audit_only,False,False,False,0.4,0.0,0.0,False,False,False,empty_arguments
mistral-7b,88374923,field_match,False,False,False,0.4,0.0,0.0,False,False,False,empty_arguments
mistral-7b,88374923,field_match_compressed,False,False,False,0.4,0.0,0.0,False,False,False,empty_arguments
mistral-7b,88374923,full,False,False,False,0.4,0.0,0.0,False,False,False,empty_arguments
mistral-7b,22108965,audit_only,False,False,False,0.5714285714285714,0.4,0.4,False,False,False,unknown_tool
mistral-7b,22108965,field_match,False,False,False,0.5714285714285714,0.4,0.4,False,False,False,unknown_tool
mistral-7b,22108965,field_match_compressed,False,False,False,0.5714285714285714,0.4,0.4,False,False,False,unknown_tool
mistral-7b,22108965,full,False,False,False,0.5714285714285714,0.4,0.4,False,False,False,unknown_tool
mistral-7b,26140199,audit_only,False,False,False,0.75,0.3333333333333333,0.3333333333333333,False,False,False,unknown_tool
mistral-7b,26140199,field_match,False,False,False,0.75,0.3333333333333333,0.3333333333333333,False,False,False,unknown_tool
mistral-7b,26140199,field_match_compressed,False,False,False,0.75,0.3333333333333333,0.3333333333333333,False,False,False,unknown_tool
mistral-7b,26140199,full,False,False,False,0.75,0.3333333333333333,0.3333333333333333,False,False,False,unknown_tool
mistral-7b,21563157,audit_only,False,False,False,0.5,0.0,0.0,False,False,False,unsupported_embedded_reference
mistral-7b,21563157,field_match,False,False,False,0.5,0.0,0.0,False,False,False,unsupported_embedded_reference
mistral-7b,21563157,field_match_compressed,False,False,False,0.5,0.0,0.0,False,False,False,unsupported_embedded_reference
mistral-7b,21563157,full,False,False,False,0.5,0.0,0.0,False,False,False,unsupported_embedded_reference
mistral-7b,20785958,audit_only,False,False,False,0.5,0.0,0.0,False,False,False,unknown_tool
mistral-7b,20785958,field_match,False,False,False,0.5,0.0,0.0,False,False,False,unknown_tool
mistral-7b,20785958,field_match_compressed,False,False,False,0.5,0.0,0.0,False,False,False,unknown_tool
mistral-7b,20785958,full,False,False,False,0.5,0.0,0.0,False,False,False,unknown_tool
mistral-7b,35149597,audit_only,False,False,False,0.75,0.6666666666666666,0.6666666666666666,False,False,False,invalid_argument_container
mistral-7b,35149597,field_match,False,False,False,0.75,0.6666666666666666,0.6666666666666666,False,False,False,invalid_argument_container
mistral-7b,35149597,field_match_compressed,False,False,False,0.75,0.6666666666666666,0.6666666666666666,False,False,False,invalid_argument_container
mistral-7b,35149597,full,False,False,False,0.75,0.6666666666666666,0.6666666666666666,False,False,False,invalid_argument_container
mistral-7b,17395473,audit_only,False,False,False,0.8571428571428571,0.8,0.8,False,False,False,invalid_argument_container
mistral-7b,17395473,field_match,False,False,False,0.8571428571428571,0.8,0.8,False,False,False,invalid_argument_container
mistral-7b,17395473,field_match_compressed,False,False,False,0.8571428571428571,0.8,0.8,False,False,False,invalid_argument_container
mistral-7b,17395473,full,False,False,False,0.8571428571428571,0.8,0.8,False,False,False,invalid_argument_container
mistral-7b,31850224,audit_only,True,False,False,1.0,1.0,1.0,True,True,False,
mistral-7b,31850224,field_match,True,True,False,1.0,1.0,0.0,True,False,True,
mistral-7b,31850224,field_match_compressed,True,True,False,1.0,1.0,0.0,True,False,True,
mistral-7b,31850224,full,True,True,False,1.0,1.0,0.0,True,False,True,
mistral-7b,12042749,audit_only,False,False,False,0.75,0.0,0.0,False,False,False,unknown_tool
mistral-7b,12042749,field_match,False,False,False,0.75,0.0,0.0,False,False,False,unknown_tool
mistral-7b,12042749,field_match_compressed,False,False,False,0.75,0.0,0.0,False,False,False,unknown_tool
mistral-7b,12042749,full,False,False,False,0.75,0.0,0.0,False,False,False,unknown_tool
mistral-7b,59295479,audit_only,True,True,True,1.0,1.0,1.0,True,True,False,
mistral-7b,59295479,field_match,True,True,True,1.0,1.0,1.0,True,True,False,
mistral-7b,59295479,field_match_compressed,True,True,True,1.0,1.0,1.0,True,True,False,
mistral-7b,59295479,full,True,True,True,1.0,1.0,1.0,True,True,False,
mistral-7b,32756643,audit_only,False,False,False,0.6666666666666666,0.5,0.5,False,False,False,unsupported_embedded_reference
mistral-7b,32756643,field_match,False,False,False,0.6666666666666666,0.5,0.5,False,False,False,unsupported_embedded_reference
mistral-7b,32756643,field_match_compressed,False,False,False,0.6666666666666666,0.5,0.5,False,False,False,unsupported_embedded_reference
mistral-7b,32756643,full,False,False,False,0.6666666666666666,0.5,0.5,False,False,False,unsupported_embedded_reference
mistral-7b,27103924,audit_only,False,False,False,0.6666666666666666,0.5,0.5,False,False,False,invalid_node_reference
mistral-7b,27103924,field_match,False,False,False,0.6666666666666666,0.5,0.5,False,False,False,invalid_node_reference
mistral-7b,27103924,field_match_compressed,False,False,False,0.6666666666666666,0.5,0.5,False,False,False,invalid_node_reference
mistral-7b,27103924,full,False,False,False,0.6666666666666666,0.5,0.5,False,False,False,invalid_node_reference
mistral-7b,95335826,audit_only,False,False,False,0.5,0.0,0.0,False,False,False,unknown_tool
mistral-7b,95335826,field_match,False,False,False,0.5,0.0,0.0,False,False,False,unknown_tool
mistral-7b,95335826,field_match_compressed,False,False,False,0.5,0.0,0.0,False,False,False,unknown_tool
mistral-7b,95335826,full,False,False,False,0.5,0.0,0.0,False,False,False,unknown_tool
mistral-7b,20889516,audit_only,False,False,False,0.6,0.25,0.25,False,False,False,unknown_tool
mistral-7b,20889516,field_match,False,False,False,0.6,0.25,0.25,False,False,False,unknown_tool
mistral-7b,20889516,field_match_compressed,False,False,False,0.6,0.25,0.25,False,False,False,unknown_tool
mistral-7b,20889516,full,False,False,False,0.6,0.25,0.25,False,False,False,unknown_tool
mistral-7b,29700804,audit_only,False,False,False,0.5,0.0,0.0,False,False,False,invalid_argument_container
mistral-7b,29700804,field_match,False,False,False,0.5,0.0,0.0,False,False,False,invalid_argument_container
mistral-7b,29700804,field_match_compressed,False,False,False,0.5,0.0,0.0,False,False,False,invalid_argument_container
mistral-7b,29700804,full,False,False,False,0.5,0.0,0.0,False,False,False,invalid_argument_container
mistral-7b,18267263,audit_only,False,False,False,1.0,1.0,1.0,True,True,False,invalid_node_reference
mistral-7b,18267263,field_match,False,False,False,1.0,1.0,1.0,True,True,False,invalid_node_reference
mistral-7b,18267263,field_match_compressed,False,False,False,1.0,1.0,1.0,True,True,False,invalid_node_reference
mistral-7b,18267263,full,False,False,False,1.0,1.0,1.0,True,True,False,invalid_node_reference
mistral-7b,24280791,audit_only,False,False,False,0.2857142857142857,0.0,0.0,False,False,False,unknown_tool
mistral-7b,24280791,field_match,False,False,False,0.2857142857142857,0.0,0.0,False,False,False,unknown_tool
mistral-7b,24280791,field_match_compressed,False,False,False,0.2857142857142857,0.0,0.0,False,False,False,unknown_tool
mistral-7b,24280791,full,False,False,False,0.2857142857142857,0.0,0.0,False,False,False,unknown_tool
mistral-7b,30199071,audit_only,False,False,False,0.5,0.3333333333333333,0.3333333333333333,False,False,False,unknown_tool
mistral-7b,30199071,field_match,False,False,False,0.5,0.3333333333333333,0.3333333333333333,False,False,False,unknown_tool
mistral-7b,30199071,field_match_compressed,False,False,False,0.5,0.3333333333333333,0.3333333333333333,False,False,False,unknown_tool
mistral-7b,30199071,full,False,False,False,0.5,0.3333333333333333,0.3333333333333333,False,False,False,unknown_tool
mistral-7b,14812601,audit_only,False,False,False,0.8571428571428571,0.8,0.8,False,False,False,invalid_node_reference
mistral-7b,14812601,field_match,False,False,False,0.8571428571428571,0.8,0.8,False,False,False,invalid_node_reference
mistral-7b,14812601,field_match_compressed,False,False,False,0.8571428571428571,0.8,0.8,False,False,False,invalid_node_reference
mistral-7b,14812601,full,False,False,False,0.8571428571428571,0.8,0.8,False,False,False,invalid_node_reference
mistral-7b,14843258,audit_only,False,False,False,0.0,0.0,0.0,False,False,False,unknown_tool
mistral-7b,14843258,field_match,False,False,False,0.0,0.0,0.0,False,False,False,unknown_tool
mistral-7b,14843258,field_match_compressed,False,False,False,0.0,0.0,0.0,False,False,False,unknown_tool
mistral-7b,14843258,full,False,False,False,0.0,0.0,0.0,False,False,False,unknown_tool
mistral-7b,24209156,audit_only,False,False,False,0.5,0.0,0.0,False,False,False,unknown_tool
mistral-7b,24209156,field_match,False,False,False,0.5,0.0,0.0,False,False,False,unknown_tool
mistral-7b,24209156,field_match_compressed,False,False,False,0.5,0.0,0.0,False,False,False,unknown_tool
mistral-7b,24209156,full,False,False,False,0.5,0.0,0.0,False,False,False,unknown_tool
mistral-7b,75898302,audit_only,False,False,False,0.5,0.0,0.0,False,False,False,unknown_tool
mistral-7b,75898302,field_match,False,False,False,0.5,0.0,0.0,False,False,False,unknown_tool
mistral-7b,75898302,field_match_compressed,False,False,False,0.5,0.0,0.0,False,False,False,unknown_tool
mistral-7b,75898302,full,False,False,False,0.5,0.0,0.0,False,False,False,unknown_tool
mistral-7b,16947728,audit_only,False,False,False,0.75,0.6666666666666666,0.6666666666666666,False,False,False,unknown_tool
mistral-7b,16947728,field_match,False,False,False,0.75,0.6666666666666666,0.6666666666666666,False,False,False,unknown_tool
mistral-7b,16947728,field_match_compressed,False,False,False,0.75,0.6666666666666666,0.6666666666666666,False,False,False,unknown_tool
mistral-7b,16947728,full,False,False,False,0.75,0.6666666666666666,0.6666666666666666,False,False,False,unknown_tool
mistral-7b,34019840,audit_only,False,False,False,1.0,1.0,1.0,True,True,False,invalid_node_reference
mistral-7b,34019840,field_match,False,False,False,1.0,1.0,1.0,True,True,False,invalid_node_reference
mistral-7b,34019840,field_match_compressed,False,False,False,1.0,1.0,1.0,True,True,False,invalid_node_reference
mistral-7b,34019840,full,False,False,False,1.0,1.0,1.0,True,True,False,invalid_node_reference
mistral-7b,22818958,audit_only,False,False,False,0.2857142857142857,0.0,0.0,False,False,False,unknown_tool
mistral-7b,22818958,field_match,False,False,False,0.2857142857142857,0.0,0.0,False,False,False,unknown_tool
mistral-7b,22818958,field_match_compressed,False,False,False,0.2857142857142857,0.0,0.0,False,False,False,unknown_tool
mistral-7b,22818958,full,False,False,False,0.2857142857142857,0.0,0.0,False,False,False,unknown_tool
mistral-7b,15570196,audit_only,False,False,False,0.75,0.3333333333333333,0.3333333333333333,False,False,False,invalid_node_reference
mistral-7b,15570196,field_match,False,False,False,0.75,0.3333333333333333,0.3333333333333333,False,False,False,invalid_node_reference
mistral-7b,15570196,field_match_compressed,False,False,False,0.75,0.3333333333333333,0.3333333333333333,False,False,False,invalid_node_reference
mistral-7b,15570196,full,False,False,False,0.75,0.3333333333333333,0.3333333333333333,False,False,False,invalid_node_reference
mistral-7b,28299238,audit_only,True,True,False,0.6666666666666666,0.5,0.5,False,False,False,
mistral-7b,28299238,field_match,True,True,False,0.6666666666666666,0.5,0.5,False,False,False,
mistral-7b,28299238,field_match_compressed,True,True,False,0.6666666666666666,0.5,0.5,False,False,False,
mistral-7b,28299238,full,True,True,False,0.6666666666666666,0.5,0.5,False,False,False,
mistral-7b,12965513,audit_only,False,False,False,0.75,0.0,0.0,False,False,False,unsupported_embedded_reference
mistral-7b,12965513,field_match,False,False,False,0.75,0.0,0.0,False,False,False,unsupported_embedded_reference
mistral-7b,12965513,field_match_compressed,False,False,False,0.75,0.0,0.0,False,False,False,unsupported_embedded_reference
mistral-7b,12965513,full,False,False,False,0.75,0.0,0.0,False,False,False,unsupported_embedded_reference
mistral-7b,22714115,audit_only,False,False,False,0.2857142857142857,0.0,0.0,False,False,False,unknown_tool
mistral-7b,22714115,field_match,False,False,False,0.2857142857142857,0.0,0.0,False,False,False,unknown_tool
mistral-7b,22714115,field_match_compressed,False,False,False,0.2857142857142857,0.0,0.0,False,False,False,unknown_tool
mistral-7b,22714115,full,False,False,False,0.2857142857142857,0.0,0.0,False,False,False,unknown_tool
mistral-7b,51035809,audit_only,False,False,False,0.5,0.25,0.25,False,False,False,unknown_tool
mistral-7b,51035809,field_match,False,False,False,0.5,0.25,0.25,False,False,False,unknown_tool
mistral-7b,51035809,field_match_compressed,False,False,False,0.5,0.25,0.25,False,False,False,unknown_tool
mistral-7b,51035809,full,False,False,False,0.5,0.25,0.25,False,False,False,unknown_tool
mistral-7b,28779760,audit_only,False,False,False,0.2857142857142857,0.0,0.0,False,False,False,unknown_tool
mistral-7b,28779760,field_match,False,False,False,0.2857142857142857,0.0,0.0,False,False,False,unknown_tool
mistral-7b,28779760,field_match_compressed,False,False,False,0.2857142857142857,0.0,0.0,False,False,False,unknown_tool
mistral-7b,28779760,full,False,False,False,0.2857142857142857,0.0,0.0,False,False,False,unknown_tool
mistral-7b,11796569,audit_only,False,False,False,0.3333333333333333,0.0,0.0,False,False,False,unknown_tool
mistral-7b,11796569,field_match,False,False,False,0.3333333333333333,0.0,0.0,False,False,False,unknown_tool
mistral-7b,11796569,field_match_compressed,False,False,False,0.3333333333333333,0.0,0.0,False,False,False,unknown_tool
mistral-7b,11796569,full,False,False,False,0.3333333333333333,0.0,0.0,False,False,False,unknown_tool
mistral-7b,24043306,audit_only,True,True,True,0.5714285714285714,0.0,0.0,False,False,False,
mistral-7b,24043306,field_match,True,True,True,0.5714285714285714,0.0,0.0,False,False,False,
mistral-7b,24043306,field_match_compressed,True,True,True,0.5714285714285714,0.0,0.0,False,False,False,
mistral-7b,24043306,full,True,True,True,0.5714285714285714,0.0,0.0,False,False,False,
mistral-7b,15248928,audit_only,False,False,False,0.25,0.0,0.0,False,False,False,ambiguous_repeated_tool
mistral-7b,15248928,field_match,False,False,False,0.25,0.0,0.0,False,False,False,ambiguous_repeated_tool
mistral-7b,15248928,field_match_compressed,False,False,False,0.25,0.0,0.0,False,False,False,ambiguous_repeated_tool
mistral-7b,15248928,full,False,False,False,0.25,0.0,0.0,False,False,False,ambiguous_repeated_tool
mistral-7b,22497113,audit_only,False,False,False,0.6666666666666666,0.0,0.0,False,False,False,invalid_argument_container
mistral-7b,22497113,field_match,False,False,False,0.6666666666666666,0.0,0.0,False,False,False,invalid_argument_container
mistral-7b,22497113,field_match_compressed,False,False,False,0.6666666666666666,0.0,0.0,False,False,False,invalid_argument_container
mistral-7b,22497113,full,False,False,False,0.6666666666666666,0.0,0.0,False,False,False,invalid_argument_container
mistral-7b,25388828,audit_only,False,False,False,0.75,0.0,0.0,False,False,False,unknown_tool
mistral-7b,25388828,field_match,False,False,False,0.75,0.0,0.0,False,False,False,unknown_tool
mistral-7b,25388828,field_match_compressed,False,False,False,0.75,0.0,0.0,False,False,False,unknown_tool
mistral-7b,25388828,full,False,False,False,0.75,0.0,0.0,False,False,False,unknown_tool
mistral-7b,83169152,audit_only,False,False,False,0.75,0.6666666666666666,0.6666666666666666,False,False,False,invalid_node_reference
mistral-7b,83169152,field_match,False,False,False,0.75,0.6666666666666666,0.6666666666666666,False,False,False,invalid_node_reference
mistral-7b,83169152,field_match_compressed,False,False,False,0.75,0.6666666666666666,0.6666666666666666,False,False,False,invalid_node_reference
mistral-7b,83169152,full,False,False,False,0.75,0.6666666666666666,0.6666666666666666,False,False,False,invalid_node_reference
mistral-7b,23487584,audit_only,False,False,False,0.2222222222222222,0.0,0.0,False,False,False,invalid_node_reference
mistral-7b,23487584,field_match,False,False,False,0.2222222222222222,0.0,0.0,False,False,False,invalid_node_reference
mistral-7b,23487584,field_match_compressed,False,False,False,0.2222222222222222,0.0,0.0,False,False,False,invalid_node_reference
mistral-7b,23487584,full,False,False,False,0.2222222222222222,0.0,0.0,False,False,False,invalid_node_reference
mistral-7b,32408965,audit_only,False,False,False,0.8,0.0,0.0,False,False,False,empty_arguments
mistral-7b,32408965,field_match,False,False,False,0.8,0.0,0.0,False,False,False,empty_arguments
mistral-7b,32408965,field_match_compressed,False,False,False,0.8,0.0,0.0,False,False,False,empty_arguments
mistral-7b,32408965,full,False,False,False,0.8,0.0,0.0,False,False,False,empty_arguments
mistral-7b,88745378,audit_only,False,False,False,0.4444444444444444,0.0,0.0,False,False,False,invalid_node_reference
mistral-7b,88745378,field_match,False,False,False,0.4444444444444444,0.0,0.0,False,False,False,invalid_node_reference
mistral-7b,88745378,field_match_compressed,False,False,False,0.4444444444444444,0.0,0.0,False,False,False,invalid_node_reference
mistral-7b,88745378,full,False,False,False,0.4444444444444444,0.0,0.0,False,False,False,invalid_node_reference
mistral-7b,13836608,audit_only,False,False,False,0.75,0.3333333333333333,0.3333333333333333,False,False,False,unknown_tool
mistral-7b,13836608,field_match,False,False,False,0.75,0.3333333333333333,0.3333333333333333,False,False,False,unknown_tool
mistral-7b,13836608,field_match_compressed,False,False,False,0.75,0.3333333333333333,0.3333333333333333,False,False,False,unknown_tool
mistral-7b,13836608,full,False,False,False,0.75,0.3333333333333333,0.3333333333333333,False,False,False,unknown_tool
mistral-7b,12727096,audit_only,True,False,False,1.0,1.0,1.0,True,True,False,
mistral-7b,12727096,field_match,True,True,False,1.0,1.0,0.0,True,False,True,
mistral-7b,12727096,field_match_compressed,True,True,False,1.0,1.0,0.0,True,False,True,
mistral-7b,12727096,full,True,True,False,1.0,1.0,0.0,True,False,True,
mistral-7b,17171654,audit_only,False,False,False,0.2222222222222222,0.0,0.0,False,False,False,unknown_tool
mistral-7b,17171654,field_match,False,False,False,0.2222222222222222,0.0,0.0,False,False,False,unknown_tool
mistral-7b,17171654,field_match_compressed,False,False,False,0.2222222222222222,0.0,0.0,False,False,False,unknown_tool
mistral-7b,17171654,full,False,False,False,0.2222222222222222,0.0,0.0,False,False,False,unknown_tool
mistral-7b,19431208,audit_only,False,False,False,0.25,0.0,0.0,False,False,False,unknown_tool
mistral-7b,19431208,field_match,False,False,False,0.25,0.0,0.0,False,False,False,unknown_tool
mistral-7b,19431208,field_match_compressed,False,False,False,0.25,0.0,0.0,False,False,False,unknown_tool
mistral-7b,19431208,full,False,False,False,0.25,0.0,0.0,False,False,False,unknown_tool
mistral-7b,80969124,audit_only,False,False,False,0.75,0.2857142857142857,0.2857142857142857,False,False,False,unknown_tool
mistral-7b,80969124,field_match,False,False,False,0.75,0.2857142857142857,0.2857142857142857,False,False,False,unknown_tool
mistral-7b,80969124,field_match_compressed,False,False,False,0.75,0.2857142857142857,0.2857142857142857,False,False,False,unknown_tool
mistral-7b,80969124,full,False,False,False,0.75,0.2857142857142857,0.2857142857142857,False,False,False,unknown_tool
mistral-7b,13628804,audit_only,True,True,False,0.3333333333333333,0.0,0.0,False,False,False,
mistral-7b,13628804,field_match,True,True,False,0.3333333333333333,0.0,0.0,False,False,False,
mistral-7b,13628804,field_match_compressed,True,True,False,0.3333333333333333,0.0,0.0,False,False,False,
mistral-7b,13628804,full,True,True,False,0.3333333333333333,0.0,0.0,False,False,False,
mistral-7b,77178034,audit_only,False,False,False,0.6666666666666666,0.5,0.5,False,False,False,unknown_tool
mistral-7b,77178034,field_match,False,False,False,0.6666666666666666,0.5,0.5,False,False,False,unknown_tool
mistral-7b,77178034,field_match_compressed,False,False,False,0.6666666666666666,0.5,0.5,False,False,False,unknown_tool
mistral-7b,77178034,full,False,False,False,0.6666666666666666,0.5,0.5,False,False,False,unknown_tool
mistral-7b,29339418,audit_only,False,False,False,0.5714285714285714,0.4,0.4,False,False,False,unknown_tool
mistral-7b,29339418,field_match,False,False,False,0.5714285714285714,0.4,0.4,False,False,False,unknown_tool
mistral-7b,29339418,field_match_compressed,False,False,False,0.5714285714285714,0.4,0.4,False,False,False,unknown_tool
mistral-7b,29339418,full,False,False,False,0.5714285714285714,0.4,0.4,False,False,False,unknown_tool
mistral-7b,26165291,audit_only,True,True,False,0.8571428571428571,0.0,0.0,False,False,False,
mistral-7b,26165291,field_match,True,True,False,0.8571428571428571,0.0,0.0,False,False,False,
mistral-7b,26165291,field_match_compressed,True,True,False,0.8571428571428571,0.0,0.0,False,False,False,
mistral-7b,26165291,full,True,True,False,0.8571428571428571,0.0,0.0,False,False,False,
mistral-7b,10645050,audit_only,False,False,False,0.0,0.0,0.0,False,False,False,unknown_tool
mistral-7b,10645050,field_match,False,False,False,0.0,0.0,0.0,False,False,False,unknown_tool
mistral-7b,10645050,field_match_compressed,False,False,False,0.0,0.0,0.0,False,False,False,unknown_tool
mistral-7b,10645050,full,False,False,False,0.0,0.0,0.0,False,False,False,unknown_tool
mistral-7b,15905758,audit_only,False,False,False,0.6153846153846154,0.46153846153846156,0.46153846153846156,False,False,False,unknown_tool
mistral-7b,15905758,field_match,False,False,False,0.6153846153846154,0.46153846153846156,0.46153846153846156,False,False,False,unknown_tool
mistral-7b,15905758,field_match_compressed,False,False,False,0.6153846153846154,0.46153846153846156,0.46153846153846156,False,False,False,unknown_tool
mistral-7b,15905758,full,False,False,False,0.6153846153846154,0.46153846153846156,0.46153846153846156,False,False,False,unknown_tool
mistral-7b,17599418,audit_only,False,False,False,1.0,1.0,1.0,True,True,False,empty_arguments
mistral-7b,17599418,field_match,False,False,False,1.0,1.0,1.0,True,True,False,empty_arguments
mistral-7b,17599418,field_match_compressed,False,False,False,1.0,1.0,1.0,True,True,False,empty_arguments
mistral-7b,17599418,full,False,False,False,1.0,1.0,1.0,True,True,False,empty_arguments
mistral-7b,19883319,audit_only,False,False,False,0.2857142857142857,0.0,0.0,False,False,False,unknown_tool
mistral-7b,19883319,field_match,False,False,False,0.2857142857142857,0.0,0.0,False,False,False,unknown_tool
mistral-7b,19883319,field_match_compressed,False,False,False,0.2857142857142857,0.0,0.0,False,False,False,unknown_tool
mistral-7b,19883319,full,False,False,False,0.2857142857142857,0.0,0.0,False,False,False,unknown_tool
mistral-7b,24217351,audit_only,False,False,False,0.2857142857142857,0.0,0.0,False,False,False,unknown_tool
mistral-7b,24217351,field_match,False,False,False,0.2857142857142857,0.0,0.0,False,False,False,unknown_tool
mistral-7b,24217351,field_match_compressed,False,False,False,0.2857142857142857,0.0,0.0,False,False,False,unknown_tool
mistral-7b,24217351,full,False,False,False,0.2857142857142857,0.0,0.0,False,False,False,unknown_tool
mistral-7b,22866013,audit_only,False,False,False,0.6666666666666666,0.0,0.0,False,False,False,invalid_argument_container
mistral-7b,22866013,field_match,False,False,False,0.6666666666666666,0.0,0.0,False,False,False,invalid_argument_container
mistral-7b,22866013,field_match_compressed,False,False,False,0.6666666666666666,0.0,0.0,False,False,False,invalid_argument_container
mistral-7b,22866013,full,False,False,False,0.6666666666666666,0.0,0.0,False,False,False,invalid_argument_container
